7/12/2025, 10:28:29 PM GMT+3 [Modules] Modules initializing
7/12/2025, 10:28:29 PM GMT+3 [Modules] Distribution: remote
7/12/2025, 10:28:29 PM GMT+3 [Modules] Host updates: enabled
7/12/2025, 10:28:29 PM GMT+3 [Modules] Module updates: enabled
7/12/2025, 10:28:29 PM GMT+3 [Modules] Module install path: /home/dmtr/.config/discord/0.0.101/modules
7/12/2025, 10:28:29 PM GMT+3 [Modules] Module installed file path: /home/dmtr/.config/discord/0.0.101/modules/installed.json
7/12/2025, 10:28:29 PM GMT+3 [Modules] Module download path: /home/dmtr/.config/discord/0.0.101/modules/pending
7/12/2025, 10:28:30 PM GMT+3 [Modules] Bootstrapping...
7/12/2025, 10:28:30 PM GMT+3 [Modules] Installing discord_desktop_core@0 from /opt/discord/resources/bootstrap/discord_desktop_core.zip
7/12/2025, 10:28:30 PM GMT+3 [Modules] Failed installing discord_desktop_core@0: Error: ENOENT: no such file or directory, open '/opt/discord/resources/bootstrap/discord_desktop_core.zip'
7/12/2025, 10:28:30 PM GMT+3 [Modules] Installing discord_erlpack@0 from /opt/discord/resources/bootstrap/discord_erlpack.zip
7/12/2025, 10:28:30 PM GMT+3 [Modules] Failed installing discord_erlpack@0: Error: ENOENT: no such file or directory, open '/opt/discord/resources/bootstrap/discord_erlpack.zip'
7/12/2025, 10:28:30 PM GMT+3 [Modules] Installing discord_spellcheck@0 from /opt/discord/resources/bootstrap/discord_spellcheck.zip
7/12/2025, 10:28:30 PM GMT+3 [Modules] Failed installing discord_spellcheck@0: Error: ENOENT: no such file or directory, open '/opt/discord/resources/bootstrap/discord_spellcheck.zip'
7/12/2025, 10:28:30 PM GMT+3 [Modules] Installing discord_utils@0 from /opt/discord/resources/bootstrap/discord_utils.zip
7/12/2025, 10:28:30 PM GMT+3 [Modules] Failed installing discord_utils@0: Error: ENOENT: no such file or directory, open '/opt/discord/resources/bootstrap/discord_utils.zip'
7/12/2025, 10:28:30 PM GMT+3 [Modules] Installing discord_voice@0 from /opt/discord/resources/bootstrap/discord_voice.zip
7/12/2025, 10:28:30 PM GMT+3 [Modules] Failed installing discord_voice@0: Error: ENOENT: no such file or directory, open '/opt/discord/resources/bootstrap/discord_voice.zip'
7/12/2025, 10:28:30 PM GMT+3 [Modules] Installing discord_zstd@0 from /opt/discord/resources/bootstrap/discord_zstd.zip
7/12/2025, 10:28:30 PM GMT+3 [Modules] Failed installing discord_zstd@0: Error: ENOENT: no such file or directory, open '/opt/discord/resources/bootstrap/discord_zstd.zip'
7/12/2025, 10:28:30 PM GMT+3 [Modules] Finished module installations. [success: 0] [failure: 6]
7/12/2025, 10:28:30 PM GMT+3 [Modules] Checking for host updates.
7/12/2025, 10:28:30 PM GMT+3 [Modules] Host is up to date.
7/12/2025, 10:28:30 PM GMT+3 [Modules] Checking for module updates at https://discord.com/api/modules/stable/versions.json
7/12/2025, 10:28:30 PM GMT+3 [Modules] Module update available: discord_desktop_core@1 [installed: 0]
7/12/2025, 10:28:30 PM GMT+3 [Modules] Module update available: discord_erlpack@1 [installed: 0]
7/12/2025, 10:28:30 PM GMT+3 [Modules] Module update available: discord_spellcheck@1 [installed: 0]
7/12/2025, 10:28:30 PM GMT+3 [Modules] Module update available: discord_utils@1 [installed: 0]
7/12/2025, 10:28:30 PM GMT+3 [Modules] Module update available: discord_voice@1 [installed: 0]
7/12/2025, 10:28:30 PM GMT+3 [Modules] Module update available: discord_zstd@1 [installed: 0]
7/12/2025, 10:28:30 PM GMT+3 [Modules] Fetching discord_desktop_core@1 from https://discord.com/api/modules/stable/discord_desktop_core/1
7/12/2025, 10:28:30 PM GMT+3 [Modules] Streaming discord_desktop_core@1 to /home/dmtr/.config/discord/0.0.101/modules/pending/discord_desktop_core-1.zip
7/12/2025, 10:28:30 PM GMT+3 [Modules] Streaming discord_desktop_core@1 to /home/dmtr/.config/discord/0.0.101/modules/pending/discord_desktop_core-1.zip: 1%
7/12/2025, 10:28:30 PM GMT+3 [Modules] Streaming discord_desktop_core@1 to /home/dmtr/.config/discord/0.0.101/modules/pending/discord_desktop_core-1.zip: 2%
7/12/2025, 10:28:30 PM GMT+3 [Modules] Streaming discord_desktop_core@1 to /home/dmtr/.config/discord/0.0.101/modules/pending/discord_desktop_core-1.zip: 3%
7/12/2025, 10:28:30 PM GMT+3 [Modules] Streaming discord_desktop_core@1 to /home/dmtr/.config/discord/0.0.101/modules/pending/discord_desktop_core-1.zip: 4%
7/12/2025, 10:28:30 PM GMT+3 [Modules] Streaming discord_desktop_core@1 to /home/dmtr/.config/discord/0.0.101/modules/pending/discord_desktop_core-1.zip: 5%
7/12/2025, 10:28:30 PM GMT+3 [Modules] Streaming discord_desktop_core@1 to /home/dmtr/.config/discord/0.0.101/modules/pending/discord_desktop_core-1.zip: 6%
7/12/2025, 10:28:30 PM GMT+3 [Modules] Streaming discord_desktop_core@1 to /home/dmtr/.config/discord/0.0.101/modules/pending/discord_desktop_core-1.zip: 7%
7/12/2025, 10:28:30 PM GMT+3 [Modules] Streaming discord_desktop_core@1 to /home/dmtr/.config/discord/0.0.101/modules/pending/discord_desktop_core-1.zip: 8%
7/12/2025, 10:28:30 PM GMT+3 [Modules] Streaming discord_desktop_core@1 to /home/dmtr/.config/discord/0.0.101/modules/pending/discord_desktop_core-1.zip: 9%
7/12/2025, 10:28:30 PM GMT+3 [Modules] Streaming discord_desktop_core@1 to /home/dmtr/.config/discord/0.0.101/modules/pending/discord_desktop_core-1.zip: 10%
7/12/2025, 10:28:30 PM GMT+3 [Modules] Streaming discord_desktop_core@1 to /home/dmtr/.config/discord/0.0.101/modules/pending/discord_desktop_core-1.zip: 11%
7/12/2025, 10:28:30 PM GMT+3 [Modules] Streaming discord_desktop_core@1 to /home/dmtr/.config/discord/0.0.101/modules/pending/discord_desktop_core-1.zip: 12%
7/12/2025, 10:28:30 PM GMT+3 [Modules] Streaming discord_desktop_core@1 to /home/dmtr/.config/discord/0.0.101/modules/pending/discord_desktop_core-1.zip: 13%
7/12/2025, 10:28:30 PM GMT+3 [Modules] Streaming discord_desktop_core@1 to /home/dmtr/.config/discord/0.0.101/modules/pending/discord_desktop_core-1.zip: 16%
7/12/2025, 10:28:30 PM GMT+3 [Modules] Streaming discord_desktop_core@1 to /home/dmtr/.config/discord/0.0.101/modules/pending/discord_desktop_core-1.zip: 17%
7/12/2025, 10:28:30 PM GMT+3 [Modules] Streaming discord_desktop_core@1 to /home/dmtr/.config/discord/0.0.101/modules/pending/discord_desktop_core-1.zip: 20%
7/12/2025, 10:28:31 PM GMT+3 [Modules] Streaming discord_desktop_core@1 to /home/dmtr/.config/discord/0.0.101/modules/pending/discord_desktop_core-1.zip: 23%
7/12/2025, 10:28:31 PM GMT+3 [Modules] Streaming discord_desktop_core@1 to /home/dmtr/.config/discord/0.0.101/modules/pending/discord_desktop_core-1.zip: 29%
7/12/2025, 10:28:31 PM GMT+3 [Modules] Streaming discord_desktop_core@1 to /home/dmtr/.config/discord/0.0.101/modules/pending/discord_desktop_core-1.zip: 31%
7/12/2025, 10:28:31 PM GMT+3 [Modules] Streaming discord_desktop_core@1 to /home/dmtr/.config/discord/0.0.101/modules/pending/discord_desktop_core-1.zip: 33%
7/12/2025, 10:28:31 PM GMT+3 [Modules] Streaming discord_desktop_core@1 to /home/dmtr/.config/discord/0.0.101/modules/pending/discord_desktop_core-1.zip: 36%
7/12/2025, 10:28:31 PM GMT+3 [Modules] Streaming discord_desktop_core@1 to /home/dmtr/.config/discord/0.0.101/modules/pending/discord_desktop_core-1.zip: 39%
7/12/2025, 10:28:31 PM GMT+3 [Modules] Streaming discord_desktop_core@1 to /home/dmtr/.config/discord/0.0.101/modules/pending/discord_desktop_core-1.zip: 40%
7/12/2025, 10:28:31 PM GMT+3 [Modules] Streaming discord_desktop_core@1 to /home/dmtr/.config/discord/0.0.101/modules/pending/discord_desktop_core-1.zip: 43%
7/12/2025, 10:28:31 PM GMT+3 [Modules] Streaming discord_desktop_core@1 to /home/dmtr/.config/discord/0.0.101/modules/pending/discord_desktop_core-1.zip: 47%
7/12/2025, 10:28:31 PM GMT+3 [Modules] Streaming discord_desktop_core@1 to /home/dmtr/.config/discord/0.0.101/modules/pending/discord_desktop_core-1.zip: 52%
7/12/2025, 10:28:31 PM GMT+3 [Modules] Streaming discord_desktop_core@1 to /home/dmtr/.config/discord/0.0.101/modules/pending/discord_desktop_core-1.zip: 53%
7/12/2025, 10:28:31 PM GMT+3 [Modules] Streaming discord_desktop_core@1 to /home/dmtr/.config/discord/0.0.101/modules/pending/discord_desktop_core-1.zip: 56%
7/12/2025, 10:28:31 PM GMT+3 [Modules] Streaming discord_desktop_core@1 to /home/dmtr/.config/discord/0.0.101/modules/pending/discord_desktop_core-1.zip: 59%
7/12/2025, 10:28:31 PM GMT+3 [Modules] Streaming discord_desktop_core@1 to /home/dmtr/.config/discord/0.0.101/modules/pending/discord_desktop_core-1.zip: 64%
7/12/2025, 10:28:31 PM GMT+3 [Modules] Streaming discord_desktop_core@1 to /home/dmtr/.config/discord/0.0.101/modules/pending/discord_desktop_core-1.zip: 68%
7/12/2025, 10:28:31 PM GMT+3 [Modules] Streaming discord_desktop_core@1 to /home/dmtr/.config/discord/0.0.101/modules/pending/discord_desktop_core-1.zip: 70%
7/12/2025, 10:28:31 PM GMT+3 [Modules] Streaming discord_desktop_core@1 to /home/dmtr/.config/discord/0.0.101/modules/pending/discord_desktop_core-1.zip: 79%
7/12/2025, 10:28:31 PM GMT+3 [Modules] Streaming discord_desktop_core@1 to /home/dmtr/.config/discord/0.0.101/modules/pending/discord_desktop_core-1.zip: 83%
7/12/2025, 10:28:31 PM GMT+3 [Modules] Streaming discord_desktop_core@1 to /home/dmtr/.config/discord/0.0.101/modules/pending/discord_desktop_core-1.zip: 90%
7/12/2025, 10:28:31 PM GMT+3 [Modules] Streaming discord_desktop_core@1 to /home/dmtr/.config/discord/0.0.101/modules/pending/discord_desktop_core-1.zip: 91%
7/12/2025, 10:28:31 PM GMT+3 [Modules] Streaming discord_desktop_core@1 to /home/dmtr/.config/discord/0.0.101/modules/pending/discord_desktop_core-1.zip: 100%
7/12/2025, 10:28:31 PM GMT+3 [Modules] Fetching discord_erlpack@1 from https://discord.com/api/modules/stable/discord_erlpack/1
7/12/2025, 10:28:31 PM GMT+3 [Modules] Streaming discord_erlpack@1 to /home/dmtr/.config/discord/0.0.101/modules/pending/discord_erlpack-1.zip
7/12/2025, 10:28:32 PM GMT+3 [Modules] Streaming discord_erlpack@1 to /home/dmtr/.config/discord/0.0.101/modules/pending/discord_erlpack-1.zip: 6%
7/12/2025, 10:28:32 PM GMT+3 [Modules] Streaming discord_erlpack@1 to /home/dmtr/.config/discord/0.0.101/modules/pending/discord_erlpack-1.zip: 19%
7/12/2025, 10:28:32 PM GMT+3 [Modules] Streaming discord_erlpack@1 to /home/dmtr/.config/discord/0.0.101/modules/pending/discord_erlpack-1.zip: 40%
7/12/2025, 10:28:32 PM GMT+3 [Modules] Streaming discord_erlpack@1 to /home/dmtr/.config/discord/0.0.101/modules/pending/discord_erlpack-1.zip: 60%
7/12/2025, 10:28:32 PM GMT+3 [Modules] Streaming discord_erlpack@1 to /home/dmtr/.config/discord/0.0.101/modules/pending/discord_erlpack-1.zip: 77%
7/12/2025, 10:28:32 PM GMT+3 [Modules] Streaming discord_erlpack@1 to /home/dmtr/.config/discord/0.0.101/modules/pending/discord_erlpack-1.zip: 93%
7/12/2025, 10:28:32 PM GMT+3 [Modules] Streaming discord_erlpack@1 to /home/dmtr/.config/discord/0.0.101/modules/pending/discord_erlpack-1.zip: 97%
7/12/2025, 10:28:32 PM GMT+3 [Modules] Streaming discord_erlpack@1 to /home/dmtr/.config/discord/0.0.101/modules/pending/discord_erlpack-1.zip: 98%
7/12/2025, 10:28:32 PM GMT+3 [Modules] Streaming discord_erlpack@1 to /home/dmtr/.config/discord/0.0.101/modules/pending/discord_erlpack-1.zip: 99%
7/12/2025, 10:28:32 PM GMT+3 [Modules] Streaming discord_erlpack@1 to /home/dmtr/.config/discord/0.0.101/modules/pending/discord_erlpack-1.zip: 100%
7/12/2025, 10:28:32 PM GMT+3 [Modules] Fetching discord_spellcheck@1 from https://discord.com/api/modules/stable/discord_spellcheck/1
7/12/2025, 10:28:32 PM GMT+3 [Modules] Streaming discord_spellcheck@1 to /home/dmtr/.config/discord/0.0.101/modules/pending/discord_spellcheck-1.zip
7/12/2025, 10:28:32 PM GMT+3 [Modules] Streaming discord_spellcheck@1 to /home/dmtr/.config/discord/0.0.101/modules/pending/discord_spellcheck-1.zip: 1%
7/12/2025, 10:28:32 PM GMT+3 [Modules] Streaming discord_spellcheck@1 to /home/dmtr/.config/discord/0.0.101/modules/pending/discord_spellcheck-1.zip: 2%
7/12/2025, 10:28:32 PM GMT+3 [Modules] Streaming discord_spellcheck@1 to /home/dmtr/.config/discord/0.0.101/modules/pending/discord_spellcheck-1.zip: 3%
7/12/2025, 10:28:32 PM GMT+3 [Modules] Streaming discord_spellcheck@1 to /home/dmtr/.config/discord/0.0.101/modules/pending/discord_spellcheck-1.zip: 4%
7/12/2025, 10:28:32 PM GMT+3 [Modules] Streaming discord_spellcheck@1 to /home/dmtr/.config/discord/0.0.101/modules/pending/discord_spellcheck-1.zip: 5%
7/12/2025, 10:28:33 PM GMT+3 [Modules] Streaming discord_spellcheck@1 to /home/dmtr/.config/discord/0.0.101/modules/pending/discord_spellcheck-1.zip: 6%
7/12/2025, 10:28:33 PM GMT+3 [Modules] Streaming discord_spellcheck@1 to /home/dmtr/.config/discord/0.0.101/modules/pending/discord_spellcheck-1.zip: 7%
7/12/2025, 10:28:33 PM GMT+3 [Modules] Streaming discord_spellcheck@1 to /home/dmtr/.config/discord/0.0.101/modules/pending/discord_spellcheck-1.zip: 8%
7/12/2025, 10:28:33 PM GMT+3 [Modules] Streaming discord_spellcheck@1 to /home/dmtr/.config/discord/0.0.101/modules/pending/discord_spellcheck-1.zip: 9%
7/12/2025, 10:28:33 PM GMT+3 [Modules] Streaming discord_spellcheck@1 to /home/dmtr/.config/discord/0.0.101/modules/pending/discord_spellcheck-1.zip: 10%
7/12/2025, 10:28:33 PM GMT+3 [Modules] Streaming discord_spellcheck@1 to /home/dmtr/.config/discord/0.0.101/modules/pending/discord_spellcheck-1.zip: 11%
7/12/2025, 10:28:33 PM GMT+3 [Modules] Streaming discord_spellcheck@1 to /home/dmtr/.config/discord/0.0.101/modules/pending/discord_spellcheck-1.zip: 12%
7/12/2025, 10:28:33 PM GMT+3 [Modules] Streaming discord_spellcheck@1 to /home/dmtr/.config/discord/0.0.101/modules/pending/discord_spellcheck-1.zip: 13%
7/12/2025, 10:28:33 PM GMT+3 [Modules] Streaming discord_spellcheck@1 to /home/dmtr/.config/discord/0.0.101/modules/pending/discord_spellcheck-1.zip: 14%
7/12/2025, 10:28:33 PM GMT+3 [Modules] Streaming discord_spellcheck@1 to /home/dmtr/.config/discord/0.0.101/modules/pending/discord_spellcheck-1.zip: 15%
7/12/2025, 10:28:33 PM GMT+3 [Modules] Streaming discord_spellcheck@1 to /home/dmtr/.config/discord/0.0.101/modules/pending/discord_spellcheck-1.zip: 16%
7/12/2025, 10:28:33 PM GMT+3 [Modules] Streaming discord_spellcheck@1 to /home/dmtr/.config/discord/0.0.101/modules/pending/discord_spellcheck-1.zip: 17%
7/12/2025, 10:28:33 PM GMT+3 [Modules] Streaming discord_spellcheck@1 to /home/dmtr/.config/discord/0.0.101/modules/pending/discord_spellcheck-1.zip: 18%
7/12/2025, 10:28:33 PM GMT+3 [Modules] Streaming discord_spellcheck@1 to /home/dmtr/.config/discord/0.0.101/modules/pending/discord_spellcheck-1.zip: 20%
7/12/2025, 10:28:33 PM GMT+3 [Modules] Streaming discord_spellcheck@1 to /home/dmtr/.config/discord/0.0.101/modules/pending/discord_spellcheck-1.zip: 21%
7/12/2025, 10:28:33 PM GMT+3 [Modules] Streaming discord_spellcheck@1 to /home/dmtr/.config/discord/0.0.101/modules/pending/discord_spellcheck-1.zip: 22%
7/12/2025, 10:28:33 PM GMT+3 [Modules] Streaming discord_spellcheck@1 to /home/dmtr/.config/discord/0.0.101/modules/pending/discord_spellcheck-1.zip: 23%
7/12/2025, 10:28:33 PM GMT+3 [Modules] Streaming discord_spellcheck@1 to /home/dmtr/.config/discord/0.0.101/modules/pending/discord_spellcheck-1.zip: 24%
7/12/2025, 10:28:33 PM GMT+3 [Modules] Streaming discord_spellcheck@1 to /home/dmtr/.config/discord/0.0.101/modules/pending/discord_spellcheck-1.zip: 26%
7/12/2025, 10:28:33 PM GMT+3 [Modules] Streaming discord_spellcheck@1 to /home/dmtr/.config/discord/0.0.101/modules/pending/discord_spellcheck-1.zip: 27%
7/12/2025, 10:28:33 PM GMT+3 [Modules] Streaming discord_spellcheck@1 to /home/dmtr/.config/discord/0.0.101/modules/pending/discord_spellcheck-1.zip: 28%
7/12/2025, 10:28:33 PM GMT+3 [Modules] Streaming discord_spellcheck@1 to /home/dmtr/.config/discord/0.0.101/modules/pending/discord_spellcheck-1.zip: 29%
7/12/2025, 10:28:33 PM GMT+3 [Modules] Streaming discord_spellcheck@1 to /home/dmtr/.config/discord/0.0.101/modules/pending/discord_spellcheck-1.zip: 31%
7/12/2025, 10:28:33 PM GMT+3 [Modules] Streaming discord_spellcheck@1 to /home/dmtr/.config/discord/0.0.101/modules/pending/discord_spellcheck-1.zip: 32%
7/12/2025, 10:28:33 PM GMT+3 [Modules] Streaming discord_spellcheck@1 to /home/dmtr/.config/discord/0.0.101/modules/pending/discord_spellcheck-1.zip: 35%
7/12/2025, 10:28:33 PM GMT+3 [Modules] Streaming discord_spellcheck@1 to /home/dmtr/.config/discord/0.0.101/modules/pending/discord_spellcheck-1.zip: 36%
7/12/2025, 10:28:33 PM GMT+3 [Modules] Streaming discord_spellcheck@1 to /home/dmtr/.config/discord/0.0.101/modules/pending/discord_spellcheck-1.zip: 39%
7/12/2025, 10:28:33 PM GMT+3 [Modules] Streaming discord_spellcheck@1 to /home/dmtr/.config/discord/0.0.101/modules/pending/discord_spellcheck-1.zip: 41%
7/12/2025, 10:28:33 PM GMT+3 [Modules] Streaming discord_spellcheck@1 to /home/dmtr/.config/discord/0.0.101/modules/pending/discord_spellcheck-1.zip: 45%
7/12/2025, 10:28:33 PM GMT+3 [Modules] Streaming discord_spellcheck@1 to /home/dmtr/.config/discord/0.0.101/modules/pending/discord_spellcheck-1.zip: 46%
7/12/2025, 10:28:33 PM GMT+3 [Modules] Streaming discord_spellcheck@1 to /home/dmtr/.config/discord/0.0.101/modules/pending/discord_spellcheck-1.zip: 47%
7/12/2025, 10:28:33 PM GMT+3 [Modules] Streaming discord_spellcheck@1 to /home/dmtr/.config/discord/0.0.101/modules/pending/discord_spellcheck-1.zip: 49%
7/12/2025, 10:28:33 PM GMT+3 [Modules] Streaming discord_spellcheck@1 to /home/dmtr/.config/discord/0.0.101/modules/pending/discord_spellcheck-1.zip: 54%
7/12/2025, 10:28:33 PM GMT+3 [Modules] Streaming discord_spellcheck@1 to /home/dmtr/.config/discord/0.0.101/modules/pending/discord_spellcheck-1.zip: 62%
7/12/2025, 10:28:33 PM GMT+3 [Modules] Streaming discord_spellcheck@1 to /home/dmtr/.config/discord/0.0.101/modules/pending/discord_spellcheck-1.zip: 63%
7/12/2025, 10:28:33 PM GMT+3 [Modules] Streaming discord_spellcheck@1 to /home/dmtr/.config/discord/0.0.101/modules/pending/discord_spellcheck-1.zip: 64%
7/12/2025, 10:28:33 PM GMT+3 [Modules] Streaming discord_spellcheck@1 to /home/dmtr/.config/discord/0.0.101/modules/pending/discord_spellcheck-1.zip: 65%
7/12/2025, 10:28:33 PM GMT+3 [Modules] Streaming discord_spellcheck@1 to /home/dmtr/.config/discord/0.0.101/modules/pending/discord_spellcheck-1.zip: 68%
7/12/2025, 10:28:33 PM GMT+3 [Modules] Streaming discord_spellcheck@1 to /home/dmtr/.config/discord/0.0.101/modules/pending/discord_spellcheck-1.zip: 70%
7/12/2025, 10:28:33 PM GMT+3 [Modules] Streaming discord_spellcheck@1 to /home/dmtr/.config/discord/0.0.101/modules/pending/discord_spellcheck-1.zip: 73%
7/12/2025, 10:28:33 PM GMT+3 [Modules] Streaming discord_spellcheck@1 to /home/dmtr/.config/discord/0.0.101/modules/pending/discord_spellcheck-1.zip: 74%
7/12/2025, 10:28:33 PM GMT+3 [Modules] Streaming discord_spellcheck@1 to /home/dmtr/.config/discord/0.0.101/modules/pending/discord_spellcheck-1.zip: 75%
7/12/2025, 10:28:33 PM GMT+3 [Modules] Streaming discord_spellcheck@1 to /home/dmtr/.config/discord/0.0.101/modules/pending/discord_spellcheck-1.zip: 76%
7/12/2025, 10:28:33 PM GMT+3 [Modules] Streaming discord_spellcheck@1 to /home/dmtr/.config/discord/0.0.101/modules/pending/discord_spellcheck-1.zip: 78%
7/12/2025, 10:28:33 PM GMT+3 [Modules] Streaming discord_spellcheck@1 to /home/dmtr/.config/discord/0.0.101/modules/pending/discord_spellcheck-1.zip: 82%
7/12/2025, 10:28:33 PM GMT+3 [Modules] Streaming discord_spellcheck@1 to /home/dmtr/.config/discord/0.0.101/modules/pending/discord_spellcheck-1.zip: 83%
7/12/2025, 10:28:33 PM GMT+3 [Modules] Streaming discord_spellcheck@1 to /home/dmtr/.config/discord/0.0.101/modules/pending/discord_spellcheck-1.zip: 84%
7/12/2025, 10:28:33 PM GMT+3 [Modules] Streaming discord_spellcheck@1 to /home/dmtr/.config/discord/0.0.101/modules/pending/discord_spellcheck-1.zip: 85%
7/12/2025, 10:28:33 PM GMT+3 [Modules] Streaming discord_spellcheck@1 to /home/dmtr/.config/discord/0.0.101/modules/pending/discord_spellcheck-1.zip: 86%
7/12/2025, 10:28:33 PM GMT+3 [Modules] Streaming discord_spellcheck@1 to /home/dmtr/.config/discord/0.0.101/modules/pending/discord_spellcheck-1.zip: 88%
7/12/2025, 10:28:33 PM GMT+3 [Modules] Streaming discord_spellcheck@1 to /home/dmtr/.config/discord/0.0.101/modules/pending/discord_spellcheck-1.zip: 89%
7/12/2025, 10:28:33 PM GMT+3 [Modules] Streaming discord_spellcheck@1 to /home/dmtr/.config/discord/0.0.101/modules/pending/discord_spellcheck-1.zip: 90%
7/12/2025, 10:28:33 PM GMT+3 [Modules] Streaming discord_spellcheck@1 to /home/dmtr/.config/discord/0.0.101/modules/pending/discord_spellcheck-1.zip: 91%
7/12/2025, 10:28:33 PM GMT+3 [Modules] Streaming discord_spellcheck@1 to /home/dmtr/.config/discord/0.0.101/modules/pending/discord_spellcheck-1.zip: 95%
7/12/2025, 10:28:33 PM GMT+3 [Modules] Streaming discord_spellcheck@1 to /home/dmtr/.config/discord/0.0.101/modules/pending/discord_spellcheck-1.zip: 98%
7/12/2025, 10:28:33 PM GMT+3 [Modules] Streaming discord_spellcheck@1 to /home/dmtr/.config/discord/0.0.101/modules/pending/discord_spellcheck-1.zip: 100%
7/12/2025, 10:28:33 PM GMT+3 [Modules] Fetching discord_utils@1 from https://discord.com/api/modules/stable/discord_utils/1
7/12/2025, 10:28:33 PM GMT+3 [Modules] Streaming discord_utils@1 to /home/dmtr/.config/discord/0.0.101/modules/pending/discord_utils-1.zip
7/12/2025, 10:28:34 PM GMT+3 [Modules] Streaming discord_utils@1 to /home/dmtr/.config/discord/0.0.101/modules/pending/discord_utils-1.zip: 1%
7/12/2025, 10:28:34 PM GMT+3 [Modules] Streaming discord_utils@1 to /home/dmtr/.config/discord/0.0.101/modules/pending/discord_utils-1.zip: 3%
7/12/2025, 10:28:34 PM GMT+3 [Modules] Streaming discord_utils@1 to /home/dmtr/.config/discord/0.0.101/modules/pending/discord_utils-1.zip: 5%
7/12/2025, 10:28:34 PM GMT+3 [Modules] Streaming discord_utils@1 to /home/dmtr/.config/discord/0.0.101/modules/pending/discord_utils-1.zip: 6%
7/12/2025, 10:28:34 PM GMT+3 [Modules] Streaming discord_utils@1 to /home/dmtr/.config/discord/0.0.101/modules/pending/discord_utils-1.zip: 8%
7/12/2025, 10:28:34 PM GMT+3 [Modules] Streaming discord_utils@1 to /home/dmtr/.config/discord/0.0.101/modules/pending/discord_utils-1.zip: 14%
7/12/2025, 10:28:34 PM GMT+3 [Modules] Streaming discord_utils@1 to /home/dmtr/.config/discord/0.0.101/modules/pending/discord_utils-1.zip: 16%
7/12/2025, 10:28:34 PM GMT+3 [Modules] Streaming discord_utils@1 to /home/dmtr/.config/discord/0.0.101/modules/pending/discord_utils-1.zip: 22%
7/12/2025, 10:28:34 PM GMT+3 [Modules] Streaming discord_utils@1 to /home/dmtr/.config/discord/0.0.101/modules/pending/discord_utils-1.zip: 29%
7/12/2025, 10:28:34 PM GMT+3 [Modules] Streaming discord_utils@1 to /home/dmtr/.config/discord/0.0.101/modules/pending/discord_utils-1.zip: 35%
7/12/2025, 10:28:34 PM GMT+3 [Modules] Streaming discord_utils@1 to /home/dmtr/.config/discord/0.0.101/modules/pending/discord_utils-1.zip: 38%
7/12/2025, 10:28:34 PM GMT+3 [Modules] Streaming discord_utils@1 to /home/dmtr/.config/discord/0.0.101/modules/pending/discord_utils-1.zip: 45%
7/12/2025, 10:28:34 PM GMT+3 [Modules] Streaming discord_utils@1 to /home/dmtr/.config/discord/0.0.101/modules/pending/discord_utils-1.zip: 50%
7/12/2025, 10:28:34 PM GMT+3 [Modules] Streaming discord_utils@1 to /home/dmtr/.config/discord/0.0.101/modules/pending/discord_utils-1.zip: 51%
7/12/2025, 10:28:34 PM GMT+3 [Modules] Streaming discord_utils@1 to /home/dmtr/.config/discord/0.0.101/modules/pending/discord_utils-1.zip: 57%
7/12/2025, 10:28:34 PM GMT+3 [Modules] Streaming discord_utils@1 to /home/dmtr/.config/discord/0.0.101/modules/pending/discord_utils-1.zip: 58%
7/12/2025, 10:28:34 PM GMT+3 [Modules] Streaming discord_utils@1 to /home/dmtr/.config/discord/0.0.101/modules/pending/discord_utils-1.zip: 60%
7/12/2025, 10:28:34 PM GMT+3 [Modules] Streaming discord_utils@1 to /home/dmtr/.config/discord/0.0.101/modules/pending/discord_utils-1.zip: 62%
7/12/2025, 10:28:34 PM GMT+3 [Modules] Streaming discord_utils@1 to /home/dmtr/.config/discord/0.0.101/modules/pending/discord_utils-1.zip: 70%
7/12/2025, 10:28:34 PM GMT+3 [Modules] Streaming discord_utils@1 to /home/dmtr/.config/discord/0.0.101/modules/pending/discord_utils-1.zip: 76%
7/12/2025, 10:28:34 PM GMT+3 [Modules] Streaming discord_utils@1 to /home/dmtr/.config/discord/0.0.101/modules/pending/discord_utils-1.zip: 83%
7/12/2025, 10:28:34 PM GMT+3 [Modules] Streaming discord_utils@1 to /home/dmtr/.config/discord/0.0.101/modules/pending/discord_utils-1.zip: 92%
7/12/2025, 10:28:34 PM GMT+3 [Modules] Streaming discord_utils@1 to /home/dmtr/.config/discord/0.0.101/modules/pending/discord_utils-1.zip: 100%
7/12/2025, 10:28:34 PM GMT+3 [Modules] Fetching discord_voice@1 from https://discord.com/api/modules/stable/discord_voice/1
7/12/2025, 10:28:34 PM GMT+3 [Modules] Streaming discord_voice@1 to /home/dmtr/.config/discord/0.0.101/modules/pending/discord_voice-1.zip
7/12/2025, 10:28:35 PM GMT+3 [Modules] Streaming discord_voice@1 to /home/dmtr/.config/discord/0.0.101/modules/pending/discord_voice-1.zip: 1%
7/12/2025, 10:28:35 PM GMT+3 [Modules] Streaming discord_voice@1 to /home/dmtr/.config/discord/0.0.101/modules/pending/discord_voice-1.zip: 2%
7/12/2025, 10:28:35 PM GMT+3 [Modules] Streaming discord_voice@1 to /home/dmtr/.config/discord/0.0.101/modules/pending/discord_voice-1.zip: 3%
7/12/2025, 10:28:35 PM GMT+3 [Modules] Streaming discord_voice@1 to /home/dmtr/.config/discord/0.0.101/modules/pending/discord_voice-1.zip: 4%
7/12/2025, 10:28:35 PM GMT+3 [Modules] Streaming discord_voice@1 to /home/dmtr/.config/discord/0.0.101/modules/pending/discord_voice-1.zip: 5%
7/12/2025, 10:28:35 PM GMT+3 [Modules] Streaming discord_voice@1 to /home/dmtr/.config/discord/0.0.101/modules/pending/discord_voice-1.zip: 6%
7/12/2025, 10:28:35 PM GMT+3 [Modules] Streaming discord_voice@1 to /home/dmtr/.config/discord/0.0.101/modules/pending/discord_voice-1.zip: 7%
7/12/2025, 10:28:35 PM GMT+3 [Modules] Streaming discord_voice@1 to /home/dmtr/.config/discord/0.0.101/modules/pending/discord_voice-1.zip: 8%
7/12/2025, 10:28:35 PM GMT+3 [Modules] Streaming discord_voice@1 to /home/dmtr/.config/discord/0.0.101/modules/pending/discord_voice-1.zip: 9%
7/12/2025, 10:28:35 PM GMT+3 [Modules] Streaming discord_voice@1 to /home/dmtr/.config/discord/0.0.101/modules/pending/discord_voice-1.zip: 10%
7/12/2025, 10:28:35 PM GMT+3 [Modules] Streaming discord_voice@1 to /home/dmtr/.config/discord/0.0.101/modules/pending/discord_voice-1.zip: 11%
7/12/2025, 10:28:35 PM GMT+3 [Modules] Streaming discord_voice@1 to /home/dmtr/.config/discord/0.0.101/modules/pending/discord_voice-1.zip: 12%
7/12/2025, 10:28:35 PM GMT+3 [Modules] Streaming discord_voice@1 to /home/dmtr/.config/discord/0.0.101/modules/pending/discord_voice-1.zip: 13%
7/12/2025, 10:28:35 PM GMT+3 [Modules] Streaming discord_voice@1 to /home/dmtr/.config/discord/0.0.101/modules/pending/discord_voice-1.zip: 14%
7/12/2025, 10:28:35 PM GMT+3 [Modules] Streaming discord_voice@1 to /home/dmtr/.config/discord/0.0.101/modules/pending/discord_voice-1.zip: 16%
7/12/2025, 10:28:35 PM GMT+3 [Modules] Streaming discord_voice@1 to /home/dmtr/.config/discord/0.0.101/modules/pending/discord_voice-1.zip: 18%
7/12/2025, 10:28:35 PM GMT+3 [Modules] Streaming discord_voice@1 to /home/dmtr/.config/discord/0.0.101/modules/pending/discord_voice-1.zip: 19%
7/12/2025, 10:28:35 PM GMT+3 [Modules] Streaming discord_voice@1 to /home/dmtr/.config/discord/0.0.101/modules/pending/discord_voice-1.zip: 20%
7/12/2025, 10:28:35 PM GMT+3 [Modules] Streaming discord_voice@1 to /home/dmtr/.config/discord/0.0.101/modules/pending/discord_voice-1.zip: 21%
7/12/2025, 10:28:35 PM GMT+3 [Modules] Streaming discord_voice@1 to /home/dmtr/.config/discord/0.0.101/modules/pending/discord_voice-1.zip: 22%
7/12/2025, 10:28:35 PM GMT+3 [Modules] Streaming discord_voice@1 to /home/dmtr/.config/discord/0.0.101/modules/pending/discord_voice-1.zip: 23%
7/12/2025, 10:28:35 PM GMT+3 [Modules] Streaming discord_voice@1 to /home/dmtr/.config/discord/0.0.101/modules/pending/discord_voice-1.zip: 24%
7/12/2025, 10:28:36 PM GMT+3 [Modules] Streaming discord_voice@1 to /home/dmtr/.config/discord/0.0.101/modules/pending/discord_voice-1.zip: 25%
7/12/2025, 10:28:36 PM GMT+3 [Modules] Streaming discord_voice@1 to /home/dmtr/.config/discord/0.0.101/modules/pending/discord_voice-1.zip: 26%
7/12/2025, 10:28:36 PM GMT+3 [Modules] Streaming discord_voice@1 to /home/dmtr/.config/discord/0.0.101/modules/pending/discord_voice-1.zip: 27%
7/12/2025, 10:28:36 PM GMT+3 [Modules] Streaming discord_voice@1 to /home/dmtr/.config/discord/0.0.101/modules/pending/discord_voice-1.zip: 28%
7/12/2025, 10:28:36 PM GMT+3 [Modules] Streaming discord_voice@1 to /home/dmtr/.config/discord/0.0.101/modules/pending/discord_voice-1.zip: 29%
7/12/2025, 10:28:36 PM GMT+3 [Modules] Streaming discord_voice@1 to /home/dmtr/.config/discord/0.0.101/modules/pending/discord_voice-1.zip: 31%
7/12/2025, 10:28:36 PM GMT+3 [Modules] Streaming discord_voice@1 to /home/dmtr/.config/discord/0.0.101/modules/pending/discord_voice-1.zip: 33%
7/12/2025, 10:28:36 PM GMT+3 [Modules] Streaming discord_voice@1 to /home/dmtr/.config/discord/0.0.101/modules/pending/discord_voice-1.zip: 34%
7/12/2025, 10:28:36 PM GMT+3 [Modules] Streaming discord_voice@1 to /home/dmtr/.config/discord/0.0.101/modules/pending/discord_voice-1.zip: 36%
7/12/2025, 10:28:36 PM GMT+3 [Modules] Streaming discord_voice@1 to /home/dmtr/.config/discord/0.0.101/modules/pending/discord_voice-1.zip: 37%
7/12/2025, 10:28:36 PM GMT+3 [Modules] Streaming discord_voice@1 to /home/dmtr/.config/discord/0.0.101/modules/pending/discord_voice-1.zip: 38%
7/12/2025, 10:28:36 PM GMT+3 [Modules] Streaming discord_voice@1 to /home/dmtr/.config/discord/0.0.101/modules/pending/discord_voice-1.zip: 40%
7/12/2025, 10:28:36 PM GMT+3 [Modules] Streaming discord_voice@1 to /home/dmtr/.config/discord/0.0.101/modules/pending/discord_voice-1.zip: 41%
7/12/2025, 10:28:36 PM GMT+3 [Modules] Streaming discord_voice@1 to /home/dmtr/.config/discord/0.0.101/modules/pending/discord_voice-1.zip: 42%
7/12/2025, 10:28:36 PM GMT+3 [Modules] Streaming discord_voice@1 to /home/dmtr/.config/discord/0.0.101/modules/pending/discord_voice-1.zip: 43%
7/12/2025, 10:28:36 PM GMT+3 [Modules] Streaming discord_voice@1 to /home/dmtr/.config/discord/0.0.101/modules/pending/discord_voice-1.zip: 44%
7/12/2025, 10:28:36 PM GMT+3 [Modules] Streaming discord_voice@1 to /home/dmtr/.config/discord/0.0.101/modules/pending/discord_voice-1.zip: 45%
7/12/2025, 10:28:36 PM GMT+3 [Modules] Streaming discord_voice@1 to /home/dmtr/.config/discord/0.0.101/modules/pending/discord_voice-1.zip: 46%
7/12/2025, 10:28:36 PM GMT+3 [Modules] Streaming discord_voice@1 to /home/dmtr/.config/discord/0.0.101/modules/pending/discord_voice-1.zip: 47%
7/12/2025, 10:28:36 PM GMT+3 [Modules] Streaming discord_voice@1 to /home/dmtr/.config/discord/0.0.101/modules/pending/discord_voice-1.zip: 48%
7/12/2025, 10:28:36 PM GMT+3 [Modules] Streaming discord_voice@1 to /home/dmtr/.config/discord/0.0.101/modules/pending/discord_voice-1.zip: 49%
7/12/2025, 10:28:36 PM GMT+3 [Modules] Streaming discord_voice@1 to /home/dmtr/.config/discord/0.0.101/modules/pending/discord_voice-1.zip: 50%
7/12/2025, 10:28:36 PM GMT+3 [Modules] Streaming discord_voice@1 to /home/dmtr/.config/discord/0.0.101/modules/pending/discord_voice-1.zip: 51%
7/12/2025, 10:28:36 PM GMT+3 [Modules] Streaming discord_voice@1 to /home/dmtr/.config/discord/0.0.101/modules/pending/discord_voice-1.zip: 52%
7/12/2025, 10:28:36 PM GMT+3 [Modules] Streaming discord_voice@1 to /home/dmtr/.config/discord/0.0.101/modules/pending/discord_voice-1.zip: 53%
7/12/2025, 10:28:36 PM GMT+3 [Modules] Streaming discord_voice@1 to /home/dmtr/.config/discord/0.0.101/modules/pending/discord_voice-1.zip: 54%
7/12/2025, 10:28:36 PM GMT+3 [Modules] Streaming discord_voice@1 to /home/dmtr/.config/discord/0.0.101/modules/pending/discord_voice-1.zip: 55%
7/12/2025, 10:28:36 PM GMT+3 [Modules] Streaming discord_voice@1 to /home/dmtr/.config/discord/0.0.101/modules/pending/discord_voice-1.zip: 56%
7/12/2025, 10:28:36 PM GMT+3 [Modules] Streaming discord_voice@1 to /home/dmtr/.config/discord/0.0.101/modules/pending/discord_voice-1.zip: 57%
7/12/2025, 10:28:36 PM GMT+3 [Modules] Streaming discord_voice@1 to /home/dmtr/.config/discord/0.0.101/modules/pending/discord_voice-1.zip: 58%
7/12/2025, 10:28:36 PM GMT+3 [Modules] Streaming discord_voice@1 to /home/dmtr/.config/discord/0.0.101/modules/pending/discord_voice-1.zip: 59%
7/12/2025, 10:28:36 PM GMT+3 [Modules] Streaming discord_voice@1 to /home/dmtr/.config/discord/0.0.101/modules/pending/discord_voice-1.zip: 61%
7/12/2025, 10:28:36 PM GMT+3 [Modules] Streaming discord_voice@1 to /home/dmtr/.config/discord/0.0.101/modules/pending/discord_voice-1.zip: 62%
7/12/2025, 10:28:36 PM GMT+3 [Modules] Streaming discord_voice@1 to /home/dmtr/.config/discord/0.0.101/modules/pending/discord_voice-1.zip: 63%
7/12/2025, 10:28:36 PM GMT+3 [Modules] Streaming discord_voice@1 to /home/dmtr/.config/discord/0.0.101/modules/pending/discord_voice-1.zip: 64%
7/12/2025, 10:28:36 PM GMT+3 [Modules] Streaming discord_voice@1 to /home/dmtr/.config/discord/0.0.101/modules/pending/discord_voice-1.zip: 65%
7/12/2025, 10:28:36 PM GMT+3 [Modules] Streaming discord_voice@1 to /home/dmtr/.config/discord/0.0.101/modules/pending/discord_voice-1.zip: 66%
7/12/2025, 10:28:36 PM GMT+3 [Modules] Streaming discord_voice@1 to /home/dmtr/.config/discord/0.0.101/modules/pending/discord_voice-1.zip: 67%
7/12/2025, 10:28:36 PM GMT+3 [Modules] Streaming discord_voice@1 to /home/dmtr/.config/discord/0.0.101/modules/pending/discord_voice-1.zip: 68%
7/12/2025, 10:28:36 PM GMT+3 [Modules] Streaming discord_voice@1 to /home/dmtr/.config/discord/0.0.101/modules/pending/discord_voice-1.zip: 69%
7/12/2025, 10:28:36 PM GMT+3 [Modules] Streaming discord_voice@1 to /home/dmtr/.config/discord/0.0.101/modules/pending/discord_voice-1.zip: 70%
7/12/2025, 10:28:36 PM GMT+3 [Modules] Streaming discord_voice@1 to /home/dmtr/.config/discord/0.0.101/modules/pending/discord_voice-1.zip: 72%
7/12/2025, 10:28:36 PM GMT+3 [Modules] Streaming discord_voice@1 to /home/dmtr/.config/discord/0.0.101/modules/pending/discord_voice-1.zip: 73%
7/12/2025, 10:28:36 PM GMT+3 [Modules] Streaming discord_voice@1 to /home/dmtr/.config/discord/0.0.101/modules/pending/discord_voice-1.zip: 74%
7/12/2025, 10:28:36 PM GMT+3 [Modules] Streaming discord_voice@1 to /home/dmtr/.config/discord/0.0.101/modules/pending/discord_voice-1.zip: 75%
7/12/2025, 10:28:37 PM GMT+3 [Modules] Streaming discord_voice@1 to /home/dmtr/.config/discord/0.0.101/modules/pending/discord_voice-1.zip: 76%
7/12/2025, 10:28:37 PM GMT+3 [Modules] Streaming discord_voice@1 to /home/dmtr/.config/discord/0.0.101/modules/pending/discord_voice-1.zip: 77%
7/12/2025, 10:28:37 PM GMT+3 [Modules] Streaming discord_voice@1 to /home/dmtr/.config/discord/0.0.101/modules/pending/discord_voice-1.zip: 79%
7/12/2025, 10:28:37 PM GMT+3 [Modules] Streaming discord_voice@1 to /home/dmtr/.config/discord/0.0.101/modules/pending/discord_voice-1.zip: 80%
7/12/2025, 10:28:37 PM GMT+3 [Modules] Streaming discord_voice@1 to /home/dmtr/.config/discord/0.0.101/modules/pending/discord_voice-1.zip: 82%
7/12/2025, 10:28:37 PM GMT+3 [Modules] Streaming discord_voice@1 to /home/dmtr/.config/discord/0.0.101/modules/pending/discord_voice-1.zip: 85%
7/12/2025, 10:28:37 PM GMT+3 [Modules] Streaming discord_voice@1 to /home/dmtr/.config/discord/0.0.101/modules/pending/discord_voice-1.zip: 87%
7/12/2025, 10:28:37 PM GMT+3 [Modules] Streaming discord_voice@1 to /home/dmtr/.config/discord/0.0.101/modules/pending/discord_voice-1.zip: 88%
7/12/2025, 10:28:37 PM GMT+3 [Modules] Streaming discord_voice@1 to /home/dmtr/.config/discord/0.0.101/modules/pending/discord_voice-1.zip: 90%
7/12/2025, 10:28:37 PM GMT+3 [Modules] Streaming discord_voice@1 to /home/dmtr/.config/discord/0.0.101/modules/pending/discord_voice-1.zip: 91%
7/12/2025, 10:28:37 PM GMT+3 [Modules] Streaming discord_voice@1 to /home/dmtr/.config/discord/0.0.101/modules/pending/discord_voice-1.zip: 94%
7/12/2025, 10:28:37 PM GMT+3 [Modules] Streaming discord_voice@1 to /home/dmtr/.config/discord/0.0.101/modules/pending/discord_voice-1.zip: 96%
7/12/2025, 10:28:37 PM GMT+3 [Modules] Streaming discord_voice@1 to /home/dmtr/.config/discord/0.0.101/modules/pending/discord_voice-1.zip: 98%
7/12/2025, 10:28:37 PM GMT+3 [Modules] Streaming discord_voice@1 to /home/dmtr/.config/discord/0.0.101/modules/pending/discord_voice-1.zip: 99%
7/12/2025, 10:28:37 PM GMT+3 [Modules] Streaming discord_voice@1 to /home/dmtr/.config/discord/0.0.101/modules/pending/discord_voice-1.zip: 100%
7/12/2025, 10:28:37 PM GMT+3 [Modules] Fetching discord_zstd@1 from https://discord.com/api/modules/stable/discord_zstd/1
7/12/2025, 10:28:37 PM GMT+3 [Modules] Streaming discord_zstd@1 to /home/dmtr/.config/discord/0.0.101/modules/pending/discord_zstd-1.zip
7/12/2025, 10:28:38 PM GMT+3 [Modules] Streaming discord_zstd@1 to /home/dmtr/.config/discord/0.0.101/modules/pending/discord_zstd-1.zip: 27%
7/12/2025, 10:28:38 PM GMT+3 [Modules] Streaming discord_zstd@1 to /home/dmtr/.config/discord/0.0.101/modules/pending/discord_zstd-1.zip: 44%
7/12/2025, 10:28:38 PM GMT+3 [Modules] Streaming discord_zstd@1 to /home/dmtr/.config/discord/0.0.101/modules/pending/discord_zstd-1.zip: 85%
7/12/2025, 10:28:38 PM GMT+3 [Modules] Streaming discord_zstd@1 to /home/dmtr/.config/discord/0.0.101/modules/pending/discord_zstd-1.zip: 95%
7/12/2025, 10:28:38 PM GMT+3 [Modules] Streaming discord_zstd@1 to /home/dmtr/.config/discord/0.0.101/modules/pending/discord_zstd-1.zip: 100%
7/12/2025, 10:28:38 PM GMT+3 [Modules] Finished module downloads. [success: 6] [failure: 0]
7/12/2025, 10:28:38 PM GMT+3 [Modules] Installing updates...
7/12/2025, 10:28:38 PM GMT+3 [Modules] Installing discord_desktop_core@1 from /home/dmtr/.config/discord/0.0.101/modules/pending/discord_desktop_core-1.zip
7/12/2025, 10:28:38 PM GMT+3 [Modules] Installing discord_erlpack@1 from /home/dmtr/.config/discord/0.0.101/modules/pending/discord_erlpack-1.zip
7/12/2025, 10:28:38 PM GMT+3 [Modules] Installing discord_spellcheck@1 from /home/dmtr/.config/discord/0.0.101/modules/pending/discord_spellcheck-1.zip
7/12/2025, 10:28:40 PM GMT+3 [Modules] Installing discord_utils@1 from /home/dmtr/.config/discord/0.0.101/modules/pending/discord_utils-1.zip
7/12/2025, 10:28:40 PM GMT+3 [Modules] Installing discord_voice@1 from /home/dmtr/.config/discord/0.0.101/modules/pending/discord_voice-1.zip
7/12/2025, 10:28:41 PM GMT+3 [Modules] Installing discord_zstd@1 from /home/dmtr/.config/discord/0.0.101/modules/pending/discord_zstd-1.zip
7/12/2025, 10:28:41 PM GMT+3 [Modules] Finished module installations. [success: 6] [failure: 0]
7/12/2025, 10:28:41 PM GMT+3 [Modules] Checking for host updates.
7/12/2025, 10:28:41 PM GMT+3 [Modules] Host is up to date.
7/12/2025, 10:28:41 PM GMT+3 [Modules] Checking for module updates at https://discord.com/api/modules/stable/versions.json
7/12/2025, 10:28:41 PM GMT+3 [Modules] No module updates available.
7/12/2025, 10:28:43 PM GMT+3 [Modules] Starting to install discord_krisp...
7/12/2025, 10:28:43 PM GMT+3 [Modules] Fetching discord_krisp@1 from https://discord.com/api/modules/stable/discord_krisp/1
7/12/2025, 10:28:43 PM GMT+3 [Modules] Streaming discord_krisp@1 to /home/dmtr/.config/discord/0.0.101/modules/pending/discord_krisp-1.zip
7/12/2025, 10:28:43 PM GMT+3 [Modules] Starting to install discord_game_utils...
7/12/2025, 10:28:44 PM GMT+3 [Modules] Streaming discord_krisp@1 to /home/dmtr/.config/discord/0.0.101/modules/pending/discord_krisp-1.zip: 7%
7/12/2025, 10:28:44 PM GMT+3 [Modules] Streaming discord_krisp@1 to /home/dmtr/.config/discord/0.0.101/modules/pending/discord_krisp-1.zip: 8%
7/12/2025, 10:28:44 PM GMT+3 [Modules] Streaming discord_krisp@1 to /home/dmtr/.config/discord/0.0.101/modules/pending/discord_krisp-1.zip: 9%
7/12/2025, 10:28:44 PM GMT+3 [Modules] Streaming discord_krisp@1 to /home/dmtr/.config/discord/0.0.101/modules/pending/discord_krisp-1.zip: 10%
7/12/2025, 10:28:44 PM GMT+3 [Modules] Streaming discord_krisp@1 to /home/dmtr/.config/discord/0.0.101/modules/pending/discord_krisp-1.zip: 11%
7/12/2025, 10:28:44 PM GMT+3 [Modules] Streaming discord_krisp@1 to /home/dmtr/.config/discord/0.0.101/modules/pending/discord_krisp-1.zip: 16%
7/12/2025, 10:28:44 PM GMT+3 [Modules] Streaming discord_krisp@1 to /home/dmtr/.config/discord/0.0.101/modules/pending/discord_krisp-1.zip: 20%
7/12/2025, 10:28:44 PM GMT+3 [Modules] Streaming discord_krisp@1 to /home/dmtr/.config/discord/0.0.101/modules/pending/discord_krisp-1.zip: 21%
7/12/2025, 10:28:44 PM GMT+3 [Modules] Streaming discord_krisp@1 to /home/dmtr/.config/discord/0.0.101/modules/pending/discord_krisp-1.zip: 22%
7/12/2025, 10:28:44 PM GMT+3 [Modules] Streaming discord_krisp@1 to /home/dmtr/.config/discord/0.0.101/modules/pending/discord_krisp-1.zip: 23%
7/12/2025, 10:28:44 PM GMT+3 [Modules] Streaming discord_krisp@1 to /home/dmtr/.config/discord/0.0.101/modules/pending/discord_krisp-1.zip: 24%
7/12/2025, 10:28:44 PM GMT+3 [Modules] Streaming discord_krisp@1 to /home/dmtr/.config/discord/0.0.101/modules/pending/discord_krisp-1.zip: 25%
7/12/2025, 10:28:44 PM GMT+3 [Modules] Streaming discord_krisp@1 to /home/dmtr/.config/discord/0.0.101/modules/pending/discord_krisp-1.zip: 26%
7/12/2025, 10:28:44 PM GMT+3 [Modules] Streaming discord_krisp@1 to /home/dmtr/.config/discord/0.0.101/modules/pending/discord_krisp-1.zip: 27%
7/12/2025, 10:28:44 PM GMT+3 [Modules] Streaming discord_krisp@1 to /home/dmtr/.config/discord/0.0.101/modules/pending/discord_krisp-1.zip: 29%
7/12/2025, 10:28:44 PM GMT+3 [Modules] Streaming discord_krisp@1 to /home/dmtr/.config/discord/0.0.101/modules/pending/discord_krisp-1.zip: 30%
7/12/2025, 10:28:44 PM GMT+3 [Modules] Streaming discord_krisp@1 to /home/dmtr/.config/discord/0.0.101/modules/pending/discord_krisp-1.zip: 31%
7/12/2025, 10:28:44 PM GMT+3 [Modules] Streaming discord_krisp@1 to /home/dmtr/.config/discord/0.0.101/modules/pending/discord_krisp-1.zip: 32%
7/12/2025, 10:28:44 PM GMT+3 [Modules] Streaming discord_krisp@1 to /home/dmtr/.config/discord/0.0.101/modules/pending/discord_krisp-1.zip: 33%
7/12/2025, 10:28:44 PM GMT+3 [Modules] Streaming discord_krisp@1 to /home/dmtr/.config/discord/0.0.101/modules/pending/discord_krisp-1.zip: 34%
7/12/2025, 10:28:44 PM GMT+3 [Modules] Streaming discord_krisp@1 to /home/dmtr/.config/discord/0.0.101/modules/pending/discord_krisp-1.zip: 35%
7/12/2025, 10:28:44 PM GMT+3 [Modules] Streaming discord_krisp@1 to /home/dmtr/.config/discord/0.0.101/modules/pending/discord_krisp-1.zip: 36%
7/12/2025, 10:28:44 PM GMT+3 [Modules] Streaming discord_krisp@1 to /home/dmtr/.config/discord/0.0.101/modules/pending/discord_krisp-1.zip: 37%
7/12/2025, 10:28:44 PM GMT+3 [Modules] Streaming discord_krisp@1 to /home/dmtr/.config/discord/0.0.101/modules/pending/discord_krisp-1.zip: 38%
7/12/2025, 10:28:44 PM GMT+3 [Modules] Streaming discord_krisp@1 to /home/dmtr/.config/discord/0.0.101/modules/pending/discord_krisp-1.zip: 39%
7/12/2025, 10:28:44 PM GMT+3 [Modules] Streaming discord_krisp@1 to /home/dmtr/.config/discord/0.0.101/modules/pending/discord_krisp-1.zip: 40%
7/12/2025, 10:28:44 PM GMT+3 [Modules] Streaming discord_krisp@1 to /home/dmtr/.config/discord/0.0.101/modules/pending/discord_krisp-1.zip: 41%
7/12/2025, 10:28:44 PM GMT+3 [Modules] Streaming discord_krisp@1 to /home/dmtr/.config/discord/0.0.101/modules/pending/discord_krisp-1.zip: 42%
7/12/2025, 10:28:44 PM GMT+3 [Modules] Streaming discord_krisp@1 to /home/dmtr/.config/discord/0.0.101/modules/pending/discord_krisp-1.zip: 43%
7/12/2025, 10:28:44 PM GMT+3 [Modules] Streaming discord_krisp@1 to /home/dmtr/.config/discord/0.0.101/modules/pending/discord_krisp-1.zip: 44%
7/12/2025, 10:28:44 PM GMT+3 [Modules] Streaming discord_krisp@1 to /home/dmtr/.config/discord/0.0.101/modules/pending/discord_krisp-1.zip: 45%
7/12/2025, 10:28:44 PM GMT+3 [Modules] Streaming discord_krisp@1 to /home/dmtr/.config/discord/0.0.101/modules/pending/discord_krisp-1.zip: 46%
7/12/2025, 10:28:44 PM GMT+3 [Modules] Streaming discord_krisp@1 to /home/dmtr/.config/discord/0.0.101/modules/pending/discord_krisp-1.zip: 47%
7/12/2025, 10:28:44 PM GMT+3 [Modules] Streaming discord_krisp@1 to /home/dmtr/.config/discord/0.0.101/modules/pending/discord_krisp-1.zip: 48%
7/12/2025, 10:28:44 PM GMT+3 [Modules] Streaming discord_krisp@1 to /home/dmtr/.config/discord/0.0.101/modules/pending/discord_krisp-1.zip: 49%
7/12/2025, 10:28:44 PM GMT+3 [Modules] Streaming discord_krisp@1 to /home/dmtr/.config/discord/0.0.101/modules/pending/discord_krisp-1.zip: 50%
7/12/2025, 10:28:44 PM GMT+3 [Modules] Streaming discord_krisp@1 to /home/dmtr/.config/discord/0.0.101/modules/pending/discord_krisp-1.zip: 51%
7/12/2025, 10:28:44 PM GMT+3 [Modules] Streaming discord_krisp@1 to /home/dmtr/.config/discord/0.0.101/modules/pending/discord_krisp-1.zip: 52%
7/12/2025, 10:28:44 PM GMT+3 [Modules] Streaming discord_krisp@1 to /home/dmtr/.config/discord/0.0.101/modules/pending/discord_krisp-1.zip: 53%
7/12/2025, 10:28:44 PM GMT+3 [Modules] Streaming discord_krisp@1 to /home/dmtr/.config/discord/0.0.101/modules/pending/discord_krisp-1.zip: 54%
7/12/2025, 10:28:44 PM GMT+3 [Modules] Streaming discord_krisp@1 to /home/dmtr/.config/discord/0.0.101/modules/pending/discord_krisp-1.zip: 55%
7/12/2025, 10:28:44 PM GMT+3 [Modules] Streaming discord_krisp@1 to /home/dmtr/.config/discord/0.0.101/modules/pending/discord_krisp-1.zip: 56%
7/12/2025, 10:28:44 PM GMT+3 [Modules] Streaming discord_krisp@1 to /home/dmtr/.config/discord/0.0.101/modules/pending/discord_krisp-1.zip: 57%
7/12/2025, 10:28:45 PM GMT+3 [Modules] Streaming discord_krisp@1 to /home/dmtr/.config/discord/0.0.101/modules/pending/discord_krisp-1.zip: 58%
7/12/2025, 10:28:45 PM GMT+3 [Modules] Streaming discord_krisp@1 to /home/dmtr/.config/discord/0.0.101/modules/pending/discord_krisp-1.zip: 59%
7/12/2025, 10:28:45 PM GMT+3 [Modules] Streaming discord_krisp@1 to /home/dmtr/.config/discord/0.0.101/modules/pending/discord_krisp-1.zip: 60%
7/12/2025, 10:28:45 PM GMT+3 [Modules] Streaming discord_krisp@1 to /home/dmtr/.config/discord/0.0.101/modules/pending/discord_krisp-1.zip: 61%
7/12/2025, 10:28:45 PM GMT+3 [Modules] Streaming discord_krisp@1 to /home/dmtr/.config/discord/0.0.101/modules/pending/discord_krisp-1.zip: 62%
7/12/2025, 10:28:45 PM GMT+3 [Modules] Streaming discord_krisp@1 to /home/dmtr/.config/discord/0.0.101/modules/pending/discord_krisp-1.zip: 63%
7/12/2025, 10:28:45 PM GMT+3 [Modules] Streaming discord_krisp@1 to /home/dmtr/.config/discord/0.0.101/modules/pending/discord_krisp-1.zip: 64%
7/12/2025, 10:28:45 PM GMT+3 [Modules] Streaming discord_krisp@1 to /home/dmtr/.config/discord/0.0.101/modules/pending/discord_krisp-1.zip: 65%
7/12/2025, 10:28:45 PM GMT+3 [Modules] Streaming discord_krisp@1 to /home/dmtr/.config/discord/0.0.101/modules/pending/discord_krisp-1.zip: 66%
7/12/2025, 10:28:45 PM GMT+3 [Modules] Streaming discord_krisp@1 to /home/dmtr/.config/discord/0.0.101/modules/pending/discord_krisp-1.zip: 67%
7/12/2025, 10:28:45 PM GMT+3 [Modules] Streaming discord_krisp@1 to /home/dmtr/.config/discord/0.0.101/modules/pending/discord_krisp-1.zip: 68%
7/12/2025, 10:28:45 PM GMT+3 [Modules] Streaming discord_krisp@1 to /home/dmtr/.config/discord/0.0.101/modules/pending/discord_krisp-1.zip: 69%
7/12/2025, 10:28:45 PM GMT+3 [Modules] Streaming discord_krisp@1 to /home/dmtr/.config/discord/0.0.101/modules/pending/discord_krisp-1.zip: 70%
7/12/2025, 10:28:45 PM GMT+3 [Modules] Streaming discord_krisp@1 to /home/dmtr/.config/discord/0.0.101/modules/pending/discord_krisp-1.zip: 71%
7/12/2025, 10:28:45 PM GMT+3 [Modules] Streaming discord_krisp@1 to /home/dmtr/.config/discord/0.0.101/modules/pending/discord_krisp-1.zip: 72%
7/12/2025, 10:28:45 PM GMT+3 [Modules] Streaming discord_krisp@1 to /home/dmtr/.config/discord/0.0.101/modules/pending/discord_krisp-1.zip: 73%
7/12/2025, 10:28:45 PM GMT+3 [Modules] Streaming discord_krisp@1 to /home/dmtr/.config/discord/0.0.101/modules/pending/discord_krisp-1.zip: 74%
7/12/2025, 10:28:45 PM GMT+3 [Modules] Streaming discord_krisp@1 to /home/dmtr/.config/discord/0.0.101/modules/pending/discord_krisp-1.zip: 75%
7/12/2025, 10:28:45 PM GMT+3 [Modules] Streaming discord_krisp@1 to /home/dmtr/.config/discord/0.0.101/modules/pending/discord_krisp-1.zip: 76%
7/12/2025, 10:28:45 PM GMT+3 [Modules] Streaming discord_krisp@1 to /home/dmtr/.config/discord/0.0.101/modules/pending/discord_krisp-1.zip: 77%
7/12/2025, 10:28:45 PM GMT+3 [Modules] Streaming discord_krisp@1 to /home/dmtr/.config/discord/0.0.101/modules/pending/discord_krisp-1.zip: 78%
7/12/2025, 10:28:45 PM GMT+3 [Modules] Streaming discord_krisp@1 to /home/dmtr/.config/discord/0.0.101/modules/pending/discord_krisp-1.zip: 79%
7/12/2025, 10:28:45 PM GMT+3 [Modules] Streaming discord_krisp@1 to /home/dmtr/.config/discord/0.0.101/modules/pending/discord_krisp-1.zip: 80%
7/12/2025, 10:28:45 PM GMT+3 [Modules] Streaming discord_krisp@1 to /home/dmtr/.config/discord/0.0.101/modules/pending/discord_krisp-1.zip: 81%
7/12/2025, 10:28:45 PM GMT+3 [Modules] Streaming discord_krisp@1 to /home/dmtr/.config/discord/0.0.101/modules/pending/discord_krisp-1.zip: 82%
7/12/2025, 10:28:45 PM GMT+3 [Modules] Streaming discord_krisp@1 to /home/dmtr/.config/discord/0.0.101/modules/pending/discord_krisp-1.zip: 83%
7/12/2025, 10:28:45 PM GMT+3 [Modules] Streaming discord_krisp@1 to /home/dmtr/.config/discord/0.0.101/modules/pending/discord_krisp-1.zip: 84%
7/12/2025, 10:28:45 PM GMT+3 [Modules] Streaming discord_krisp@1 to /home/dmtr/.config/discord/0.0.101/modules/pending/discord_krisp-1.zip: 85%
7/12/2025, 10:28:45 PM GMT+3 [Modules] Streaming discord_krisp@1 to /home/dmtr/.config/discord/0.0.101/modules/pending/discord_krisp-1.zip: 86%
7/12/2025, 10:28:45 PM GMT+3 [Modules] Streaming discord_krisp@1 to /home/dmtr/.config/discord/0.0.101/modules/pending/discord_krisp-1.zip: 87%
7/12/2025, 10:28:45 PM GMT+3 [Modules] Streaming discord_krisp@1 to /home/dmtr/.config/discord/0.0.101/modules/pending/discord_krisp-1.zip: 88%
7/12/2025, 10:28:45 PM GMT+3 [Modules] Streaming discord_krisp@1 to /home/dmtr/.config/discord/0.0.101/modules/pending/discord_krisp-1.zip: 89%
7/12/2025, 10:28:45 PM GMT+3 [Modules] Streaming discord_krisp@1 to /home/dmtr/.config/discord/0.0.101/modules/pending/discord_krisp-1.zip: 90%
7/12/2025, 10:28:45 PM GMT+3 [Modules] Streaming discord_krisp@1 to /home/dmtr/.config/discord/0.0.101/modules/pending/discord_krisp-1.zip: 91%
7/12/2025, 10:28:45 PM GMT+3 [Modules] Streaming discord_krisp@1 to /home/dmtr/.config/discord/0.0.101/modules/pending/discord_krisp-1.zip: 92%
7/12/2025, 10:28:45 PM GMT+3 [Modules] Streaming discord_krisp@1 to /home/dmtr/.config/discord/0.0.101/modules/pending/discord_krisp-1.zip: 93%
7/12/2025, 10:28:45 PM GMT+3 [Modules] Starting to install discord_rpc...
7/12/2025, 10:28:45 PM GMT+3 [Modules] Streaming discord_krisp@1 to /home/dmtr/.config/discord/0.0.101/modules/pending/discord_krisp-1.zip: 95%
7/12/2025, 10:28:45 PM GMT+3 [Modules] Streaming discord_krisp@1 to /home/dmtr/.config/discord/0.0.101/modules/pending/discord_krisp-1.zip: 97%
7/12/2025, 10:28:45 PM GMT+3 [Modules] Streaming discord_krisp@1 to /home/dmtr/.config/discord/0.0.101/modules/pending/discord_krisp-1.zip: 98%
7/12/2025, 10:28:45 PM GMT+3 [Modules] Streaming discord_krisp@1 to /home/dmtr/.config/discord/0.0.101/modules/pending/discord_krisp-1.zip: 99%
7/12/2025, 10:28:45 PM GMT+3 [Modules] Streaming discord_krisp@1 to /home/dmtr/.config/discord/0.0.101/modules/pending/discord_krisp-1.zip: 100%
7/12/2025, 10:28:45 PM GMT+3 [Modules] Fetching discord_game_utils@1 from https://discord.com/api/modules/stable/discord_game_utils/1
7/12/2025, 10:28:45 PM GMT+3 [Modules] Streaming discord_game_utils@1 to /home/dmtr/.config/discord/0.0.101/modules/pending/discord_game_utils-1.zip
7/12/2025, 10:28:45 PM GMT+3 [Modules] Installing discord_krisp@1 from /home/dmtr/.config/discord/0.0.101/modules/pending/discord_krisp-1.zip
7/12/2025, 10:28:45 PM GMT+3 [Modules] Streaming discord_game_utils@1 to /home/dmtr/.config/discord/0.0.101/modules/pending/discord_game_utils-1.zip: 2%
7/12/2025, 10:28:45 PM GMT+3 [Modules] Streaming discord_game_utils@1 to /home/dmtr/.config/discord/0.0.101/modules/pending/discord_game_utils-1.zip: 3%
7/12/2025, 10:28:45 PM GMT+3 [Modules] Streaming discord_game_utils@1 to /home/dmtr/.config/discord/0.0.101/modules/pending/discord_game_utils-1.zip: 5%
7/12/2025, 10:28:45 PM GMT+3 [Modules] Streaming discord_game_utils@1 to /home/dmtr/.config/discord/0.0.101/modules/pending/discord_game_utils-1.zip: 6%
7/12/2025, 10:28:45 PM GMT+3 [Modules] Streaming discord_game_utils@1 to /home/dmtr/.config/discord/0.0.101/modules/pending/discord_game_utils-1.zip: 7%
7/12/2025, 10:28:45 PM GMT+3 [Modules] Streaming discord_game_utils@1 to /home/dmtr/.config/discord/0.0.101/modules/pending/discord_game_utils-1.zip: 9%
7/12/2025, 10:28:45 PM GMT+3 [Modules] Streaming discord_game_utils@1 to /home/dmtr/.config/discord/0.0.101/modules/pending/discord_game_utils-1.zip: 14%
7/12/2025, 10:28:45 PM GMT+3 [Modules] Finished module installations. [success: 1] [failure: 0]
7/12/2025, 10:28:45 PM GMT+3 [Modules] Streaming discord_game_utils@1 to /home/dmtr/.config/discord/0.0.101/modules/pending/discord_game_utils-1.zip: 16%
7/12/2025, 10:28:45 PM GMT+3 [Modules] Streaming discord_game_utils@1 to /home/dmtr/.config/discord/0.0.101/modules/pending/discord_game_utils-1.zip: 18%
7/12/2025, 10:28:45 PM GMT+3 [Modules] Streaming discord_game_utils@1 to /home/dmtr/.config/discord/0.0.101/modules/pending/discord_game_utils-1.zip: 25%
7/12/2025, 10:28:45 PM GMT+3 [Modules] Streaming discord_game_utils@1 to /home/dmtr/.config/discord/0.0.101/modules/pending/discord_game_utils-1.zip: 30%
7/12/2025, 10:28:45 PM GMT+3 [Modules] Streaming discord_game_utils@1 to /home/dmtr/.config/discord/0.0.101/modules/pending/discord_game_utils-1.zip: 34%
7/12/2025, 10:28:45 PM GMT+3 [Modules] Streaming discord_game_utils@1 to /home/dmtr/.config/discord/0.0.101/modules/pending/discord_game_utils-1.zip: 39%
7/12/2025, 10:28:45 PM GMT+3 [Modules] Streaming discord_game_utils@1 to /home/dmtr/.config/discord/0.0.101/modules/pending/discord_game_utils-1.zip: 44%
7/12/2025, 10:28:45 PM GMT+3 [Modules] Streaming discord_game_utils@1 to /home/dmtr/.config/discord/0.0.101/modules/pending/discord_game_utils-1.zip: 48%
7/12/2025, 10:28:45 PM GMT+3 [Modules] Streaming discord_game_utils@1 to /home/dmtr/.config/discord/0.0.101/modules/pending/discord_game_utils-1.zip: 53%
7/12/2025, 10:28:45 PM GMT+3 [Modules] Streaming discord_game_utils@1 to /home/dmtr/.config/discord/0.0.101/modules/pending/discord_game_utils-1.zip: 62%
7/12/2025, 10:28:45 PM GMT+3 [Modules] Streaming discord_game_utils@1 to /home/dmtr/.config/discord/0.0.101/modules/pending/discord_game_utils-1.zip: 67%
7/12/2025, 10:28:45 PM GMT+3 [Modules] Streaming discord_game_utils@1 to /home/dmtr/.config/discord/0.0.101/modules/pending/discord_game_utils-1.zip: 73%
7/12/2025, 10:28:45 PM GMT+3 [Modules] Streaming discord_game_utils@1 to /home/dmtr/.config/discord/0.0.101/modules/pending/discord_game_utils-1.zip: 80%
7/12/2025, 10:28:45 PM GMT+3 [Modules] Streaming discord_game_utils@1 to /home/dmtr/.config/discord/0.0.101/modules/pending/discord_game_utils-1.zip: 89%
7/12/2025, 10:28:45 PM GMT+3 [Modules] Streaming discord_game_utils@1 to /home/dmtr/.config/discord/0.0.101/modules/pending/discord_game_utils-1.zip: 98%
7/12/2025, 10:28:45 PM GMT+3 [Modules] Streaming discord_game_utils@1 to /home/dmtr/.config/discord/0.0.101/modules/pending/discord_game_utils-1.zip: 100%
7/12/2025, 10:28:45 PM GMT+3 [Modules] Fetching discord_rpc@1 from https://discord.com/api/modules/stable/discord_rpc/1
7/12/2025, 10:28:45 PM GMT+3 [Modules] Streaming discord_rpc@1 to /home/dmtr/.config/discord/0.0.101/modules/pending/discord_rpc-1.zip
7/12/2025, 10:28:45 PM GMT+3 [Modules] Installing discord_game_utils@1 from /home/dmtr/.config/discord/0.0.101/modules/pending/discord_game_utils-1.zip
7/12/2025, 10:28:46 PM GMT+3 [Modules] Finished module installations. [success: 1] [failure: 0]
7/12/2025, 10:28:46 PM GMT+3 [Modules] Streaming discord_rpc@1 to /home/dmtr/.config/discord/0.0.101/modules/pending/discord_rpc-1.zip: 100%
7/12/2025, 10:28:46 PM GMT+3 [Modules] Finished module downloads. [success: 3] [failure: 0]
7/12/2025, 10:28:46 PM GMT+3 [Modules] Installing discord_rpc@1 from /home/dmtr/.config/discord/0.0.101/modules/pending/discord_rpc-1.zip
7/12/2025, 10:28:46 PM GMT+3 [Modules] Finished module installations. [success: 1] [failure: 0]
7/12/2025, 10:29:32 PM GMT+3 [Modules] Checking for host updates.
7/12/2025, 10:29:32 PM GMT+3 [Modules] Host is up to date.
7/12/2025, 10:29:32 PM GMT+3 [Modules] Checking for module updates at https://discord.com/api/modules/stable/versions.json
7/12/2025, 10:29:32 PM GMT+3 [Modules] No module updates available.
7/12/2025, 10:31:44 PM GMT+3 [Modules] Modules initializing
7/12/2025, 10:31:44 PM GMT+3 [Modules] Distribution: remote
7/12/2025, 10:31:44 PM GMT+3 [Modules] Host updates: enabled
7/12/2025, 10:31:44 PM GMT+3 [Modules] Module updates: enabled
7/12/2025, 10:31:44 PM GMT+3 [Modules] Module install path: /home/dmtr/.config/discord/0.0.101/modules
7/12/2025, 10:31:44 PM GMT+3 [Modules] Module installed file path: /home/dmtr/.config/discord/0.0.101/modules/installed.json
7/12/2025, 10:31:44 PM GMT+3 [Modules] Module download path: /home/dmtr/.config/discord/0.0.101/modules/pending
7/12/2025, 10:31:44 PM GMT+3 [Modules] No updates to install
7/12/2025, 10:31:44 PM GMT+3 [Modules] Checking for host updates.
7/12/2025, 10:31:45 PM GMT+3 [Modules] Host is up to date.
7/12/2025, 10:31:45 PM GMT+3 [Modules] Checking for module updates at https://discord.com/api/modules/stable/versions.json
7/12/2025, 10:31:45 PM GMT+3 [Modules] No module updates available.
7/12/2025, 10:31:55 PM GMT+3 [Modules] Checking for host updates.
7/12/2025, 10:31:55 PM GMT+3 [Modules] Host is up to date.
7/12/2025, 10:31:55 PM GMT+3 [Modules] Checking for module updates at https://discord.com/api/modules/stable/versions.json
7/12/2025, 10:31:55 PM GMT+3 [Modules] No module updates available.
7/12/2025, 10:34:22 PM GMT+3 [Modules] Modules initializing
7/12/2025, 10:34:22 PM GMT+3 [Modules] Distribution: remote
7/12/2025, 10:34:22 PM GMT+3 [Modules] Host updates: enabled
7/12/2025, 10:34:22 PM GMT+3 [Modules] Module updates: enabled
7/12/2025, 10:34:22 PM GMT+3 [Modules] Module install path: /home/dmtr/.config/discord/0.0.101/modules
7/12/2025, 10:34:22 PM GMT+3 [Modules] Module installed file path: /home/dmtr/.config/discord/0.0.101/modules/installed.json
7/12/2025, 10:34:22 PM GMT+3 [Modules] Module download path: /home/dmtr/.config/discord/0.0.101/modules/pending
7/12/2025, 10:34:22 PM GMT+3 [Modules] No updates to install
7/12/2025, 10:34:22 PM GMT+3 [Modules] Checking for host updates.
7/12/2025, 10:34:23 PM GMT+3 [Modules] Host is up to date.
7/12/2025, 10:34:23 PM GMT+3 [Modules] Checking for module updates at https://discord.com/api/modules/stable/versions.json
7/12/2025, 10:34:23 PM GMT+3 [Modules] No module updates available.
7/12/2025, 10:34:33 PM GMT+3 [Modules] Checking for host updates.
7/12/2025, 10:34:33 PM GMT+3 [Modules] Host is up to date.
7/12/2025, 10:34:33 PM GMT+3 [Modules] Checking for module updates at https://discord.com/api/modules/stable/versions.json
7/12/2025, 10:34:33 PM GMT+3 [Modules] No module updates available.
7/12/2025, 11:34:34 PM GMT+3 [Modules] Checking for host updates.
7/12/2025, 11:34:34 PM GMT+3 [Modules] Host is up to date.
7/12/2025, 11:34:34 PM GMT+3 [Modules] Checking for module updates at https://discord.com/api/modules/stable/versions.json
7/12/2025, 11:34:34 PM GMT+3 [Modules] No module updates available.
7/13/2025, 7:37:48 PM GMT+3 [Modules] Modules initializing
7/13/2025, 7:37:48 PM GMT+3 [Modules] Distribution: remote
7/13/2025, 7:37:48 PM GMT+3 [Modules] Host updates: enabled
7/13/2025, 7:37:48 PM GMT+3 [Modules] Module updates: enabled
7/13/2025, 7:37:48 PM GMT+3 [Modules] Module install path: /home/dmtr/.config/discord/0.0.101/modules
7/13/2025, 7:37:48 PM GMT+3 [Modules] Module installed file path: /home/dmtr/.config/discord/0.0.101/modules/installed.json
7/13/2025, 7:37:48 PM GMT+3 [Modules] Module download path: /home/dmtr/.config/discord/0.0.101/modules/pending
7/13/2025, 7:37:48 PM GMT+3 [Modules] No updates to install
7/13/2025, 7:37:48 PM GMT+3 [Modules] Checking for host updates.
7/13/2025, 7:37:49 PM GMT+3 [Modules] Host is up to date.
7/13/2025, 7:37:49 PM GMT+3 [Modules] Checking for module updates at https://discord.com/api/modules/stable/versions.json
7/13/2025, 7:37:49 PM GMT+3 [Modules] No module updates available.
7/13/2025, 7:38:00 PM GMT+3 [Modules] Checking for host updates.
7/13/2025, 7:38:00 PM GMT+3 [Modules] Host is up to date.
7/13/2025, 7:38:00 PM GMT+3 [Modules] Checking for module updates at https://discord.com/api/modules/stable/versions.json
7/13/2025, 7:38:00 PM GMT+3 [Modules] No module updates available.
7/13/2025, 8:38:00 PM GMT+3 [Modules] Checking for host updates.
7/13/2025, 8:38:02 PM GMT+3 [Modules] Host is up to date.
7/13/2025, 8:38:02 PM GMT+3 [Modules] Checking for module updates at https://discord.com/api/modules/stable/versions.json
7/13/2025, 8:38:02 PM GMT+3 [Modules] No module updates available.
7/13/2025, 9:38:00 PM GMT+3 [Modules] Checking for host updates.
7/13/2025, 9:38:00 PM GMT+3 [Modules] Host is up to date.
7/13/2025, 9:38:00 PM GMT+3 [Modules] Checking for module updates at https://discord.com/api/modules/stable/versions.json
7/13/2025, 9:38:00 PM GMT+3 [Modules] No module updates available.
7/13/2025, 10:33:47 PM GMT+3 [Modules] Checking for host updates.
7/13/2025, 10:33:47 PM GMT+3 [Modules] Host is up to date.
7/13/2025, 10:33:47 PM GMT+3 [Modules] Checking for module updates at https://discord.com/api/modules/stable/versions.json
7/13/2025, 10:33:47 PM GMT+3 [Modules] No module updates available.
7/13/2025, 10:36:01 PM GMT+3 [Modules] Modules initializing
7/13/2025, 10:36:01 PM GMT+3 [Modules] Distribution: remote
7/13/2025, 10:36:01 PM GMT+3 [Modules] Host updates: enabled
7/13/2025, 10:36:01 PM GMT+3 [Modules] Module updates: enabled
7/13/2025, 10:36:01 PM GMT+3 [Modules] Module install path: /home/dmtr/.config/discord/0.0.101/modules
7/13/2025, 10:36:01 PM GMT+3 [Modules] Module installed file path: /home/dmtr/.config/discord/0.0.101/modules/installed.json
7/13/2025, 10:36:01 PM GMT+3 [Modules] Module download path: /home/dmtr/.config/discord/0.0.101/modules/pending
7/13/2025, 10:36:02 PM GMT+3 [Modules] No updates to install
7/13/2025, 10:36:02 PM GMT+3 [Modules] Checking for host updates.
7/13/2025, 10:36:02 PM GMT+3 [Modules] Host is up to date.
7/13/2025, 10:36:02 PM GMT+3 [Modules] Checking for module updates at https://discord.com/api/modules/stable/versions.json
7/13/2025, 10:36:02 PM GMT+3 [Modules] No module updates available.
7/13/2025, 10:36:12 PM GMT+3 [Modules] Checking for host updates.
7/13/2025, 10:36:12 PM GMT+3 [Modules] Host is up to date.
7/13/2025, 10:36:12 PM GMT+3 [Modules] Checking for module updates at https://discord.com/api/modules/stable/versions.json
7/13/2025, 10:36:13 PM GMT+3 [Modules] No module updates available.
7/14/2025, 9:45:36 PM GMT+3 [Modules] Modules initializing
7/14/2025, 9:45:36 PM GMT+3 [Modules] Distribution: remote
7/14/2025, 9:45:36 PM GMT+3 [Modules] Host updates: enabled
7/14/2025, 9:45:36 PM GMT+3 [Modules] Module updates: enabled
7/14/2025, 9:45:36 PM GMT+3 [Modules] Module install path: /home/dmtr/.config/discord/0.0.101/modules
7/14/2025, 9:45:36 PM GMT+3 [Modules] Module installed file path: /home/dmtr/.config/discord/0.0.101/modules/installed.json
7/14/2025, 9:45:36 PM GMT+3 [Modules] Module download path: /home/dmtr/.config/discord/0.0.101/modules/pending
7/14/2025, 9:45:36 PM GMT+3 [Modules] No updates to install
7/14/2025, 9:45:36 PM GMT+3 [Modules] Checking for host updates.
7/14/2025, 9:45:37 PM GMT+3 [Modules] Host is up to date.
7/14/2025, 9:45:37 PM GMT+3 [Modules] Checking for module updates at https://discord.com/api/modules/stable/versions.json
7/14/2025, 9:45:37 PM GMT+3 [Modules] No module updates available.
7/14/2025, 9:45:48 PM GMT+3 [Modules] Checking for host updates.
7/14/2025, 9:45:48 PM GMT+3 [Modules] Host is up to date.
7/14/2025, 9:45:48 PM GMT+3 [Modules] Checking for module updates at https://discord.com/api/modules/stable/versions.json
7/14/2025, 9:45:48 PM GMT+3 [Modules] No module updates available.
7/14/2025, 10:45:48 PM GMT+3 [Modules] Checking for host updates.
7/14/2025, 10:45:48 PM GMT+3 [Modules] Host is up to date.
7/14/2025, 10:45:48 PM GMT+3 [Modules] Checking for module updates at https://discord.com/api/modules/stable/versions.json
7/14/2025, 10:45:48 PM GMT+3 [Modules] No module updates available.
7/15/2025, 11:59:57 AM GMT+3 [Modules] Checking for host updates.
7/15/2025, 11:59:57 AM GMT+3 [Modules] Host update is available. Manual update required!
7/15/2025, 6:48:11 PM GMT+3 [Modules] Modules initializing
7/15/2025, 6:48:11 PM GMT+3 [Modules] Distribution: remote
7/15/2025, 6:48:11 PM GMT+3 [Modules] Host updates: enabled
7/15/2025, 6:48:11 PM GMT+3 [Modules] Module updates: enabled
7/15/2025, 6:48:11 PM GMT+3 [Modules] Module install path: /home/dmtr/.config/discord/0.0.101/modules
7/15/2025, 6:48:11 PM GMT+3 [Modules] Module installed file path: /home/dmtr/.config/discord/0.0.101/modules/installed.json
7/15/2025, 6:48:11 PM GMT+3 [Modules] Module download path: /home/dmtr/.config/discord/0.0.101/modules/pending
7/15/2025, 6:48:11 PM GMT+3 [Modules] No updates to install
7/15/2025, 6:48:11 PM GMT+3 [Modules] Checking for host updates.
7/15/2025, 6:48:12 PM GMT+3 [Modules] Host update is available. Manual update required!
7/15/2025, 6:50:53 PM GMT+3 [Modules] Modules initializing
7/15/2025, 6:50:53 PM GMT+3 [Modules] Distribution: remote
7/15/2025, 6:50:53 PM GMT+3 [Modules] Host updates: enabled
7/15/2025, 6:50:53 PM GMT+3 [Modules] Module updates: enabled
7/15/2025, 6:50:53 PM GMT+3 [Modules] Module install path: /home/dmtr/.config/discord/0.0.102/modules
7/15/2025, 6:50:53 PM GMT+3 [Modules] Module installed file path: /home/dmtr/.config/discord/0.0.102/modules/installed.json
7/15/2025, 6:50:53 PM GMT+3 [Modules] Module download path: /home/dmtr/.config/discord/0.0.102/modules/pending
7/15/2025, 6:50:53 PM GMT+3 [Modules] Bootstrapping...
7/15/2025, 6:50:53 PM GMT+3 [Modules] Installing discord_desktop_core@0 from /opt/discord/resources/bootstrap/discord_desktop_core.zip
7/15/2025, 6:50:53 PM GMT+3 [Modules] Failed installing discord_desktop_core@0: Error: ENOENT: no such file or directory, open '/opt/discord/resources/bootstrap/discord_desktop_core.zip'
7/15/2025, 6:50:53 PM GMT+3 [Modules] Installing discord_erlpack@0 from /opt/discord/resources/bootstrap/discord_erlpack.zip
7/15/2025, 6:50:53 PM GMT+3 [Modules] Failed installing discord_erlpack@0: Error: ENOENT: no such file or directory, open '/opt/discord/resources/bootstrap/discord_erlpack.zip'
7/15/2025, 6:50:53 PM GMT+3 [Modules] Installing discord_spellcheck@0 from /opt/discord/resources/bootstrap/discord_spellcheck.zip
7/15/2025, 6:50:53 PM GMT+3 [Modules] Failed installing discord_spellcheck@0: Error: ENOENT: no such file or directory, open '/opt/discord/resources/bootstrap/discord_spellcheck.zip'
7/15/2025, 6:50:53 PM GMT+3 [Modules] Installing discord_utils@0 from /opt/discord/resources/bootstrap/discord_utils.zip
7/15/2025, 6:50:53 PM GMT+3 [Modules] Failed installing discord_utils@0: Error: ENOENT: no such file or directory, open '/opt/discord/resources/bootstrap/discord_utils.zip'
7/15/2025, 6:50:53 PM GMT+3 [Modules] Installing discord_voice@0 from /opt/discord/resources/bootstrap/discord_voice.zip
7/15/2025, 6:50:53 PM GMT+3 [Modules] Failed installing discord_voice@0: Error: ENOENT: no such file or directory, open '/opt/discord/resources/bootstrap/discord_voice.zip'
7/15/2025, 6:50:53 PM GMT+3 [Modules] Installing discord_zstd@0 from /opt/discord/resources/bootstrap/discord_zstd.zip
7/15/2025, 6:50:53 PM GMT+3 [Modules] Failed installing discord_zstd@0: Error: ENOENT: no such file or directory, open '/opt/discord/resources/bootstrap/discord_zstd.zip'
7/15/2025, 6:50:53 PM GMT+3 [Modules] Finished module installations. [success: 0] [failure: 6]
7/15/2025, 6:50:53 PM GMT+3 [Modules] Checking for host updates.
7/15/2025, 6:50:54 PM GMT+3 [Modules] Host is up to date.
7/15/2025, 6:50:54 PM GMT+3 [Modules] Checking for module updates at https://discord.com/api/modules/stable/versions.json
7/15/2025, 6:50:54 PM GMT+3 [Modules] Module update available: discord_desktop_core@1 [installed: 0]
7/15/2025, 6:50:54 PM GMT+3 [Modules] Module update available: discord_erlpack@1 [installed: 0]
7/15/2025, 6:50:54 PM GMT+3 [Modules] Module update available: discord_spellcheck@1 [installed: 0]
7/15/2025, 6:50:54 PM GMT+3 [Modules] Module update available: discord_utils@1 [installed: 0]
7/15/2025, 6:50:54 PM GMT+3 [Modules] Module update available: discord_voice@1 [installed: 0]
7/15/2025, 6:50:54 PM GMT+3 [Modules] Module update available: discord_zstd@1 [installed: 0]
7/15/2025, 6:50:54 PM GMT+3 [Modules] Fetching discord_desktop_core@1 from https://discord.com/api/modules/stable/discord_desktop_core/1
7/15/2025, 6:50:54 PM GMT+3 [Modules] Streaming discord_desktop_core@1 to /home/dmtr/.config/discord/0.0.102/modules/pending/discord_desktop_core-1.zip
7/15/2025, 6:50:55 PM GMT+3 [Modules] Streaming discord_desktop_core@1 to /home/dmtr/.config/discord/0.0.102/modules/pending/discord_desktop_core-1.zip: 1%
7/15/2025, 6:50:55 PM GMT+3 [Modules] Streaming discord_desktop_core@1 to /home/dmtr/.config/discord/0.0.102/modules/pending/discord_desktop_core-1.zip: 2%
7/15/2025, 6:50:55 PM GMT+3 [Modules] Streaming discord_desktop_core@1 to /home/dmtr/.config/discord/0.0.102/modules/pending/discord_desktop_core-1.zip: 3%
7/15/2025, 6:50:55 PM GMT+3 [Modules] Streaming discord_desktop_core@1 to /home/dmtr/.config/discord/0.0.102/modules/pending/discord_desktop_core-1.zip: 4%
7/15/2025, 6:50:55 PM GMT+3 [Modules] Streaming discord_desktop_core@1 to /home/dmtr/.config/discord/0.0.102/modules/pending/discord_desktop_core-1.zip: 5%
7/15/2025, 6:50:55 PM GMT+3 [Modules] Streaming discord_desktop_core@1 to /home/dmtr/.config/discord/0.0.102/modules/pending/discord_desktop_core-1.zip: 6%
7/15/2025, 6:50:55 PM GMT+3 [Modules] Streaming discord_desktop_core@1 to /home/dmtr/.config/discord/0.0.102/modules/pending/discord_desktop_core-1.zip: 7%
7/15/2025, 6:50:55 PM GMT+3 [Modules] Streaming discord_desktop_core@1 to /home/dmtr/.config/discord/0.0.102/modules/pending/discord_desktop_core-1.zip: 8%
7/15/2025, 6:50:55 PM GMT+3 [Modules] Streaming discord_desktop_core@1 to /home/dmtr/.config/discord/0.0.102/modules/pending/discord_desktop_core-1.zip: 9%
7/15/2025, 6:50:55 PM GMT+3 [Modules] Streaming discord_desktop_core@1 to /home/dmtr/.config/discord/0.0.102/modules/pending/discord_desktop_core-1.zip: 10%
7/15/2025, 6:50:55 PM GMT+3 [Modules] Streaming discord_desktop_core@1 to /home/dmtr/.config/discord/0.0.102/modules/pending/discord_desktop_core-1.zip: 11%
7/15/2025, 6:50:55 PM GMT+3 [Modules] Streaming discord_desktop_core@1 to /home/dmtr/.config/discord/0.0.102/modules/pending/discord_desktop_core-1.zip: 12%
7/15/2025, 6:50:55 PM GMT+3 [Modules] Streaming discord_desktop_core@1 to /home/dmtr/.config/discord/0.0.102/modules/pending/discord_desktop_core-1.zip: 13%
7/15/2025, 6:50:55 PM GMT+3 [Modules] Streaming discord_desktop_core@1 to /home/dmtr/.config/discord/0.0.102/modules/pending/discord_desktop_core-1.zip: 14%
7/15/2025, 6:50:55 PM GMT+3 [Modules] Streaming discord_desktop_core@1 to /home/dmtr/.config/discord/0.0.102/modules/pending/discord_desktop_core-1.zip: 15%
7/15/2025, 6:50:55 PM GMT+3 [Modules] Streaming discord_desktop_core@1 to /home/dmtr/.config/discord/0.0.102/modules/pending/discord_desktop_core-1.zip: 16%
7/15/2025, 6:50:55 PM GMT+3 [Modules] Streaming discord_desktop_core@1 to /home/dmtr/.config/discord/0.0.102/modules/pending/discord_desktop_core-1.zip: 17%
7/15/2025, 6:50:55 PM GMT+3 [Modules] Streaming discord_desktop_core@1 to /home/dmtr/.config/discord/0.0.102/modules/pending/discord_desktop_core-1.zip: 18%
7/15/2025, 6:50:55 PM GMT+3 [Modules] Streaming discord_desktop_core@1 to /home/dmtr/.config/discord/0.0.102/modules/pending/discord_desktop_core-1.zip: 20%
7/15/2025, 6:50:56 PM GMT+3 [Modules] Streaming discord_desktop_core@1 to /home/dmtr/.config/discord/0.0.102/modules/pending/discord_desktop_core-1.zip: 21%
7/15/2025, 6:50:56 PM GMT+3 [Modules] Streaming discord_desktop_core@1 to /home/dmtr/.config/discord/0.0.102/modules/pending/discord_desktop_core-1.zip: 22%
7/15/2025, 6:50:56 PM GMT+3 [Modules] Streaming discord_desktop_core@1 to /home/dmtr/.config/discord/0.0.102/modules/pending/discord_desktop_core-1.zip: 23%
7/15/2025, 6:50:56 PM GMT+3 [Modules] Streaming discord_desktop_core@1 to /home/dmtr/.config/discord/0.0.102/modules/pending/discord_desktop_core-1.zip: 24%
7/15/2025, 6:50:56 PM GMT+3 [Modules] Streaming discord_desktop_core@1 to /home/dmtr/.config/discord/0.0.102/modules/pending/discord_desktop_core-1.zip: 30%
7/15/2025, 6:50:56 PM GMT+3 [Modules] Streaming discord_desktop_core@1 to /home/dmtr/.config/discord/0.0.102/modules/pending/discord_desktop_core-1.zip: 32%
7/15/2025, 6:50:56 PM GMT+3 [Modules] Streaming discord_desktop_core@1 to /home/dmtr/.config/discord/0.0.102/modules/pending/discord_desktop_core-1.zip: 34%
7/15/2025, 6:50:56 PM GMT+3 [Modules] Streaming discord_desktop_core@1 to /home/dmtr/.config/discord/0.0.102/modules/pending/discord_desktop_core-1.zip: 35%
7/15/2025, 6:50:56 PM GMT+3 [Modules] Streaming discord_desktop_core@1 to /home/dmtr/.config/discord/0.0.102/modules/pending/discord_desktop_core-1.zip: 36%
7/15/2025, 6:50:56 PM GMT+3 [Modules] Streaming discord_desktop_core@1 to /home/dmtr/.config/discord/0.0.102/modules/pending/discord_desktop_core-1.zip: 37%
7/15/2025, 6:50:56 PM GMT+3 [Modules] Streaming discord_desktop_core@1 to /home/dmtr/.config/discord/0.0.102/modules/pending/discord_desktop_core-1.zip: 38%
7/15/2025, 6:50:56 PM GMT+3 [Modules] Streaming discord_desktop_core@1 to /home/dmtr/.config/discord/0.0.102/modules/pending/discord_desktop_core-1.zip: 39%
7/15/2025, 6:50:56 PM GMT+3 [Modules] Streaming discord_desktop_core@1 to /home/dmtr/.config/discord/0.0.102/modules/pending/discord_desktop_core-1.zip: 40%
7/15/2025, 6:50:56 PM GMT+3 [Modules] Streaming discord_desktop_core@1 to /home/dmtr/.config/discord/0.0.102/modules/pending/discord_desktop_core-1.zip: 41%
7/15/2025, 6:50:56 PM GMT+3 [Modules] Streaming discord_desktop_core@1 to /home/dmtr/.config/discord/0.0.102/modules/pending/discord_desktop_core-1.zip: 43%
7/15/2025, 6:50:56 PM GMT+3 [Modules] Streaming discord_desktop_core@1 to /home/dmtr/.config/discord/0.0.102/modules/pending/discord_desktop_core-1.zip: 44%
7/15/2025, 6:50:56 PM GMT+3 [Modules] Streaming discord_desktop_core@1 to /home/dmtr/.config/discord/0.0.102/modules/pending/discord_desktop_core-1.zip: 45%
7/15/2025, 6:50:56 PM GMT+3 [Modules] Streaming discord_desktop_core@1 to /home/dmtr/.config/discord/0.0.102/modules/pending/discord_desktop_core-1.zip: 47%
7/15/2025, 6:50:56 PM GMT+3 [Modules] Streaming discord_desktop_core@1 to /home/dmtr/.config/discord/0.0.102/modules/pending/discord_desktop_core-1.zip: 48%
7/15/2025, 6:50:56 PM GMT+3 [Modules] Streaming discord_desktop_core@1 to /home/dmtr/.config/discord/0.0.102/modules/pending/discord_desktop_core-1.zip: 50%
7/15/2025, 6:50:56 PM GMT+3 [Modules] Streaming discord_desktop_core@1 to /home/dmtr/.config/discord/0.0.102/modules/pending/discord_desktop_core-1.zip: 52%
7/15/2025, 6:50:56 PM GMT+3 [Modules] Streaming discord_desktop_core@1 to /home/dmtr/.config/discord/0.0.102/modules/pending/discord_desktop_core-1.zip: 54%
7/15/2025, 6:50:56 PM GMT+3 [Modules] Streaming discord_desktop_core@1 to /home/dmtr/.config/discord/0.0.102/modules/pending/discord_desktop_core-1.zip: 56%
7/15/2025, 6:50:56 PM GMT+3 [Modules] Streaming discord_desktop_core@1 to /home/dmtr/.config/discord/0.0.102/modules/pending/discord_desktop_core-1.zip: 57%
7/15/2025, 6:50:56 PM GMT+3 [Modules] Streaming discord_desktop_core@1 to /home/dmtr/.config/discord/0.0.102/modules/pending/discord_desktop_core-1.zip: 58%
7/15/2025, 6:50:56 PM GMT+3 [Modules] Streaming discord_desktop_core@1 to /home/dmtr/.config/discord/0.0.102/modules/pending/discord_desktop_core-1.zip: 60%
7/15/2025, 6:50:56 PM GMT+3 [Modules] Streaming discord_desktop_core@1 to /home/dmtr/.config/discord/0.0.102/modules/pending/discord_desktop_core-1.zip: 62%
7/15/2025, 6:50:56 PM GMT+3 [Modules] Streaming discord_desktop_core@1 to /home/dmtr/.config/discord/0.0.102/modules/pending/discord_desktop_core-1.zip: 63%
7/15/2025, 6:50:56 PM GMT+3 [Modules] Streaming discord_desktop_core@1 to /home/dmtr/.config/discord/0.0.102/modules/pending/discord_desktop_core-1.zip: 64%
7/15/2025, 6:50:56 PM GMT+3 [Modules] Streaming discord_desktop_core@1 to /home/dmtr/.config/discord/0.0.102/modules/pending/discord_desktop_core-1.zip: 65%
7/15/2025, 6:50:56 PM GMT+3 [Modules] Streaming discord_desktop_core@1 to /home/dmtr/.config/discord/0.0.102/modules/pending/discord_desktop_core-1.zip: 66%
7/15/2025, 6:50:56 PM GMT+3 [Modules] Streaming discord_desktop_core@1 to /home/dmtr/.config/discord/0.0.102/modules/pending/discord_desktop_core-1.zip: 68%
7/15/2025, 6:50:56 PM GMT+3 [Modules] Streaming discord_desktop_core@1 to /home/dmtr/.config/discord/0.0.102/modules/pending/discord_desktop_core-1.zip: 71%
7/15/2025, 6:50:56 PM GMT+3 [Modules] Streaming discord_desktop_core@1 to /home/dmtr/.config/discord/0.0.102/modules/pending/discord_desktop_core-1.zip: 73%
7/15/2025, 6:50:56 PM GMT+3 [Modules] Streaming discord_desktop_core@1 to /home/dmtr/.config/discord/0.0.102/modules/pending/discord_desktop_core-1.zip: 74%
7/15/2025, 6:50:56 PM GMT+3 [Modules] Streaming discord_desktop_core@1 to /home/dmtr/.config/discord/0.0.102/modules/pending/discord_desktop_core-1.zip: 78%
7/15/2025, 6:50:56 PM GMT+3 [Modules] Streaming discord_desktop_core@1 to /home/dmtr/.config/discord/0.0.102/modules/pending/discord_desktop_core-1.zip: 80%
7/15/2025, 6:50:56 PM GMT+3 [Modules] Streaming discord_desktop_core@1 to /home/dmtr/.config/discord/0.0.102/modules/pending/discord_desktop_core-1.zip: 82%
7/15/2025, 6:50:56 PM GMT+3 [Modules] Streaming discord_desktop_core@1 to /home/dmtr/.config/discord/0.0.102/modules/pending/discord_desktop_core-1.zip: 84%
7/15/2025, 6:50:56 PM GMT+3 [Modules] Streaming discord_desktop_core@1 to /home/dmtr/.config/discord/0.0.102/modules/pending/discord_desktop_core-1.zip: 87%
7/15/2025, 6:50:56 PM GMT+3 [Modules] Streaming discord_desktop_core@1 to /home/dmtr/.config/discord/0.0.102/modules/pending/discord_desktop_core-1.zip: 90%
7/15/2025, 6:50:56 PM GMT+3 [Modules] Streaming discord_desktop_core@1 to /home/dmtr/.config/discord/0.0.102/modules/pending/discord_desktop_core-1.zip: 95%
7/15/2025, 6:50:56 PM GMT+3 [Modules] Streaming discord_desktop_core@1 to /home/dmtr/.config/discord/0.0.102/modules/pending/discord_desktop_core-1.zip: 96%
7/15/2025, 6:50:56 PM GMT+3 [Modules] Streaming discord_desktop_core@1 to /home/dmtr/.config/discord/0.0.102/modules/pending/discord_desktop_core-1.zip: 100%
7/15/2025, 6:50:56 PM GMT+3 [Modules] Fetching discord_erlpack@1 from https://discord.com/api/modules/stable/discord_erlpack/1
7/15/2025, 6:50:56 PM GMT+3 [Modules] Streaming discord_erlpack@1 to /home/dmtr/.config/discord/0.0.102/modules/pending/discord_erlpack-1.zip
7/15/2025, 6:50:56 PM GMT+3 [Modules] Streaming discord_erlpack@1 to /home/dmtr/.config/discord/0.0.102/modules/pending/discord_erlpack-1.zip: 1%
7/15/2025, 6:50:56 PM GMT+3 [Modules] Streaming discord_erlpack@1 to /home/dmtr/.config/discord/0.0.102/modules/pending/discord_erlpack-1.zip: 4%
7/15/2025, 6:50:56 PM GMT+3 [Modules] Streaming discord_erlpack@1 to /home/dmtr/.config/discord/0.0.102/modules/pending/discord_erlpack-1.zip: 5%
7/15/2025, 6:50:56 PM GMT+3 [Modules] Streaming discord_erlpack@1 to /home/dmtr/.config/discord/0.0.102/modules/pending/discord_erlpack-1.zip: 8%
7/15/2025, 6:50:56 PM GMT+3 [Modules] Streaming discord_erlpack@1 to /home/dmtr/.config/discord/0.0.102/modules/pending/discord_erlpack-1.zip: 17%
7/15/2025, 6:50:56 PM GMT+3 [Modules] Streaming discord_erlpack@1 to /home/dmtr/.config/discord/0.0.102/modules/pending/discord_erlpack-1.zip: 23%
7/15/2025, 6:50:56 PM GMT+3 [Modules] Streaming discord_erlpack@1 to /home/dmtr/.config/discord/0.0.102/modules/pending/discord_erlpack-1.zip: 26%
7/15/2025, 6:50:56 PM GMT+3 [Modules] Streaming discord_erlpack@1 to /home/dmtr/.config/discord/0.0.102/modules/pending/discord_erlpack-1.zip: 28%
7/15/2025, 6:50:56 PM GMT+3 [Modules] Streaming discord_erlpack@1 to /home/dmtr/.config/discord/0.0.102/modules/pending/discord_erlpack-1.zip: 30%
7/15/2025, 6:50:56 PM GMT+3 [Modules] Streaming discord_erlpack@1 to /home/dmtr/.config/discord/0.0.102/modules/pending/discord_erlpack-1.zip: 36%
7/15/2025, 6:50:56 PM GMT+3 [Modules] Streaming discord_erlpack@1 to /home/dmtr/.config/discord/0.0.102/modules/pending/discord_erlpack-1.zip: 47%
7/15/2025, 6:50:56 PM GMT+3 [Modules] Streaming discord_erlpack@1 to /home/dmtr/.config/discord/0.0.102/modules/pending/discord_erlpack-1.zip: 53%
7/15/2025, 6:50:56 PM GMT+3 [Modules] Streaming discord_erlpack@1 to /home/dmtr/.config/discord/0.0.102/modules/pending/discord_erlpack-1.zip: 66%
7/15/2025, 6:50:56 PM GMT+3 [Modules] Streaming discord_erlpack@1 to /home/dmtr/.config/discord/0.0.102/modules/pending/discord_erlpack-1.zip: 69%
7/15/2025, 6:50:56 PM GMT+3 [Modules] Streaming discord_erlpack@1 to /home/dmtr/.config/discord/0.0.102/modules/pending/discord_erlpack-1.zip: 90%
7/15/2025, 6:50:56 PM GMT+3 [Modules] Streaming discord_erlpack@1 to /home/dmtr/.config/discord/0.0.102/modules/pending/discord_erlpack-1.zip: 93%
7/15/2025, 6:50:56 PM GMT+3 [Modules] Streaming discord_erlpack@1 to /home/dmtr/.config/discord/0.0.102/modules/pending/discord_erlpack-1.zip: 98%
7/15/2025, 6:50:56 PM GMT+3 [Modules] Streaming discord_erlpack@1 to /home/dmtr/.config/discord/0.0.102/modules/pending/discord_erlpack-1.zip: 99%
7/15/2025, 6:50:56 PM GMT+3 [Modules] Streaming discord_erlpack@1 to /home/dmtr/.config/discord/0.0.102/modules/pending/discord_erlpack-1.zip: 100%
7/15/2025, 6:50:56 PM GMT+3 [Modules] Fetching discord_spellcheck@1 from https://discord.com/api/modules/stable/discord_spellcheck/1
7/15/2025, 6:50:56 PM GMT+3 [Modules] Streaming discord_spellcheck@1 to /home/dmtr/.config/discord/0.0.102/modules/pending/discord_spellcheck-1.zip
7/15/2025, 6:50:56 PM GMT+3 [Modules] Streaming discord_spellcheck@1 to /home/dmtr/.config/discord/0.0.102/modules/pending/discord_spellcheck-1.zip: 1%
7/15/2025, 6:50:56 PM GMT+3 [Modules] Streaming discord_spellcheck@1 to /home/dmtr/.config/discord/0.0.102/modules/pending/discord_spellcheck-1.zip: 3%
7/15/2025, 6:50:56 PM GMT+3 [Modules] Streaming discord_spellcheck@1 to /home/dmtr/.config/discord/0.0.102/modules/pending/discord_spellcheck-1.zip: 4%
7/15/2025, 6:50:56 PM GMT+3 [Modules] Streaming discord_spellcheck@1 to /home/dmtr/.config/discord/0.0.102/modules/pending/discord_spellcheck-1.zip: 5%
7/15/2025, 6:50:56 PM GMT+3 [Modules] Streaming discord_spellcheck@1 to /home/dmtr/.config/discord/0.0.102/modules/pending/discord_spellcheck-1.zip: 6%
7/15/2025, 6:50:56 PM GMT+3 [Modules] Streaming discord_spellcheck@1 to /home/dmtr/.config/discord/0.0.102/modules/pending/discord_spellcheck-1.zip: 7%
7/15/2025, 6:50:56 PM GMT+3 [Modules] Streaming discord_spellcheck@1 to /home/dmtr/.config/discord/0.0.102/modules/pending/discord_spellcheck-1.zip: 9%
7/15/2025, 6:50:56 PM GMT+3 [Modules] Streaming discord_spellcheck@1 to /home/dmtr/.config/discord/0.0.102/modules/pending/discord_spellcheck-1.zip: 10%
7/15/2025, 6:50:56 PM GMT+3 [Modules] Streaming discord_spellcheck@1 to /home/dmtr/.config/discord/0.0.102/modules/pending/discord_spellcheck-1.zip: 12%
7/15/2025, 6:50:56 PM GMT+3 [Modules] Streaming discord_spellcheck@1 to /home/dmtr/.config/discord/0.0.102/modules/pending/discord_spellcheck-1.zip: 13%
7/15/2025, 6:50:56 PM GMT+3 [Modules] Streaming discord_spellcheck@1 to /home/dmtr/.config/discord/0.0.102/modules/pending/discord_spellcheck-1.zip: 14%
7/15/2025, 6:50:56 PM GMT+3 [Modules] Streaming discord_spellcheck@1 to /home/dmtr/.config/discord/0.0.102/modules/pending/discord_spellcheck-1.zip: 16%
7/15/2025, 6:50:56 PM GMT+3 [Modules] Streaming discord_spellcheck@1 to /home/dmtr/.config/discord/0.0.102/modules/pending/discord_spellcheck-1.zip: 17%
7/15/2025, 6:50:56 PM GMT+3 [Modules] Streaming discord_spellcheck@1 to /home/dmtr/.config/discord/0.0.102/modules/pending/discord_spellcheck-1.zip: 18%
7/15/2025, 6:50:56 PM GMT+3 [Modules] Streaming discord_spellcheck@1 to /home/dmtr/.config/discord/0.0.102/modules/pending/discord_spellcheck-1.zip: 20%
7/15/2025, 6:50:56 PM GMT+3 [Modules] Streaming discord_spellcheck@1 to /home/dmtr/.config/discord/0.0.102/modules/pending/discord_spellcheck-1.zip: 25%
7/15/2025, 6:50:56 PM GMT+3 [Modules] Streaming discord_spellcheck@1 to /home/dmtr/.config/discord/0.0.102/modules/pending/discord_spellcheck-1.zip: 28%
7/15/2025, 6:50:56 PM GMT+3 [Modules] Streaming discord_spellcheck@1 to /home/dmtr/.config/discord/0.0.102/modules/pending/discord_spellcheck-1.zip: 30%
7/15/2025, 6:50:56 PM GMT+3 [Modules] Streaming discord_spellcheck@1 to /home/dmtr/.config/discord/0.0.102/modules/pending/discord_spellcheck-1.zip: 32%
7/15/2025, 6:50:56 PM GMT+3 [Modules] Streaming discord_spellcheck@1 to /home/dmtr/.config/discord/0.0.102/modules/pending/discord_spellcheck-1.zip: 36%
7/15/2025, 6:50:56 PM GMT+3 [Modules] Streaming discord_spellcheck@1 to /home/dmtr/.config/discord/0.0.102/modules/pending/discord_spellcheck-1.zip: 40%
7/15/2025, 6:50:56 PM GMT+3 [Modules] Streaming discord_spellcheck@1 to /home/dmtr/.config/discord/0.0.102/modules/pending/discord_spellcheck-1.zip: 41%
7/15/2025, 6:50:56 PM GMT+3 [Modules] Streaming discord_spellcheck@1 to /home/dmtr/.config/discord/0.0.102/modules/pending/discord_spellcheck-1.zip: 49%
7/15/2025, 6:50:56 PM GMT+3 [Modules] Streaming discord_spellcheck@1 to /home/dmtr/.config/discord/0.0.102/modules/pending/discord_spellcheck-1.zip: 50%
7/15/2025, 6:50:56 PM GMT+3 [Modules] Streaming discord_spellcheck@1 to /home/dmtr/.config/discord/0.0.102/modules/pending/discord_spellcheck-1.zip: 53%
7/15/2025, 6:50:56 PM GMT+3 [Modules] Streaming discord_spellcheck@1 to /home/dmtr/.config/discord/0.0.102/modules/pending/discord_spellcheck-1.zip: 59%
7/15/2025, 6:50:56 PM GMT+3 [Modules] Streaming discord_spellcheck@1 to /home/dmtr/.config/discord/0.0.102/modules/pending/discord_spellcheck-1.zip: 62%
7/15/2025, 6:50:56 PM GMT+3 [Modules] Streaming discord_spellcheck@1 to /home/dmtr/.config/discord/0.0.102/modules/pending/discord_spellcheck-1.zip: 63%
7/15/2025, 6:50:56 PM GMT+3 [Modules] Streaming discord_spellcheck@1 to /home/dmtr/.config/discord/0.0.102/modules/pending/discord_spellcheck-1.zip: 64%
7/15/2025, 6:50:57 PM GMT+3 [Modules] Streaming discord_spellcheck@1 to /home/dmtr/.config/discord/0.0.102/modules/pending/discord_spellcheck-1.zip: 66%
7/15/2025, 6:50:57 PM GMT+3 [Modules] Streaming discord_spellcheck@1 to /home/dmtr/.config/discord/0.0.102/modules/pending/discord_spellcheck-1.zip: 67%
7/15/2025, 6:50:57 PM GMT+3 [Modules] Streaming discord_spellcheck@1 to /home/dmtr/.config/discord/0.0.102/modules/pending/discord_spellcheck-1.zip: 68%
7/15/2025, 6:50:57 PM GMT+3 [Modules] Streaming discord_spellcheck@1 to /home/dmtr/.config/discord/0.0.102/modules/pending/discord_spellcheck-1.zip: 69%
7/15/2025, 6:50:57 PM GMT+3 [Modules] Streaming discord_spellcheck@1 to /home/dmtr/.config/discord/0.0.102/modules/pending/discord_spellcheck-1.zip: 71%
7/15/2025, 6:50:57 PM GMT+3 [Modules] Streaming discord_spellcheck@1 to /home/dmtr/.config/discord/0.0.102/modules/pending/discord_spellcheck-1.zip: 74%
7/15/2025, 6:50:57 PM GMT+3 [Modules] Streaming discord_spellcheck@1 to /home/dmtr/.config/discord/0.0.102/modules/pending/discord_spellcheck-1.zip: 79%
7/15/2025, 6:50:57 PM GMT+3 [Modules] Streaming discord_spellcheck@1 to /home/dmtr/.config/discord/0.0.102/modules/pending/discord_spellcheck-1.zip: 80%
7/15/2025, 6:50:57 PM GMT+3 [Modules] Streaming discord_spellcheck@1 to /home/dmtr/.config/discord/0.0.102/modules/pending/discord_spellcheck-1.zip: 81%
7/15/2025, 6:50:57 PM GMT+3 [Modules] Streaming discord_spellcheck@1 to /home/dmtr/.config/discord/0.0.102/modules/pending/discord_spellcheck-1.zip: 82%
7/15/2025, 6:50:57 PM GMT+3 [Modules] Streaming discord_spellcheck@1 to /home/dmtr/.config/discord/0.0.102/modules/pending/discord_spellcheck-1.zip: 88%
7/15/2025, 6:50:57 PM GMT+3 [Modules] Streaming discord_spellcheck@1 to /home/dmtr/.config/discord/0.0.102/modules/pending/discord_spellcheck-1.zip: 93%
7/15/2025, 6:50:57 PM GMT+3 [Modules] Streaming discord_spellcheck@1 to /home/dmtr/.config/discord/0.0.102/modules/pending/discord_spellcheck-1.zip: 100%
7/15/2025, 6:50:57 PM GMT+3 [Modules] Fetching discord_utils@1 from https://discord.com/api/modules/stable/discord_utils/1
7/15/2025, 6:50:57 PM GMT+3 [Modules] Streaming discord_utils@1 to /home/dmtr/.config/discord/0.0.102/modules/pending/discord_utils-1.zip
7/15/2025, 6:50:57 PM GMT+3 [Modules] Streaming discord_utils@1 to /home/dmtr/.config/discord/0.0.102/modules/pending/discord_utils-1.zip: 1%
7/15/2025, 6:50:57 PM GMT+3 [Modules] Streaming discord_utils@1 to /home/dmtr/.config/discord/0.0.102/modules/pending/discord_utils-1.zip: 2%
7/15/2025, 6:50:57 PM GMT+3 [Modules] Streaming discord_utils@1 to /home/dmtr/.config/discord/0.0.102/modules/pending/discord_utils-1.zip: 4%
7/15/2025, 6:50:57 PM GMT+3 [Modules] Streaming discord_utils@1 to /home/dmtr/.config/discord/0.0.102/modules/pending/discord_utils-1.zip: 5%
7/15/2025, 6:50:57 PM GMT+3 [Modules] Streaming discord_utils@1 to /home/dmtr/.config/discord/0.0.102/modules/pending/discord_utils-1.zip: 6%
7/15/2025, 6:50:57 PM GMT+3 [Modules] Streaming discord_utils@1 to /home/dmtr/.config/discord/0.0.102/modules/pending/discord_utils-1.zip: 7%
7/15/2025, 6:50:57 PM GMT+3 [Modules] Streaming discord_utils@1 to /home/dmtr/.config/discord/0.0.102/modules/pending/discord_utils-1.zip: 8%
7/15/2025, 6:50:57 PM GMT+3 [Modules] Streaming discord_utils@1 to /home/dmtr/.config/discord/0.0.102/modules/pending/discord_utils-1.zip: 11%
7/15/2025, 6:50:57 PM GMT+3 [Modules] Streaming discord_utils@1 to /home/dmtr/.config/discord/0.0.102/modules/pending/discord_utils-1.zip: 21%
7/15/2025, 6:50:57 PM GMT+3 [Modules] Streaming discord_utils@1 to /home/dmtr/.config/discord/0.0.102/modules/pending/discord_utils-1.zip: 31%
7/15/2025, 6:50:57 PM GMT+3 [Modules] Streaming discord_utils@1 to /home/dmtr/.config/discord/0.0.102/modules/pending/discord_utils-1.zip: 44%
7/15/2025, 6:50:57 PM GMT+3 [Modules] Streaming discord_utils@1 to /home/dmtr/.config/discord/0.0.102/modules/pending/discord_utils-1.zip: 51%
7/15/2025, 6:50:57 PM GMT+3 [Modules] Streaming discord_utils@1 to /home/dmtr/.config/discord/0.0.102/modules/pending/discord_utils-1.zip: 67%
7/15/2025, 6:50:57 PM GMT+3 [Modules] Streaming discord_utils@1 to /home/dmtr/.config/discord/0.0.102/modules/pending/discord_utils-1.zip: 77%
7/15/2025, 6:50:57 PM GMT+3 [Modules] Streaming discord_utils@1 to /home/dmtr/.config/discord/0.0.102/modules/pending/discord_utils-1.zip: 83%
7/15/2025, 6:50:57 PM GMT+3 [Modules] Streaming discord_utils@1 to /home/dmtr/.config/discord/0.0.102/modules/pending/discord_utils-1.zip: 88%
7/15/2025, 6:50:57 PM GMT+3 [Modules] Streaming discord_utils@1 to /home/dmtr/.config/discord/0.0.102/modules/pending/discord_utils-1.zip: 98%
7/15/2025, 6:50:57 PM GMT+3 [Modules] Streaming discord_utils@1 to /home/dmtr/.config/discord/0.0.102/modules/pending/discord_utils-1.zip: 100%
7/15/2025, 6:50:57 PM GMT+3 [Modules] Fetching discord_voice@1 from https://discord.com/api/modules/stable/discord_voice/1
7/15/2025, 6:50:57 PM GMT+3 [Modules] Streaming discord_voice@1 to /home/dmtr/.config/discord/0.0.102/modules/pending/discord_voice-1.zip
7/15/2025, 6:50:57 PM GMT+3 [Modules] Streaming discord_voice@1 to /home/dmtr/.config/discord/0.0.102/modules/pending/discord_voice-1.zip: 1%
7/15/2025, 6:50:57 PM GMT+3 [Modules] Streaming discord_voice@1 to /home/dmtr/.config/discord/0.0.102/modules/pending/discord_voice-1.zip: 2%
7/15/2025, 6:50:57 PM GMT+3 [Modules] Streaming discord_voice@1 to /home/dmtr/.config/discord/0.0.102/modules/pending/discord_voice-1.zip: 3%
7/15/2025, 6:50:57 PM GMT+3 [Modules] Streaming discord_voice@1 to /home/dmtr/.config/discord/0.0.102/modules/pending/discord_voice-1.zip: 4%
7/15/2025, 6:50:57 PM GMT+3 [Modules] Streaming discord_voice@1 to /home/dmtr/.config/discord/0.0.102/modules/pending/discord_voice-1.zip: 5%
7/15/2025, 6:50:57 PM GMT+3 [Modules] Streaming discord_voice@1 to /home/dmtr/.config/discord/0.0.102/modules/pending/discord_voice-1.zip: 6%
7/15/2025, 6:50:57 PM GMT+3 [Modules] Streaming discord_voice@1 to /home/dmtr/.config/discord/0.0.102/modules/pending/discord_voice-1.zip: 7%
7/15/2025, 6:50:57 PM GMT+3 [Modules] Streaming discord_voice@1 to /home/dmtr/.config/discord/0.0.102/modules/pending/discord_voice-1.zip: 8%
7/15/2025, 6:50:57 PM GMT+3 [Modules] Streaming discord_voice@1 to /home/dmtr/.config/discord/0.0.102/modules/pending/discord_voice-1.zip: 9%
7/15/2025, 6:50:57 PM GMT+3 [Modules] Streaming discord_voice@1 to /home/dmtr/.config/discord/0.0.102/modules/pending/discord_voice-1.zip: 10%
7/15/2025, 6:50:57 PM GMT+3 [Modules] Streaming discord_voice@1 to /home/dmtr/.config/discord/0.0.102/modules/pending/discord_voice-1.zip: 11%
7/15/2025, 6:50:57 PM GMT+3 [Modules] Streaming discord_voice@1 to /home/dmtr/.config/discord/0.0.102/modules/pending/discord_voice-1.zip: 12%
7/15/2025, 6:50:57 PM GMT+3 [Modules] Streaming discord_voice@1 to /home/dmtr/.config/discord/0.0.102/modules/pending/discord_voice-1.zip: 13%
7/15/2025, 6:50:57 PM GMT+3 [Modules] Streaming discord_voice@1 to /home/dmtr/.config/discord/0.0.102/modules/pending/discord_voice-1.zip: 14%
7/15/2025, 6:50:57 PM GMT+3 [Modules] Streaming discord_voice@1 to /home/dmtr/.config/discord/0.0.102/modules/pending/discord_voice-1.zip: 15%
7/15/2025, 6:50:57 PM GMT+3 [Modules] Streaming discord_voice@1 to /home/dmtr/.config/discord/0.0.102/modules/pending/discord_voice-1.zip: 16%
7/15/2025, 6:50:57 PM GMT+3 [Modules] Streaming discord_voice@1 to /home/dmtr/.config/discord/0.0.102/modules/pending/discord_voice-1.zip: 17%
7/15/2025, 6:50:57 PM GMT+3 [Modules] Streaming discord_voice@1 to /home/dmtr/.config/discord/0.0.102/modules/pending/discord_voice-1.zip: 18%
7/15/2025, 6:50:57 PM GMT+3 [Modules] Streaming discord_voice@1 to /home/dmtr/.config/discord/0.0.102/modules/pending/discord_voice-1.zip: 19%
7/15/2025, 6:50:57 PM GMT+3 [Modules] Streaming discord_voice@1 to /home/dmtr/.config/discord/0.0.102/modules/pending/discord_voice-1.zip: 20%
7/15/2025, 6:50:57 PM GMT+3 [Modules] Streaming discord_voice@1 to /home/dmtr/.config/discord/0.0.102/modules/pending/discord_voice-1.zip: 22%
7/15/2025, 6:50:57 PM GMT+3 [Modules] Streaming discord_voice@1 to /home/dmtr/.config/discord/0.0.102/modules/pending/discord_voice-1.zip: 23%
7/15/2025, 6:50:57 PM GMT+3 [Modules] Streaming discord_voice@1 to /home/dmtr/.config/discord/0.0.102/modules/pending/discord_voice-1.zip: 24%
7/15/2025, 6:50:57 PM GMT+3 [Modules] Streaming discord_voice@1 to /home/dmtr/.config/discord/0.0.102/modules/pending/discord_voice-1.zip: 25%
7/15/2025, 6:50:58 PM GMT+3 [Modules] Streaming discord_voice@1 to /home/dmtr/.config/discord/0.0.102/modules/pending/discord_voice-1.zip: 26%
7/15/2025, 6:50:58 PM GMT+3 [Modules] Streaming discord_voice@1 to /home/dmtr/.config/discord/0.0.102/modules/pending/discord_voice-1.zip: 27%
7/15/2025, 6:50:58 PM GMT+3 [Modules] Streaming discord_voice@1 to /home/dmtr/.config/discord/0.0.102/modules/pending/discord_voice-1.zip: 28%
7/15/2025, 6:50:58 PM GMT+3 [Modules] Streaming discord_voice@1 to /home/dmtr/.config/discord/0.0.102/modules/pending/discord_voice-1.zip: 29%
7/15/2025, 6:50:58 PM GMT+3 [Modules] Streaming discord_voice@1 to /home/dmtr/.config/discord/0.0.102/modules/pending/discord_voice-1.zip: 30%
7/15/2025, 6:50:58 PM GMT+3 [Modules] Streaming discord_voice@1 to /home/dmtr/.config/discord/0.0.102/modules/pending/discord_voice-1.zip: 31%
7/15/2025, 6:50:58 PM GMT+3 [Modules] Streaming discord_voice@1 to /home/dmtr/.config/discord/0.0.102/modules/pending/discord_voice-1.zip: 32%
7/15/2025, 6:50:58 PM GMT+3 [Modules] Streaming discord_voice@1 to /home/dmtr/.config/discord/0.0.102/modules/pending/discord_voice-1.zip: 33%
7/15/2025, 6:50:58 PM GMT+3 [Modules] Streaming discord_voice@1 to /home/dmtr/.config/discord/0.0.102/modules/pending/discord_voice-1.zip: 34%
7/15/2025, 6:50:58 PM GMT+3 [Modules] Streaming discord_voice@1 to /home/dmtr/.config/discord/0.0.102/modules/pending/discord_voice-1.zip: 35%
7/15/2025, 6:50:58 PM GMT+3 [Modules] Streaming discord_voice@1 to /home/dmtr/.config/discord/0.0.102/modules/pending/discord_voice-1.zip: 36%
7/15/2025, 6:50:58 PM GMT+3 [Modules] Streaming discord_voice@1 to /home/dmtr/.config/discord/0.0.102/modules/pending/discord_voice-1.zip: 37%
7/15/2025, 6:50:58 PM GMT+3 [Modules] Streaming discord_voice@1 to /home/dmtr/.config/discord/0.0.102/modules/pending/discord_voice-1.zip: 38%
7/15/2025, 6:50:58 PM GMT+3 [Modules] Streaming discord_voice@1 to /home/dmtr/.config/discord/0.0.102/modules/pending/discord_voice-1.zip: 40%
7/15/2025, 6:50:58 PM GMT+3 [Modules] Streaming discord_voice@1 to /home/dmtr/.config/discord/0.0.102/modules/pending/discord_voice-1.zip: 41%
7/15/2025, 6:50:58 PM GMT+3 [Modules] Streaming discord_voice@1 to /home/dmtr/.config/discord/0.0.102/modules/pending/discord_voice-1.zip: 42%
7/15/2025, 6:50:58 PM GMT+3 [Modules] Streaming discord_voice@1 to /home/dmtr/.config/discord/0.0.102/modules/pending/discord_voice-1.zip: 43%
7/15/2025, 6:50:58 PM GMT+3 [Modules] Streaming discord_voice@1 to /home/dmtr/.config/discord/0.0.102/modules/pending/discord_voice-1.zip: 44%
7/15/2025, 6:50:58 PM GMT+3 [Modules] Streaming discord_voice@1 to /home/dmtr/.config/discord/0.0.102/modules/pending/discord_voice-1.zip: 45%
7/15/2025, 6:50:58 PM GMT+3 [Modules] Streaming discord_voice@1 to /home/dmtr/.config/discord/0.0.102/modules/pending/discord_voice-1.zip: 46%
7/15/2025, 6:50:58 PM GMT+3 [Modules] Streaming discord_voice@1 to /home/dmtr/.config/discord/0.0.102/modules/pending/discord_voice-1.zip: 47%
7/15/2025, 6:50:58 PM GMT+3 [Modules] Streaming discord_voice@1 to /home/dmtr/.config/discord/0.0.102/modules/pending/discord_voice-1.zip: 48%
7/15/2025, 6:50:58 PM GMT+3 [Modules] Streaming discord_voice@1 to /home/dmtr/.config/discord/0.0.102/modules/pending/discord_voice-1.zip: 49%
7/15/2025, 6:50:58 PM GMT+3 [Modules] Streaming discord_voice@1 to /home/dmtr/.config/discord/0.0.102/modules/pending/discord_voice-1.zip: 50%
7/15/2025, 6:50:58 PM GMT+3 [Modules] Streaming discord_voice@1 to /home/dmtr/.config/discord/0.0.102/modules/pending/discord_voice-1.zip: 51%
7/15/2025, 6:50:58 PM GMT+3 [Modules] Streaming discord_voice@1 to /home/dmtr/.config/discord/0.0.102/modules/pending/discord_voice-1.zip: 52%
7/15/2025, 6:50:58 PM GMT+3 [Modules] Streaming discord_voice@1 to /home/dmtr/.config/discord/0.0.102/modules/pending/discord_voice-1.zip: 53%
7/15/2025, 6:50:58 PM GMT+3 [Modules] Streaming discord_voice@1 to /home/dmtr/.config/discord/0.0.102/modules/pending/discord_voice-1.zip: 54%
7/15/2025, 6:50:58 PM GMT+3 [Modules] Streaming discord_voice@1 to /home/dmtr/.config/discord/0.0.102/modules/pending/discord_voice-1.zip: 55%
7/15/2025, 6:50:58 PM GMT+3 [Modules] Streaming discord_voice@1 to /home/dmtr/.config/discord/0.0.102/modules/pending/discord_voice-1.zip: 56%
7/15/2025, 6:50:58 PM GMT+3 [Modules] Streaming discord_voice@1 to /home/dmtr/.config/discord/0.0.102/modules/pending/discord_voice-1.zip: 57%
7/15/2025, 6:50:58 PM GMT+3 [Modules] Streaming discord_voice@1 to /home/dmtr/.config/discord/0.0.102/modules/pending/discord_voice-1.zip: 58%
7/15/2025, 6:50:58 PM GMT+3 [Modules] Streaming discord_voice@1 to /home/dmtr/.config/discord/0.0.102/modules/pending/discord_voice-1.zip: 59%
7/15/2025, 6:50:58 PM GMT+3 [Modules] Streaming discord_voice@1 to /home/dmtr/.config/discord/0.0.102/modules/pending/discord_voice-1.zip: 60%
7/15/2025, 6:50:58 PM GMT+3 [Modules] Streaming discord_voice@1 to /home/dmtr/.config/discord/0.0.102/modules/pending/discord_voice-1.zip: 61%
7/15/2025, 6:50:58 PM GMT+3 [Modules] Streaming discord_voice@1 to /home/dmtr/.config/discord/0.0.102/modules/pending/discord_voice-1.zip: 63%
7/15/2025, 6:50:58 PM GMT+3 [Modules] Streaming discord_voice@1 to /home/dmtr/.config/discord/0.0.102/modules/pending/discord_voice-1.zip: 66%
7/15/2025, 6:50:58 PM GMT+3 [Modules] Streaming discord_voice@1 to /home/dmtr/.config/discord/0.0.102/modules/pending/discord_voice-1.zip: 69%
7/15/2025, 6:50:58 PM GMT+3 [Modules] Streaming discord_voice@1 to /home/dmtr/.config/discord/0.0.102/modules/pending/discord_voice-1.zip: 73%
7/15/2025, 6:50:58 PM GMT+3 [Modules] Streaming discord_voice@1 to /home/dmtr/.config/discord/0.0.102/modules/pending/discord_voice-1.zip: 74%
7/15/2025, 6:50:58 PM GMT+3 [Modules] Streaming discord_voice@1 to /home/dmtr/.config/discord/0.0.102/modules/pending/discord_voice-1.zip: 75%
7/15/2025, 6:50:58 PM GMT+3 [Modules] Streaming discord_voice@1 to /home/dmtr/.config/discord/0.0.102/modules/pending/discord_voice-1.zip: 76%
7/15/2025, 6:50:58 PM GMT+3 [Modules] Streaming discord_voice@1 to /home/dmtr/.config/discord/0.0.102/modules/pending/discord_voice-1.zip: 77%
7/15/2025, 6:50:58 PM GMT+3 [Modules] Streaming discord_voice@1 to /home/dmtr/.config/discord/0.0.102/modules/pending/discord_voice-1.zip: 78%
7/15/2025, 6:50:58 PM GMT+3 [Modules] Streaming discord_voice@1 to /home/dmtr/.config/discord/0.0.102/modules/pending/discord_voice-1.zip: 79%
7/15/2025, 6:50:58 PM GMT+3 [Modules] Streaming discord_voice@1 to /home/dmtr/.config/discord/0.0.102/modules/pending/discord_voice-1.zip: 80%
7/15/2025, 6:50:58 PM GMT+3 [Modules] Streaming discord_voice@1 to /home/dmtr/.config/discord/0.0.102/modules/pending/discord_voice-1.zip: 81%
7/15/2025, 6:50:58 PM GMT+3 [Modules] Streaming discord_voice@1 to /home/dmtr/.config/discord/0.0.102/modules/pending/discord_voice-1.zip: 82%
7/15/2025, 6:50:58 PM GMT+3 [Modules] Streaming discord_voice@1 to /home/dmtr/.config/discord/0.0.102/modules/pending/discord_voice-1.zip: 83%
7/15/2025, 6:50:58 PM GMT+3 [Modules] Streaming discord_voice@1 to /home/dmtr/.config/discord/0.0.102/modules/pending/discord_voice-1.zip: 85%
7/15/2025, 6:50:58 PM GMT+3 [Modules] Streaming discord_voice@1 to /home/dmtr/.config/discord/0.0.102/modules/pending/discord_voice-1.zip: 86%
7/15/2025, 6:50:58 PM GMT+3 [Modules] Streaming discord_voice@1 to /home/dmtr/.config/discord/0.0.102/modules/pending/discord_voice-1.zip: 87%
7/15/2025, 6:50:58 PM GMT+3 [Modules] Streaming discord_voice@1 to /home/dmtr/.config/discord/0.0.102/modules/pending/discord_voice-1.zip: 89%
7/15/2025, 6:50:58 PM GMT+3 [Modules] Streaming discord_voice@1 to /home/dmtr/.config/discord/0.0.102/modules/pending/discord_voice-1.zip: 90%
7/15/2025, 6:50:58 PM GMT+3 [Modules] Streaming discord_voice@1 to /home/dmtr/.config/discord/0.0.102/modules/pending/discord_voice-1.zip: 93%
7/15/2025, 6:50:58 PM GMT+3 [Modules] Streaming discord_voice@1 to /home/dmtr/.config/discord/0.0.102/modules/pending/discord_voice-1.zip: 94%
7/15/2025, 6:50:58 PM GMT+3 [Modules] Streaming discord_voice@1 to /home/dmtr/.config/discord/0.0.102/modules/pending/discord_voice-1.zip: 97%
7/15/2025, 6:50:58 PM GMT+3 [Modules] Streaming discord_voice@1 to /home/dmtr/.config/discord/0.0.102/modules/pending/discord_voice-1.zip: 99%
7/15/2025, 6:50:58 PM GMT+3 [Modules] Streaming discord_voice@1 to /home/dmtr/.config/discord/0.0.102/modules/pending/discord_voice-1.zip: 100%
7/15/2025, 6:50:58 PM GMT+3 [Modules] Fetching discord_zstd@1 from https://discord.com/api/modules/stable/discord_zstd/1
7/15/2025, 6:50:58 PM GMT+3 [Modules] Streaming discord_zstd@1 to /home/dmtr/.config/discord/0.0.102/modules/pending/discord_zstd-1.zip
7/15/2025, 6:50:58 PM GMT+3 [Modules] Streaming discord_zstd@1 to /home/dmtr/.config/discord/0.0.102/modules/pending/discord_zstd-1.zip: 1%
7/15/2025, 6:50:58 PM GMT+3 [Modules] Streaming discord_zstd@1 to /home/dmtr/.config/discord/0.0.102/modules/pending/discord_zstd-1.zip: 17%
7/15/2025, 6:50:58 PM GMT+3 [Modules] Streaming discord_zstd@1 to /home/dmtr/.config/discord/0.0.102/modules/pending/discord_zstd-1.zip: 25%
7/15/2025, 6:50:58 PM GMT+3 [Modules] Streaming discord_zstd@1 to /home/dmtr/.config/discord/0.0.102/modules/pending/discord_zstd-1.zip: 35%
7/15/2025, 6:50:58 PM GMT+3 [Modules] Streaming discord_zstd@1 to /home/dmtr/.config/discord/0.0.102/modules/pending/discord_zstd-1.zip: 47%
7/15/2025, 6:50:58 PM GMT+3 [Modules] Streaming discord_zstd@1 to /home/dmtr/.config/discord/0.0.102/modules/pending/discord_zstd-1.zip: 63%
7/15/2025, 6:50:58 PM GMT+3 [Modules] Streaming discord_zstd@1 to /home/dmtr/.config/discord/0.0.102/modules/pending/discord_zstd-1.zip: 69%
7/15/2025, 6:50:58 PM GMT+3 [Modules] Streaming discord_zstd@1 to /home/dmtr/.config/discord/0.0.102/modules/pending/discord_zstd-1.zip: 79%
7/15/2025, 6:50:58 PM GMT+3 [Modules] Streaming discord_zstd@1 to /home/dmtr/.config/discord/0.0.102/modules/pending/discord_zstd-1.zip: 98%
7/15/2025, 6:50:58 PM GMT+3 [Modules] Streaming discord_zstd@1 to /home/dmtr/.config/discord/0.0.102/modules/pending/discord_zstd-1.zip: 99%
7/15/2025, 6:50:58 PM GMT+3 [Modules] Streaming discord_zstd@1 to /home/dmtr/.config/discord/0.0.102/modules/pending/discord_zstd-1.zip: 100%
7/15/2025, 6:50:58 PM GMT+3 [Modules] Finished module downloads. [success: 6] [failure: 0]
7/15/2025, 6:50:58 PM GMT+3 [Modules] Installing updates...
7/15/2025, 6:50:58 PM GMT+3 [Modules] Installing discord_desktop_core@1 from /home/dmtr/.config/discord/0.0.102/modules/pending/discord_desktop_core-1.zip
7/15/2025, 6:50:59 PM GMT+3 [Modules] Installing discord_erlpack@1 from /home/dmtr/.config/discord/0.0.102/modules/pending/discord_erlpack-1.zip
7/15/2025, 6:50:59 PM GMT+3 [Modules] Installing discord_spellcheck@1 from /home/dmtr/.config/discord/0.0.102/modules/pending/discord_spellcheck-1.zip
7/15/2025, 6:51:00 PM GMT+3 [Modules] Installing discord_utils@1 from /home/dmtr/.config/discord/0.0.102/modules/pending/discord_utils-1.zip
7/15/2025, 6:51:00 PM GMT+3 [Modules] Installing discord_voice@1 from /home/dmtr/.config/discord/0.0.102/modules/pending/discord_voice-1.zip
7/15/2025, 6:51:00 PM GMT+3 [Modules] Installing discord_zstd@1 from /home/dmtr/.config/discord/0.0.102/modules/pending/discord_zstd-1.zip
7/15/2025, 6:51:00 PM GMT+3 [Modules] Finished module installations. [success: 6] [failure: 0]
7/15/2025, 6:51:00 PM GMT+3 [Modules] Checking for host updates.
7/15/2025, 6:51:01 PM GMT+3 [Modules] Host is up to date.
7/15/2025, 6:51:01 PM GMT+3 [Modules] Checking for module updates at https://discord.com/api/modules/stable/versions.json
7/15/2025, 6:51:01 PM GMT+3 [Modules] No module updates available.
7/15/2025, 6:51:03 PM GMT+3 [Modules] Starting to install discord_krisp...
7/15/2025, 6:51:03 PM GMT+3 [Modules] Fetching discord_krisp@1 from https://discord.com/api/modules/stable/discord_krisp/1
7/15/2025, 6:51:03 PM GMT+3 [Modules] Streaming discord_krisp@1 to /home/dmtr/.config/discord/0.0.102/modules/pending/discord_krisp-1.zip
7/15/2025, 6:51:03 PM GMT+3 [Modules] Starting to install discord_game_utils...
7/15/2025, 6:51:03 PM GMT+3 [Modules] Streaming discord_krisp@1 to /home/dmtr/.config/discord/0.0.102/modules/pending/discord_krisp-1.zip: 1%
7/15/2025, 6:51:03 PM GMT+3 [Modules] Streaming discord_krisp@1 to /home/dmtr/.config/discord/0.0.102/modules/pending/discord_krisp-1.zip: 2%
7/15/2025, 6:51:03 PM GMT+3 [Modules] Streaming discord_krisp@1 to /home/dmtr/.config/discord/0.0.102/modules/pending/discord_krisp-1.zip: 3%
7/15/2025, 6:51:03 PM GMT+3 [Modules] Streaming discord_krisp@1 to /home/dmtr/.config/discord/0.0.102/modules/pending/discord_krisp-1.zip: 4%
7/15/2025, 6:51:03 PM GMT+3 [Modules] Streaming discord_krisp@1 to /home/dmtr/.config/discord/0.0.102/modules/pending/discord_krisp-1.zip: 8%
7/15/2025, 6:51:03 PM GMT+3 [Modules] Streaming discord_krisp@1 to /home/dmtr/.config/discord/0.0.102/modules/pending/discord_krisp-1.zip: 9%
7/15/2025, 6:51:03 PM GMT+3 [Modules] Streaming discord_krisp@1 to /home/dmtr/.config/discord/0.0.102/modules/pending/discord_krisp-1.zip: 10%
7/15/2025, 6:51:03 PM GMT+3 [Modules] Streaming discord_krisp@1 to /home/dmtr/.config/discord/0.0.102/modules/pending/discord_krisp-1.zip: 11%
7/15/2025, 6:51:03 PM GMT+3 [Modules] Streaming discord_krisp@1 to /home/dmtr/.config/discord/0.0.102/modules/pending/discord_krisp-1.zip: 12%
7/15/2025, 6:51:03 PM GMT+3 [Modules] Streaming discord_krisp@1 to /home/dmtr/.config/discord/0.0.102/modules/pending/discord_krisp-1.zip: 13%
7/15/2025, 6:51:03 PM GMT+3 [Modules] Streaming discord_krisp@1 to /home/dmtr/.config/discord/0.0.102/modules/pending/discord_krisp-1.zip: 14%
7/15/2025, 6:51:03 PM GMT+3 [Modules] Streaming discord_krisp@1 to /home/dmtr/.config/discord/0.0.102/modules/pending/discord_krisp-1.zip: 15%
7/15/2025, 6:51:03 PM GMT+3 [Modules] Streaming discord_krisp@1 to /home/dmtr/.config/discord/0.0.102/modules/pending/discord_krisp-1.zip: 16%
7/15/2025, 6:51:03 PM GMT+3 [Modules] Streaming discord_krisp@1 to /home/dmtr/.config/discord/0.0.102/modules/pending/discord_krisp-1.zip: 17%
7/15/2025, 6:51:03 PM GMT+3 [Modules] Streaming discord_krisp@1 to /home/dmtr/.config/discord/0.0.102/modules/pending/discord_krisp-1.zip: 18%
7/15/2025, 6:51:03 PM GMT+3 [Modules] Streaming discord_krisp@1 to /home/dmtr/.config/discord/0.0.102/modules/pending/discord_krisp-1.zip: 19%
7/15/2025, 6:51:03 PM GMT+3 [Modules] Streaming discord_krisp@1 to /home/dmtr/.config/discord/0.0.102/modules/pending/discord_krisp-1.zip: 20%
7/15/2025, 6:51:03 PM GMT+3 [Modules] Streaming discord_krisp@1 to /home/dmtr/.config/discord/0.0.102/modules/pending/discord_krisp-1.zip: 24%
7/15/2025, 6:51:03 PM GMT+3 [Modules] Streaming discord_krisp@1 to /home/dmtr/.config/discord/0.0.102/modules/pending/discord_krisp-1.zip: 25%
7/15/2025, 6:51:03 PM GMT+3 [Modules] Streaming discord_krisp@1 to /home/dmtr/.config/discord/0.0.102/modules/pending/discord_krisp-1.zip: 26%
7/15/2025, 6:51:03 PM GMT+3 [Modules] Streaming discord_krisp@1 to /home/dmtr/.config/discord/0.0.102/modules/pending/discord_krisp-1.zip: 27%
7/15/2025, 6:51:03 PM GMT+3 [Modules] Streaming discord_krisp@1 to /home/dmtr/.config/discord/0.0.102/modules/pending/discord_krisp-1.zip: 28%
7/15/2025, 6:51:03 PM GMT+3 [Modules] Streaming discord_krisp@1 to /home/dmtr/.config/discord/0.0.102/modules/pending/discord_krisp-1.zip: 29%
7/15/2025, 6:51:03 PM GMT+3 [Modules] Streaming discord_krisp@1 to /home/dmtr/.config/discord/0.0.102/modules/pending/discord_krisp-1.zip: 30%
7/15/2025, 6:51:03 PM GMT+3 [Modules] Streaming discord_krisp@1 to /home/dmtr/.config/discord/0.0.102/modules/pending/discord_krisp-1.zip: 31%
7/15/2025, 6:51:03 PM GMT+3 [Modules] Streaming discord_krisp@1 to /home/dmtr/.config/discord/0.0.102/modules/pending/discord_krisp-1.zip: 32%
7/15/2025, 6:51:03 PM GMT+3 [Modules] Streaming discord_krisp@1 to /home/dmtr/.config/discord/0.0.102/modules/pending/discord_krisp-1.zip: 33%
7/15/2025, 6:51:03 PM GMT+3 [Modules] Streaming discord_krisp@1 to /home/dmtr/.config/discord/0.0.102/modules/pending/discord_krisp-1.zip: 34%
7/15/2025, 6:51:03 PM GMT+3 [Modules] Streaming discord_krisp@1 to /home/dmtr/.config/discord/0.0.102/modules/pending/discord_krisp-1.zip: 35%
7/15/2025, 6:51:03 PM GMT+3 [Modules] Streaming discord_krisp@1 to /home/dmtr/.config/discord/0.0.102/modules/pending/discord_krisp-1.zip: 36%
7/15/2025, 6:51:03 PM GMT+3 [Modules] Streaming discord_krisp@1 to /home/dmtr/.config/discord/0.0.102/modules/pending/discord_krisp-1.zip: 37%
7/15/2025, 6:51:03 PM GMT+3 [Modules] Streaming discord_krisp@1 to /home/dmtr/.config/discord/0.0.102/modules/pending/discord_krisp-1.zip: 38%
7/15/2025, 6:51:03 PM GMT+3 [Modules] Streaming discord_krisp@1 to /home/dmtr/.config/discord/0.0.102/modules/pending/discord_krisp-1.zip: 39%
7/15/2025, 6:51:03 PM GMT+3 [Modules] Streaming discord_krisp@1 to /home/dmtr/.config/discord/0.0.102/modules/pending/discord_krisp-1.zip: 40%
7/15/2025, 6:51:03 PM GMT+3 [Modules] Streaming discord_krisp@1 to /home/dmtr/.config/discord/0.0.102/modules/pending/discord_krisp-1.zip: 41%
7/15/2025, 6:51:03 PM GMT+3 [Modules] Streaming discord_krisp@1 to /home/dmtr/.config/discord/0.0.102/modules/pending/discord_krisp-1.zip: 42%
7/15/2025, 6:51:03 PM GMT+3 [Modules] Streaming discord_krisp@1 to /home/dmtr/.config/discord/0.0.102/modules/pending/discord_krisp-1.zip: 43%
7/15/2025, 6:51:03 PM GMT+3 [Modules] Streaming discord_krisp@1 to /home/dmtr/.config/discord/0.0.102/modules/pending/discord_krisp-1.zip: 44%
7/15/2025, 6:51:03 PM GMT+3 [Modules] Streaming discord_krisp@1 to /home/dmtr/.config/discord/0.0.102/modules/pending/discord_krisp-1.zip: 46%
7/15/2025, 6:51:03 PM GMT+3 [Modules] Streaming discord_krisp@1 to /home/dmtr/.config/discord/0.0.102/modules/pending/discord_krisp-1.zip: 47%
7/15/2025, 6:51:03 PM GMT+3 [Modules] Streaming discord_krisp@1 to /home/dmtr/.config/discord/0.0.102/modules/pending/discord_krisp-1.zip: 48%
7/15/2025, 6:51:03 PM GMT+3 [Modules] Streaming discord_krisp@1 to /home/dmtr/.config/discord/0.0.102/modules/pending/discord_krisp-1.zip: 49%
7/15/2025, 6:51:03 PM GMT+3 [Modules] Streaming discord_krisp@1 to /home/dmtr/.config/discord/0.0.102/modules/pending/discord_krisp-1.zip: 50%
7/15/2025, 6:51:03 PM GMT+3 [Modules] Streaming discord_krisp@1 to /home/dmtr/.config/discord/0.0.102/modules/pending/discord_krisp-1.zip: 51%
7/15/2025, 6:51:03 PM GMT+3 [Modules] Streaming discord_krisp@1 to /home/dmtr/.config/discord/0.0.102/modules/pending/discord_krisp-1.zip: 52%
7/15/2025, 6:51:03 PM GMT+3 [Modules] Streaming discord_krisp@1 to /home/dmtr/.config/discord/0.0.102/modules/pending/discord_krisp-1.zip: 53%
7/15/2025, 6:51:03 PM GMT+3 [Modules] Streaming discord_krisp@1 to /home/dmtr/.config/discord/0.0.102/modules/pending/discord_krisp-1.zip: 54%
7/15/2025, 6:51:03 PM GMT+3 [Modules] Streaming discord_krisp@1 to /home/dmtr/.config/discord/0.0.102/modules/pending/discord_krisp-1.zip: 55%
7/15/2025, 6:51:03 PM GMT+3 [Modules] Streaming discord_krisp@1 to /home/dmtr/.config/discord/0.0.102/modules/pending/discord_krisp-1.zip: 56%
7/15/2025, 6:51:03 PM GMT+3 [Modules] Streaming discord_krisp@1 to /home/dmtr/.config/discord/0.0.102/modules/pending/discord_krisp-1.zip: 57%
7/15/2025, 6:51:03 PM GMT+3 [Modules] Streaming discord_krisp@1 to /home/dmtr/.config/discord/0.0.102/modules/pending/discord_krisp-1.zip: 58%
7/15/2025, 6:51:03 PM GMT+3 [Modules] Streaming discord_krisp@1 to /home/dmtr/.config/discord/0.0.102/modules/pending/discord_krisp-1.zip: 59%
7/15/2025, 6:51:03 PM GMT+3 [Modules] Streaming discord_krisp@1 to /home/dmtr/.config/discord/0.0.102/modules/pending/discord_krisp-1.zip: 60%
7/15/2025, 6:51:03 PM GMT+3 [Modules] Streaming discord_krisp@1 to /home/dmtr/.config/discord/0.0.102/modules/pending/discord_krisp-1.zip: 61%
7/15/2025, 6:51:04 PM GMT+3 [Modules] Streaming discord_krisp@1 to /home/dmtr/.config/discord/0.0.102/modules/pending/discord_krisp-1.zip: 62%
7/15/2025, 6:51:04 PM GMT+3 [Modules] Streaming discord_krisp@1 to /home/dmtr/.config/discord/0.0.102/modules/pending/discord_krisp-1.zip: 63%
7/15/2025, 6:51:04 PM GMT+3 [Modules] Streaming discord_krisp@1 to /home/dmtr/.config/discord/0.0.102/modules/pending/discord_krisp-1.zip: 64%
7/15/2025, 6:51:04 PM GMT+3 [Modules] Streaming discord_krisp@1 to /home/dmtr/.config/discord/0.0.102/modules/pending/discord_krisp-1.zip: 65%
7/15/2025, 6:51:04 PM GMT+3 [Modules] Streaming discord_krisp@1 to /home/dmtr/.config/discord/0.0.102/modules/pending/discord_krisp-1.zip: 66%
7/15/2025, 6:51:04 PM GMT+3 [Modules] Streaming discord_krisp@1 to /home/dmtr/.config/discord/0.0.102/modules/pending/discord_krisp-1.zip: 67%
7/15/2025, 6:51:04 PM GMT+3 [Modules] Streaming discord_krisp@1 to /home/dmtr/.config/discord/0.0.102/modules/pending/discord_krisp-1.zip: 68%
7/15/2025, 6:51:04 PM GMT+3 [Modules] Streaming discord_krisp@1 to /home/dmtr/.config/discord/0.0.102/modules/pending/discord_krisp-1.zip: 69%
7/15/2025, 6:51:04 PM GMT+3 [Modules] Streaming discord_krisp@1 to /home/dmtr/.config/discord/0.0.102/modules/pending/discord_krisp-1.zip: 70%
7/15/2025, 6:51:04 PM GMT+3 [Modules] Starting to install discord_rpc...
7/15/2025, 6:51:04 PM GMT+3 [Modules] Streaming discord_krisp@1 to /home/dmtr/.config/discord/0.0.102/modules/pending/discord_krisp-1.zip: 72%
7/15/2025, 6:51:04 PM GMT+3 [Modules] Streaming discord_krisp@1 to /home/dmtr/.config/discord/0.0.102/modules/pending/discord_krisp-1.zip: 73%
7/15/2025, 6:51:04 PM GMT+3 [Modules] Streaming discord_krisp@1 to /home/dmtr/.config/discord/0.0.102/modules/pending/discord_krisp-1.zip: 74%
7/15/2025, 6:51:04 PM GMT+3 [Modules] Streaming discord_krisp@1 to /home/dmtr/.config/discord/0.0.102/modules/pending/discord_krisp-1.zip: 75%
7/15/2025, 6:51:04 PM GMT+3 [Modules] Streaming discord_krisp@1 to /home/dmtr/.config/discord/0.0.102/modules/pending/discord_krisp-1.zip: 76%
7/15/2025, 6:51:04 PM GMT+3 [Modules] Streaming discord_krisp@1 to /home/dmtr/.config/discord/0.0.102/modules/pending/discord_krisp-1.zip: 77%
7/15/2025, 6:51:04 PM GMT+3 [Modules] Streaming discord_krisp@1 to /home/dmtr/.config/discord/0.0.102/modules/pending/discord_krisp-1.zip: 78%
7/15/2025, 6:51:04 PM GMT+3 [Modules] Streaming discord_krisp@1 to /home/dmtr/.config/discord/0.0.102/modules/pending/discord_krisp-1.zip: 79%
7/15/2025, 6:51:04 PM GMT+3 [Modules] Streaming discord_krisp@1 to /home/dmtr/.config/discord/0.0.102/modules/pending/discord_krisp-1.zip: 80%
7/15/2025, 6:51:04 PM GMT+3 [Modules] Streaming discord_krisp@1 to /home/dmtr/.config/discord/0.0.102/modules/pending/discord_krisp-1.zip: 81%
7/15/2025, 6:51:04 PM GMT+3 [Modules] Streaming discord_krisp@1 to /home/dmtr/.config/discord/0.0.102/modules/pending/discord_krisp-1.zip: 82%
7/15/2025, 6:51:04 PM GMT+3 [Modules] Streaming discord_krisp@1 to /home/dmtr/.config/discord/0.0.102/modules/pending/discord_krisp-1.zip: 83%
7/15/2025, 6:51:04 PM GMT+3 [Modules] Streaming discord_krisp@1 to /home/dmtr/.config/discord/0.0.102/modules/pending/discord_krisp-1.zip: 84%
7/15/2025, 6:51:04 PM GMT+3 [Modules] Streaming discord_krisp@1 to /home/dmtr/.config/discord/0.0.102/modules/pending/discord_krisp-1.zip: 85%
7/15/2025, 6:51:04 PM GMT+3 [Modules] Streaming discord_krisp@1 to /home/dmtr/.config/discord/0.0.102/modules/pending/discord_krisp-1.zip: 88%
7/15/2025, 6:51:04 PM GMT+3 [Modules] Streaming discord_krisp@1 to /home/dmtr/.config/discord/0.0.102/modules/pending/discord_krisp-1.zip: 89%
7/15/2025, 6:51:04 PM GMT+3 [Modules] Streaming discord_krisp@1 to /home/dmtr/.config/discord/0.0.102/modules/pending/discord_krisp-1.zip: 90%
7/15/2025, 6:51:04 PM GMT+3 [Modules] Streaming discord_krisp@1 to /home/dmtr/.config/discord/0.0.102/modules/pending/discord_krisp-1.zip: 91%
7/15/2025, 6:51:04 PM GMT+3 [Modules] Streaming discord_krisp@1 to /home/dmtr/.config/discord/0.0.102/modules/pending/discord_krisp-1.zip: 92%
7/15/2025, 6:51:04 PM GMT+3 [Modules] Streaming discord_krisp@1 to /home/dmtr/.config/discord/0.0.102/modules/pending/discord_krisp-1.zip: 94%
7/15/2025, 6:51:04 PM GMT+3 [Modules] Streaming discord_krisp@1 to /home/dmtr/.config/discord/0.0.102/modules/pending/discord_krisp-1.zip: 96%
7/15/2025, 6:51:04 PM GMT+3 [Modules] Streaming discord_krisp@1 to /home/dmtr/.config/discord/0.0.102/modules/pending/discord_krisp-1.zip: 98%
7/15/2025, 6:51:04 PM GMT+3 [Modules] Streaming discord_krisp@1 to /home/dmtr/.config/discord/0.0.102/modules/pending/discord_krisp-1.zip: 100%
7/15/2025, 6:51:04 PM GMT+3 [Modules] Fetching discord_game_utils@1 from https://discord.com/api/modules/stable/discord_game_utils/1
7/15/2025, 6:51:04 PM GMT+3 [Modules] Streaming discord_game_utils@1 to /home/dmtr/.config/discord/0.0.102/modules/pending/discord_game_utils-1.zip
7/15/2025, 6:51:04 PM GMT+3 [Modules] Installing discord_krisp@1 from /home/dmtr/.config/discord/0.0.102/modules/pending/discord_krisp-1.zip
7/15/2025, 6:51:04 PM GMT+3 [Modules] Streaming discord_game_utils@1 to /home/dmtr/.config/discord/0.0.102/modules/pending/discord_game_utils-1.zip: 2%
7/15/2025, 6:51:04 PM GMT+3 [Modules] Streaming discord_game_utils@1 to /home/dmtr/.config/discord/0.0.102/modules/pending/discord_game_utils-1.zip: 3%
7/15/2025, 6:51:04 PM GMT+3 [Modules] Streaming discord_game_utils@1 to /home/dmtr/.config/discord/0.0.102/modules/pending/discord_game_utils-1.zip: 5%
7/15/2025, 6:51:04 PM GMT+3 [Modules] Streaming discord_game_utils@1 to /home/dmtr/.config/discord/0.0.102/modules/pending/discord_game_utils-1.zip: 7%
7/15/2025, 6:51:04 PM GMT+3 [Modules] Streaming discord_game_utils@1 to /home/dmtr/.config/discord/0.0.102/modules/pending/discord_game_utils-1.zip: 8%
7/15/2025, 6:51:04 PM GMT+3 [Modules] Streaming discord_game_utils@1 to /home/dmtr/.config/discord/0.0.102/modules/pending/discord_game_utils-1.zip: 11%
7/15/2025, 6:51:04 PM GMT+3 [Modules] Streaming discord_game_utils@1 to /home/dmtr/.config/discord/0.0.102/modules/pending/discord_game_utils-1.zip: 13%
7/15/2025, 6:51:04 PM GMT+3 [Modules] Streaming discord_game_utils@1 to /home/dmtr/.config/discord/0.0.102/modules/pending/discord_game_utils-1.zip: 17%
7/15/2025, 6:51:04 PM GMT+3 [Modules] Streaming discord_game_utils@1 to /home/dmtr/.config/discord/0.0.102/modules/pending/discord_game_utils-1.zip: 22%
7/15/2025, 6:51:04 PM GMT+3 [Modules] Streaming discord_game_utils@1 to /home/dmtr/.config/discord/0.0.102/modules/pending/discord_game_utils-1.zip: 24%
7/15/2025, 6:51:04 PM GMT+3 [Modules] Streaming discord_game_utils@1 to /home/dmtr/.config/discord/0.0.102/modules/pending/discord_game_utils-1.zip: 31%
7/15/2025, 6:51:04 PM GMT+3 [Modules] Streaming discord_game_utils@1 to /home/dmtr/.config/discord/0.0.102/modules/pending/discord_game_utils-1.zip: 36%
7/15/2025, 6:51:04 PM GMT+3 [Modules] Streaming discord_game_utils@1 to /home/dmtr/.config/discord/0.0.102/modules/pending/discord_game_utils-1.zip: 38%
7/15/2025, 6:51:04 PM GMT+3 [Modules] Streaming discord_game_utils@1 to /home/dmtr/.config/discord/0.0.102/modules/pending/discord_game_utils-1.zip: 40%
7/15/2025, 6:51:04 PM GMT+3 [Modules] Streaming discord_game_utils@1 to /home/dmtr/.config/discord/0.0.102/modules/pending/discord_game_utils-1.zip: 43%
7/15/2025, 6:51:04 PM GMT+3 [Modules] Streaming discord_game_utils@1 to /home/dmtr/.config/discord/0.0.102/modules/pending/discord_game_utils-1.zip: 50%
7/15/2025, 6:51:04 PM GMT+3 [Modules] Streaming discord_game_utils@1 to /home/dmtr/.config/discord/0.0.102/modules/pending/discord_game_utils-1.zip: 54%
7/15/2025, 6:51:04 PM GMT+3 [Modules] Streaming discord_game_utils@1 to /home/dmtr/.config/discord/0.0.102/modules/pending/discord_game_utils-1.zip: 56%
7/15/2025, 6:51:04 PM GMT+3 [Modules] Streaming discord_game_utils@1 to /home/dmtr/.config/discord/0.0.102/modules/pending/discord_game_utils-1.zip: 58%
7/15/2025, 6:51:04 PM GMT+3 [Modules] Streaming discord_game_utils@1 to /home/dmtr/.config/discord/0.0.102/modules/pending/discord_game_utils-1.zip: 60%
7/15/2025, 6:51:04 PM GMT+3 [Modules] Streaming discord_game_utils@1 to /home/dmtr/.config/discord/0.0.102/modules/pending/discord_game_utils-1.zip: 65%
7/15/2025, 6:51:04 PM GMT+3 [Modules] Streaming discord_game_utils@1 to /home/dmtr/.config/discord/0.0.102/modules/pending/discord_game_utils-1.zip: 66%
7/15/2025, 6:51:04 PM GMT+3 [Modules] Streaming discord_game_utils@1 to /home/dmtr/.config/discord/0.0.102/modules/pending/discord_game_utils-1.zip: 69%
7/15/2025, 6:51:04 PM GMT+3 [Modules] Streaming discord_game_utils@1 to /home/dmtr/.config/discord/0.0.102/modules/pending/discord_game_utils-1.zip: 71%
7/15/2025, 6:51:04 PM GMT+3 [Modules] Streaming discord_game_utils@1 to /home/dmtr/.config/discord/0.0.102/modules/pending/discord_game_utils-1.zip: 73%
7/15/2025, 6:51:04 PM GMT+3 [Modules] Streaming discord_game_utils@1 to /home/dmtr/.config/discord/0.0.102/modules/pending/discord_game_utils-1.zip: 75%
7/15/2025, 6:51:04 PM GMT+3 [Modules] Streaming discord_game_utils@1 to /home/dmtr/.config/discord/0.0.102/modules/pending/discord_game_utils-1.zip: 82%
7/15/2025, 6:51:04 PM GMT+3 [Modules] Streaming discord_game_utils@1 to /home/dmtr/.config/discord/0.0.102/modules/pending/discord_game_utils-1.zip: 84%
7/15/2025, 6:51:04 PM GMT+3 [Modules] Streaming discord_game_utils@1 to /home/dmtr/.config/discord/0.0.102/modules/pending/discord_game_utils-1.zip: 86%
7/15/2025, 6:51:04 PM GMT+3 [Modules] Streaming discord_game_utils@1 to /home/dmtr/.config/discord/0.0.102/modules/pending/discord_game_utils-1.zip: 89%
7/15/2025, 6:51:04 PM GMT+3 [Modules] Streaming discord_game_utils@1 to /home/dmtr/.config/discord/0.0.102/modules/pending/discord_game_utils-1.zip: 94%
7/15/2025, 6:51:04 PM GMT+3 [Modules] Streaming discord_game_utils@1 to /home/dmtr/.config/discord/0.0.102/modules/pending/discord_game_utils-1.zip: 100%
7/15/2025, 6:51:04 PM GMT+3 [Modules] Fetching discord_rpc@1 from https://discord.com/api/modules/stable/discord_rpc/1
7/15/2025, 6:51:04 PM GMT+3 [Modules] Streaming discord_rpc@1 to /home/dmtr/.config/discord/0.0.102/modules/pending/discord_rpc-1.zip
7/15/2025, 6:51:04 PM GMT+3 [Modules] Installing discord_game_utils@1 from /home/dmtr/.config/discord/0.0.102/modules/pending/discord_game_utils-1.zip
7/15/2025, 6:51:04 PM GMT+3 [Modules] Finished module installations. [success: 2] [failure: 0]
7/15/2025, 6:51:04 PM GMT+3 [Modules] Streaming discord_rpc@1 to /home/dmtr/.config/discord/0.0.102/modules/pending/discord_rpc-1.zip: 17%
7/15/2025, 6:51:04 PM GMT+3 [Modules] Streaming discord_rpc@1 to /home/dmtr/.config/discord/0.0.102/modules/pending/discord_rpc-1.zip: 100%
7/15/2025, 6:51:04 PM GMT+3 [Modules] Finished module downloads. [success: 3] [failure: 0]
7/15/2025, 6:51:04 PM GMT+3 [Modules] Installing discord_rpc@1 from /home/dmtr/.config/discord/0.0.102/modules/pending/discord_rpc-1.zip
7/15/2025, 6:51:04 PM GMT+3 [Modules] Finished module installations. [success: 1] [failure: 0]
7/15/2025, 6:51:09 PM GMT+3 [Modules] Checking for host updates.
7/15/2025, 6:51:09 PM GMT+3 [Modules] Host is up to date.
7/15/2025, 6:51:09 PM GMT+3 [Modules] Checking for module updates at https://discord.com/api/modules/stable/versions.json
7/15/2025, 6:51:09 PM GMT+3 [Modules] No module updates available.
7/15/2025, 7:51:11 PM GMT+3 [Modules] Checking for host updates.
7/15/2025, 7:51:11 PM GMT+3 [Modules] Host is up to date.
7/15/2025, 7:51:11 PM GMT+3 [Modules] Checking for module updates at https://discord.com/api/modules/stable/versions.json
7/15/2025, 7:51:11 PM GMT+3 [Modules] No module updates available.
7/15/2025, 8:51:11 PM GMT+3 [Modules] Checking for host updates.
7/15/2025, 8:51:11 PM GMT+3 [Modules] Host is up to date.
7/15/2025, 8:51:11 PM GMT+3 [Modules] Checking for module updates at https://discord.com/api/modules/stable/versions.json
7/15/2025, 8:51:11 PM GMT+3 [Modules] No module updates available.
7/16/2025, 12:07:44 AM GMT+3 [Modules] Checking for host updates.
7/16/2025, 12:07:44 AM GMT+3 [Modules] Host is up to date.
7/16/2025, 12:07:44 AM GMT+3 [Modules] Checking for module updates at https://discord.com/api/modules/stable/versions.json
7/16/2025, 12:07:44 AM GMT+3 [Modules] No module updates available.
7/16/2025, 8:36:00 AM GMT+3 [Modules] Checking for host updates.
7/16/2025, 8:36:01 AM GMT+3 [Modules] Host is up to date.
7/16/2025, 8:36:01 AM GMT+3 [Modules] Checking for module updates at https://discord.com/api/modules/stable/versions.json
7/16/2025, 8:36:01 AM GMT+3 [Modules] No module updates available.
7/16/2025, 8:20:42 PM GMT+3 [Modules] Modules initializing
7/16/2025, 8:20:42 PM GMT+3 [Modules] Distribution: remote
7/16/2025, 8:20:42 PM GMT+3 [Modules] Host updates: enabled
7/16/2025, 8:20:42 PM GMT+3 [Modules] Module updates: enabled
7/16/2025, 8:20:42 PM GMT+3 [Modules] Module install path: /home/dmtr/.config/discord/0.0.102/modules
7/16/2025, 8:20:42 PM GMT+3 [Modules] Module installed file path: /home/dmtr/.config/discord/0.0.102/modules/installed.json
7/16/2025, 8:20:42 PM GMT+3 [Modules] Module download path: /home/dmtr/.config/discord/0.0.102/modules/pending
7/16/2025, 8:20:42 PM GMT+3 [Modules] No updates to install
7/16/2025, 8:20:42 PM GMT+3 [Modules] Checking for host updates.
7/16/2025, 8:20:43 PM GMT+3 [Modules] Host is up to date.
7/16/2025, 8:20:43 PM GMT+3 [Modules] Checking for module updates at https://discord.com/api/modules/stable/versions.json
7/16/2025, 8:20:43 PM GMT+3 [Modules] No module updates available.
7/16/2025, 8:20:54 PM GMT+3 [Modules] Checking for host updates.
7/16/2025, 8:20:54 PM GMT+3 [Modules] Host is up to date.
7/16/2025, 8:20:55 PM GMT+3 [Modules] Checking for module updates at https://discord.com/api/modules/stable/versions.json
7/16/2025, 8:20:55 PM GMT+3 [Modules] No module updates available.
7/16/2025, 9:20:54 PM GMT+3 [Modules] Checking for host updates.
7/16/2025, 9:20:54 PM GMT+3 [Modules] Host is up to date.
7/16/2025, 9:20:54 PM GMT+3 [Modules] Checking for module updates at https://discord.com/api/modules/stable/versions.json
7/16/2025, 9:20:55 PM GMT+3 [Modules] No module updates available.
7/17/2025, 10:12:28 AM GMT+3 [Modules] Checking for host updates.
7/17/2025, 10:12:29 AM GMT+3 [Modules] Host is up to date.
7/17/2025, 10:12:29 AM GMT+3 [Modules] Checking for module updates at https://discord.com/api/modules/stable/versions.json
7/17/2025, 10:12:30 AM GMT+3 [Modules] No module updates available.
7/17/2025, 11:10:43 AM GMT+3 [Modules] Checking for host updates.
7/17/2025, 11:10:43 AM GMT+3 [Modules] Host is up to date.
7/17/2025, 11:10:43 AM GMT+3 [Modules] Checking for module updates at https://discord.com/api/modules/stable/versions.json
7/17/2025, 11:10:44 AM GMT+3 [Modules] No module updates available.
7/17/2025, 11:12:29 AM GMT+3 [Modules] Checking for host updates.
7/17/2025, 11:12:29 AM GMT+3 [Modules] Host is up to date.
7/17/2025, 11:12:29 AM GMT+3 [Modules] Checking for module updates at https://discord.com/api/modules/stable/versions.json
7/17/2025, 11:12:30 AM GMT+3 [Modules] No module updates available.
7/17/2025, 11:44:33 AM GMT+3 [Modules] Checking for host updates.
7/17/2025, 11:44:34 AM GMT+3 [Modules] Host is up to date.
7/17/2025, 11:44:34 AM GMT+3 [Modules] Checking for module updates at https://discord.com/api/modules/stable/versions.json
7/17/2025, 11:44:34 AM GMT+3 [Modules] No module updates available.
7/17/2025, 12:47:18 PM GMT+3 [Modules] Checking for host updates.
7/17/2025, 12:47:38 PM GMT+3 [Modules] Host is up to date.
7/17/2025, 12:47:38 PM GMT+3 [Modules] Checking for module updates at https://discord.com/api/modules/stable/versions.json
7/17/2025, 12:47:38 PM GMT+3 [Modules] No module updates available.
7/17/2025, 1:02:50 PM GMT+3 [Modules] Checking for host updates.
7/17/2025, 1:02:50 PM GMT+3 [Modules] Host is up to date.
7/17/2025, 1:02:50 PM GMT+3 [Modules] Checking for module updates at https://discord.com/api/modules/stable/versions.json
7/17/2025, 1:02:50 PM GMT+3 [Modules] No module updates available.
7/17/2025, 1:04:37 PM GMT+3 [Modules] Checking for host updates.
7/17/2025, 1:04:37 PM GMT+3 [Modules] Host is up to date.
7/17/2025, 1:04:37 PM GMT+3 [Modules] Checking for module updates at https://discord.com/api/modules/stable/versions.json
7/17/2025, 1:04:38 PM GMT+3 [Modules] No module updates available.
7/17/2025, 1:05:41 PM GMT+3 [Modules] Checking for host updates.
7/17/2025, 1:05:44 PM GMT+3 [Modules] Host is up to date.
7/17/2025, 1:05:44 PM GMT+3 [Modules] Checking for module updates at https://discord.com/api/modules/stable/versions.json
7/17/2025, 1:05:44 PM GMT+3 [Modules] No module updates available.
7/17/2025, 3:42:38 PM GMT+3 [Modules] Checking for host updates.
7/17/2025, 3:42:38 PM GMT+3 [Modules] Host is up to date.
7/17/2025, 3:42:38 PM GMT+3 [Modules] Checking for module updates at https://discord.com/api/modules/stable/versions.json
7/17/2025, 3:42:39 PM GMT+3 [Modules] No module updates available.
7/17/2025, 3:50:45 PM GMT+3 [Modules] Checking for host updates.
7/17/2025, 3:50:46 PM GMT+3 [Modules] Host is up to date.
7/17/2025, 3:50:46 PM GMT+3 [Modules] Checking for module updates at https://discord.com/api/modules/stable/versions.json
7/17/2025, 3:50:46 PM GMT+3 [Modules] No module updates available.
7/17/2025, 4:06:17 PM GMT+3 [Modules] Checking for host updates.
7/17/2025, 4:06:17 PM GMT+3 [Modules] Host is up to date.
7/17/2025, 4:06:17 PM GMT+3 [Modules] Checking for module updates at https://discord.com/api/modules/stable/versions.json
7/17/2025, 4:06:18 PM GMT+3 [Modules] No module updates available.
7/17/2025, 4:08:03 PM GMT+3 [Modules] Checking for host updates.
7/17/2025, 4:08:03 PM GMT+3 [Modules] Host is up to date.
7/17/2025, 4:08:03 PM GMT+3 [Modules] Checking for module updates at https://discord.com/api/modules/stable/versions.json
7/17/2025, 4:08:03 PM GMT+3 [Modules] No module updates available.
7/17/2025, 4:09:07 PM GMT+3 [Modules] Checking for host updates.
7/17/2025, 4:09:07 PM GMT+3 [Modules] Host is up to date.
7/17/2025, 4:09:07 PM GMT+3 [Modules] Checking for module updates at https://discord.com/api/modules/stable/versions.json
7/17/2025, 4:09:07 PM GMT+3 [Modules] No module updates available.
7/17/2025, 7:35:50 PM GMT+3 [Modules] Checking for host updates.
7/17/2025, 7:35:50 PM GMT+3 [Modules] Host is up to date.
7/17/2025, 7:35:50 PM GMT+3 [Modules] Checking for module updates at https://discord.com/api/modules/stable/versions.json
7/17/2025, 7:35:50 PM GMT+3 [Modules] No module updates available.
7/17/2025, 8:08:19 PM GMT+3 [Modules] Checking for host updates.
7/17/2025, 8:08:19 PM GMT+3 [Modules] Host is up to date.
7/17/2025, 8:08:19 PM GMT+3 [Modules] Checking for module updates at https://discord.com/api/modules/stable/versions.json
7/17/2025, 8:08:19 PM GMT+3 [Modules] No module updates available.
7/17/2025, 8:16:25 PM GMT+3 [Modules] Checking for host updates.
7/17/2025, 8:16:25 PM GMT+3 [Modules] Host is up to date.
7/17/2025, 8:16:25 PM GMT+3 [Modules] Checking for module updates at https://discord.com/api/modules/stable/versions.json
7/17/2025, 8:16:25 PM GMT+3 [Modules] No module updates available.
7/17/2025, 8:31:57 PM GMT+3 [Modules] Checking for host updates.
7/17/2025, 8:31:57 PM GMT+3 [Modules] Host is up to date.
7/17/2025, 8:31:57 PM GMT+3 [Modules] Checking for module updates at https://discord.com/api/modules/stable/versions.json
7/17/2025, 8:31:57 PM GMT+3 [Modules] No module updates available.
7/17/2025, 8:33:43 PM GMT+3 [Modules] Checking for host updates.
7/17/2025, 8:33:43 PM GMT+3 [Modules] Host is up to date.
7/17/2025, 8:33:43 PM GMT+3 [Modules] Checking for module updates at https://discord.com/api/modules/stable/versions.json
7/17/2025, 8:33:43 PM GMT+3 [Modules] No module updates available.
7/17/2025, 8:35:20 PM GMT+3 [Modules] Modules initializing
7/17/2025, 8:35:20 PM GMT+3 [Modules] Distribution: remote
7/17/2025, 8:35:20 PM GMT+3 [Modules] Host updates: enabled
7/17/2025, 8:35:20 PM GMT+3 [Modules] Module updates: enabled
7/17/2025, 8:35:20 PM GMT+3 [Modules] Module install path: /home/dmtr/.config/discord/0.0.102/modules
7/17/2025, 8:35:20 PM GMT+3 [Modules] Module installed file path: /home/dmtr/.config/discord/0.0.102/modules/installed.json
7/17/2025, 8:35:20 PM GMT+3 [Modules] Module download path: /home/dmtr/.config/discord/0.0.102/modules/pending
7/17/2025, 8:35:20 PM GMT+3 [Modules] No updates to install
7/17/2025, 8:35:20 PM GMT+3 [Modules] Checking for host updates.
7/17/2025, 8:35:21 PM GMT+3 [Modules] Host is up to date.
7/17/2025, 8:35:21 PM GMT+3 [Modules] Checking for module updates at https://discord.com/api/modules/stable/versions.json
7/17/2025, 8:35:21 PM GMT+3 [Modules] No module updates available.
7/17/2025, 8:35:30 PM GMT+3 [Modules] Checking for host updates.
7/17/2025, 8:35:30 PM GMT+3 [Modules] Host is up to date.
7/17/2025, 8:35:30 PM GMT+3 [Modules] Checking for module updates at https://discord.com/api/modules/stable/versions.json
7/17/2025, 8:35:30 PM GMT+3 [Modules] No module updates available.
7/17/2025, 9:35:30 PM GMT+3 [Modules] Checking for host updates.
7/17/2025, 9:35:31 PM GMT+3 [Modules] Host is up to date.
7/17/2025, 9:35:31 PM GMT+3 [Modules] Checking for module updates at https://discord.com/api/modules/stable/versions.json
7/17/2025, 9:35:31 PM GMT+3 [Modules] No module updates available.
7/17/2025, 10:35:30 PM GMT+3 [Modules] Checking for host updates.
7/17/2025, 10:35:30 PM GMT+3 [Modules] Host is up to date.
7/17/2025, 10:35:30 PM GMT+3 [Modules] Checking for module updates at https://discord.com/api/modules/stable/versions.json
7/17/2025, 10:35:31 PM GMT+3 [Modules] No module updates available.
7/18/2025, 10:43:07 AM GMT+3 [Modules] Checking for host updates.
7/18/2025, 10:43:07 AM GMT+3 [Modules] Host is up to date.
7/18/2025, 10:43:07 AM GMT+3 [Modules] Checking for module updates at https://discord.com/api/modules/stable/versions.json
7/18/2025, 10:43:08 AM GMT+3 [Modules] No module updates available.
7/18/2025, 11:04:46 AM GMT+3 [Modules] Checking for host updates.
7/18/2025, 11:04:46 AM GMT+3 [Modules] Host is up to date.
7/18/2025, 11:04:46 AM GMT+3 [Modules] Checking for module updates at https://discord.com/api/modules/stable/versions.json
7/18/2025, 11:04:46 AM GMT+3 [Modules] No module updates available.
7/19/2025, 10:43:59 PM GMT+3 [Modules] Modules initializing
7/19/2025, 10:43:59 PM GMT+3 [Modules] Distribution: remote
7/19/2025, 10:43:59 PM GMT+3 [Modules] Host updates: enabled
7/19/2025, 10:43:59 PM GMT+3 [Modules] Module updates: enabled
7/19/2025, 10:43:59 PM GMT+3 [Modules] Module install path: /home/dmtr/.config/discord/0.0.102/modules
7/19/2025, 10:43:59 PM GMT+3 [Modules] Module installed file path: /home/dmtr/.config/discord/0.0.102/modules/installed.json
7/19/2025, 10:43:59 PM GMT+3 [Modules] Module download path: /home/dmtr/.config/discord/0.0.102/modules/pending
7/19/2025, 10:43:59 PM GMT+3 [Modules] No updates to install
7/19/2025, 10:43:59 PM GMT+3 [Modules] Checking for host updates.
7/19/2025, 10:43:59 PM GMT+3 [Modules] Host is up to date.
7/19/2025, 10:43:59 PM GMT+3 [Modules] Checking for module updates at https://discord.com/api/modules/stable/versions.json
7/19/2025, 10:44:00 PM GMT+3 [Modules] No module updates available.
7/19/2025, 10:44:11 PM GMT+3 [Modules] Checking for host updates.
7/19/2025, 10:44:11 PM GMT+3 [Modules] Host is up to date.
7/19/2025, 10:44:11 PM GMT+3 [Modules] Checking for module updates at https://discord.com/api/modules/stable/versions.json
7/19/2025, 10:44:11 PM GMT+3 [Modules] No module updates available.
7/19/2025, 11:44:11 PM GMT+3 [Modules] Checking for host updates.
7/19/2025, 11:44:11 PM GMT+3 [Modules] Host is up to date.
7/19/2025, 11:44:11 PM GMT+3 [Modules] Checking for module updates at https://discord.com/api/modules/stable/versions.json
7/19/2025, 11:44:11 PM GMT+3 [Modules] No module updates available.
7/20/2025, 12:44:12 AM GMT+3 [Modules] Checking for host updates.
7/20/2025, 12:44:12 AM GMT+3 [Modules] Host is up to date.
7/20/2025, 12:44:12 AM GMT+3 [Modules] Checking for module updates at https://discord.com/api/modules/stable/versions.json
7/20/2025, 12:44:12 AM GMT+3 [Modules] No module updates available.
7/20/2025, 10:24:34 AM GMT+3 [Modules] Checking for host updates.
7/20/2025, 10:24:34 AM GMT+3 [Modules] Host is up to date.
7/20/2025, 10:24:34 AM GMT+3 [Modules] Checking for module updates at https://discord.com/api/modules/stable/versions.json
7/20/2025, 10:24:34 AM GMT+3 [Modules] No module updates available.
7/20/2025, 11:19:17 AM GMT+3 [Modules] Checking for host updates.
7/20/2025, 11:19:17 AM GMT+3 [Modules] Host is up to date.
7/20/2025, 11:19:17 AM GMT+3 [Modules] Checking for module updates at https://discord.com/api/modules/stable/versions.json
7/20/2025, 11:19:17 AM GMT+3 [Modules] No module updates available.
7/20/2025, 11:24:35 AM GMT+3 [Modules] Checking for host updates.
7/20/2025, 11:24:35 AM GMT+3 [Modules] Host is up to date.
7/20/2025, 11:24:35 AM GMT+3 [Modules] Checking for module updates at https://discord.com/api/modules/stable/versions.json
7/20/2025, 11:24:35 AM GMT+3 [Modules] No module updates available.
7/20/2025, 10:57:50 PM GMT+3 [Modules] Checking for host updates.
7/20/2025, 10:57:50 PM GMT+3 [Modules] Host is up to date.
7/20/2025, 10:57:50 PM GMT+3 [Modules] Checking for module updates at https://discord.com/api/modules/stable/versions.json
7/20/2025, 10:57:50 PM GMT+3 [Modules] No module updates available.
7/20/2025, 11:27:17 PM GMT+3 [Modules] Checking for host updates.
7/20/2025, 11:27:18 PM GMT+3 [Modules] Host is up to date.
7/20/2025, 11:27:18 PM GMT+3 [Modules] Checking for module updates at https://discord.com/api/modules/stable/versions.json
7/20/2025, 11:27:18 PM GMT+3 [Modules] No module updates available.
7/20/2025, 11:32:35 PM GMT+3 [Modules] Checking for host updates.
7/20/2025, 11:32:36 PM GMT+3 [Modules] Host is up to date.
7/20/2025, 11:32:36 PM GMT+3 [Modules] Checking for module updates at https://discord.com/api/modules/stable/versions.json
7/20/2025, 11:32:36 PM GMT+3 [Modules] No module updates available.
7/21/2025, 1:20:27 PM GMT+3 [Modules] Checking for host updates.
7/21/2025, 1:20:28 PM GMT+3 [Modules] Host is up to date.
7/21/2025, 1:20:28 PM GMT+3 [Modules] Checking for module updates at https://discord.com/api/modules/stable/versions.json
7/21/2025, 1:20:28 PM GMT+3 [Modules] No module updates available.
7/21/2025, 1:30:59 PM GMT+3 [Modules] Checking for host updates.
7/21/2025, 1:30:59 PM GMT+3 [Modules] Host is up to date.
7/21/2025, 1:30:59 PM GMT+3 [Modules] Checking for module updates at https://discord.com/api/modules/stable/versions.json
7/21/2025, 1:30:59 PM GMT+3 [Modules] No module updates available.
7/21/2025, 7:34:27 PM GMT+3 [Modules] Checking for host updates.
7/21/2025, 7:34:28 PM GMT+3 [Modules] Host is up to date.
7/21/2025, 7:34:28 PM GMT+3 [Modules] Checking for module updates at https://discord.com/api/modules/stable/versions.json
7/21/2025, 7:34:28 PM GMT+3 [Modules] No module updates available.
7/21/2025, 7:37:32 PM GMT+3 [Modules] Checking for host updates.
7/21/2025, 7:37:33 PM GMT+3 [Modules] Host is up to date.
7/21/2025, 7:37:33 PM GMT+3 [Modules] Checking for module updates at https://discord.com/api/modules/stable/versions.json
7/21/2025, 7:37:33 PM GMT+3 [Modules] No module updates available.
7/21/2025, 7:42:50 PM GMT+3 [Modules] Checking for host updates.
7/21/2025, 7:42:51 PM GMT+3 [Modules] Host is up to date.
7/21/2025, 7:42:51 PM GMT+3 [Modules] Checking for module updates at https://discord.com/api/modules/stable/versions.json
7/21/2025, 7:42:51 PM GMT+3 [Modules] No module updates available.
7/21/2025, 7:57:34 PM GMT+3 [Modules] Checking for host updates.
7/21/2025, 7:57:35 PM GMT+3 [Modules] Host is up to date.
7/21/2025, 7:57:35 PM GMT+3 [Modules] Checking for module updates at https://discord.com/api/modules/stable/versions.json
7/21/2025, 7:57:35 PM GMT+3 [Modules] No module updates available.
7/21/2025, 8:08:06 PM GMT+3 [Modules] Checking for host updates.
7/21/2025, 8:08:06 PM GMT+3 [Modules] Host is up to date.
7/21/2025, 8:08:06 PM GMT+3 [Modules] Checking for module updates at https://discord.com/api/modules/stable/versions.json
7/21/2025, 8:08:06 PM GMT+3 [Modules] No module updates available.
7/21/2025, 8:34:27 PM GMT+3 [Modules] Checking for host updates.
7/21/2025, 8:34:28 PM GMT+3 [Modules] Host is up to date.
7/21/2025, 8:34:28 PM GMT+3 [Modules] Checking for module updates at https://discord.com/api/modules/stable/versions.json
7/21/2025, 8:34:28 PM GMT+3 [Modules] No module updates available.
7/21/2025, 8:37:32 PM GMT+3 [Modules] Checking for host updates.
7/21/2025, 8:37:33 PM GMT+3 [Modules] Host is up to date.
7/21/2025, 8:37:33 PM GMT+3 [Modules] Checking for module updates at https://discord.com/api/modules/stable/versions.json
7/21/2025, 8:37:33 PM GMT+3 [Modules] No module updates available.
7/21/2025, 8:42:50 PM GMT+3 [Modules] Checking for host updates.
7/21/2025, 8:42:51 PM GMT+3 [Modules] Host is up to date.
7/21/2025, 8:42:51 PM GMT+3 [Modules] Checking for module updates at https://discord.com/api/modules/stable/versions.json
7/21/2025, 8:42:51 PM GMT+3 [Modules] No module updates available.
7/21/2025, 8:57:34 PM GMT+3 [Modules] Checking for host updates.
7/21/2025, 8:57:35 PM GMT+3 [Modules] Host is up to date.
7/21/2025, 8:57:35 PM GMT+3 [Modules] Checking for module updates at https://discord.com/api/modules/stable/versions.json
7/21/2025, 8:57:35 PM GMT+3 [Modules] No module updates available.
7/21/2025, 9:08:06 PM GMT+3 [Modules] Checking for host updates.
7/21/2025, 9:08:06 PM GMT+3 [Modules] Host is up to date.
7/21/2025, 9:08:06 PM GMT+3 [Modules] Checking for module updates at https://discord.com/api/modules/stable/versions.json
7/21/2025, 9:08:06 PM GMT+3 [Modules] No module updates available.
7/21/2025, 9:34:27 PM GMT+3 [Modules] Checking for host updates.
7/21/2025, 9:34:28 PM GMT+3 [Modules] Host is up to date.
7/21/2025, 9:34:28 PM GMT+3 [Modules] Checking for module updates at https://discord.com/api/modules/stable/versions.json
7/21/2025, 9:34:28 PM GMT+3 [Modules] No module updates available.
7/21/2025, 9:37:32 PM GMT+3 [Modules] Checking for host updates.
7/21/2025, 9:37:33 PM GMT+3 [Modules] Host is up to date.
7/21/2025, 9:37:33 PM GMT+3 [Modules] Checking for module updates at https://discord.com/api/modules/stable/versions.json
7/21/2025, 9:37:33 PM GMT+3 [Modules] No module updates available.
7/21/2025, 9:42:50 PM GMT+3 [Modules] Checking for host updates.
7/21/2025, 9:42:51 PM GMT+3 [Modules] Host is up to date.
7/21/2025, 9:42:51 PM GMT+3 [Modules] Checking for module updates at https://discord.com/api/modules/stable/versions.json
7/21/2025, 9:42:51 PM GMT+3 [Modules] No module updates available.
7/21/2025, 9:57:34 PM GMT+3 [Modules] Checking for host updates.
7/21/2025, 9:57:35 PM GMT+3 [Modules] Host is up to date.
7/21/2025, 9:57:35 PM GMT+3 [Modules] Checking for module updates at https://discord.com/api/modules/stable/versions.json
7/21/2025, 9:57:35 PM GMT+3 [Modules] No module updates available.
7/21/2025, 10:08:06 PM GMT+3 [Modules] Checking for host updates.
7/21/2025, 10:08:06 PM GMT+3 [Modules] Host is up to date.
7/21/2025, 10:08:06 PM GMT+3 [Modules] Checking for module updates at https://discord.com/api/modules/stable/versions.json
7/21/2025, 10:08:06 PM GMT+3 [Modules] No module updates available.
7/21/2025, 10:34:27 PM GMT+3 [Modules] Checking for host updates.
7/21/2025, 10:34:28 PM GMT+3 [Modules] Host is up to date.
7/21/2025, 10:34:28 PM GMT+3 [Modules] Checking for module updates at https://discord.com/api/modules/stable/versions.json
7/21/2025, 10:34:28 PM GMT+3 [Modules] No module updates available.
7/21/2025, 10:37:32 PM GMT+3 [Modules] Checking for host updates.
7/21/2025, 10:37:33 PM GMT+3 [Modules] Host is up to date.
7/21/2025, 10:37:33 PM GMT+3 [Modules] Checking for module updates at https://discord.com/api/modules/stable/versions.json
7/21/2025, 10:37:33 PM GMT+3 [Modules] No module updates available.
7/21/2025, 10:42:50 PM GMT+3 [Modules] Checking for host updates.
7/21/2025, 10:42:51 PM GMT+3 [Modules] Host is up to date.
7/21/2025, 10:42:51 PM GMT+3 [Modules] Checking for module updates at https://discord.com/api/modules/stable/versions.json
7/21/2025, 10:42:51 PM GMT+3 [Modules] No module updates available.
7/22/2025, 8:39:54 AM GMT+3 [Modules] Checking for host updates.
7/22/2025, 8:39:54 AM GMT+3 [Modules] Host is up to date.
7/22/2025, 8:39:54 AM GMT+3 [Modules] Checking for module updates at https://discord.com/api/modules/stable/versions.json
7/22/2025, 8:39:54 AM GMT+3 [Modules] Module update available: discord_desktop_core@2 [installed: 1]
7/22/2025, 8:39:54 AM GMT+3 [Modules] Module update available: discord_voice@2 [installed: 1]
7/22/2025, 8:39:54 AM GMT+3 [Modules] Fetching discord_desktop_core@2 from https://discord.com/api/modules/stable/discord_desktop_core/2
7/22/2025, 8:39:54 AM GMT+3 [Modules] Streaming discord_desktop_core@2 to /home/dmtr/.config/discord/0.0.102/modules/pending/discord_desktop_core-2.zip
7/22/2025, 8:39:55 AM GMT+3 [Modules] Streaming discord_desktop_core@2 to /home/dmtr/.config/discord/0.0.102/modules/pending/discord_desktop_core-2.zip: 1%
7/22/2025, 8:39:55 AM GMT+3 [Modules] Streaming discord_desktop_core@2 to /home/dmtr/.config/discord/0.0.102/modules/pending/discord_desktop_core-2.zip: 2%
7/22/2025, 8:39:55 AM GMT+3 [Modules] Streaming discord_desktop_core@2 to /home/dmtr/.config/discord/0.0.102/modules/pending/discord_desktop_core-2.zip: 4%
7/22/2025, 8:39:55 AM GMT+3 [Modules] Streaming discord_desktop_core@2 to /home/dmtr/.config/discord/0.0.102/modules/pending/discord_desktop_core-2.zip: 6%
7/22/2025, 8:39:55 AM GMT+3 [Modules] Streaming discord_desktop_core@2 to /home/dmtr/.config/discord/0.0.102/modules/pending/discord_desktop_core-2.zip: 7%
7/22/2025, 8:39:55 AM GMT+3 [Modules] Streaming discord_desktop_core@2 to /home/dmtr/.config/discord/0.0.102/modules/pending/discord_desktop_core-2.zip: 9%
7/22/2025, 8:39:55 AM GMT+3 [Modules] Streaming discord_desktop_core@2 to /home/dmtr/.config/discord/0.0.102/modules/pending/discord_desktop_core-2.zip: 10%
7/22/2025, 8:39:55 AM GMT+3 [Modules] Streaming discord_desktop_core@2 to /home/dmtr/.config/discord/0.0.102/modules/pending/discord_desktop_core-2.zip: 12%
7/22/2025, 8:39:55 AM GMT+3 [Modules] Streaming discord_desktop_core@2 to /home/dmtr/.config/discord/0.0.102/modules/pending/discord_desktop_core-2.zip: 13%
7/22/2025, 8:39:55 AM GMT+3 [Modules] Streaming discord_desktop_core@2 to /home/dmtr/.config/discord/0.0.102/modules/pending/discord_desktop_core-2.zip: 15%
7/22/2025, 8:39:55 AM GMT+3 [Modules] Streaming discord_desktop_core@2 to /home/dmtr/.config/discord/0.0.102/modules/pending/discord_desktop_core-2.zip: 16%
7/22/2025, 8:39:55 AM GMT+3 [Modules] Streaming discord_desktop_core@2 to /home/dmtr/.config/discord/0.0.102/modules/pending/discord_desktop_core-2.zip: 17%
7/22/2025, 8:39:55 AM GMT+3 [Modules] Streaming discord_desktop_core@2 to /home/dmtr/.config/discord/0.0.102/modules/pending/discord_desktop_core-2.zip: 18%
7/22/2025, 8:39:55 AM GMT+3 [Modules] Streaming discord_desktop_core@2 to /home/dmtr/.config/discord/0.0.102/modules/pending/discord_desktop_core-2.zip: 19%
7/22/2025, 8:39:55 AM GMT+3 [Modules] Streaming discord_desktop_core@2 to /home/dmtr/.config/discord/0.0.102/modules/pending/discord_desktop_core-2.zip: 20%
7/22/2025, 8:39:55 AM GMT+3 [Modules] Streaming discord_desktop_core@2 to /home/dmtr/.config/discord/0.0.102/modules/pending/discord_desktop_core-2.zip: 22%
7/22/2025, 8:39:55 AM GMT+3 [Modules] Streaming discord_desktop_core@2 to /home/dmtr/.config/discord/0.0.102/modules/pending/discord_desktop_core-2.zip: 23%
7/22/2025, 8:39:55 AM GMT+3 [Modules] Streaming discord_desktop_core@2 to /home/dmtr/.config/discord/0.0.102/modules/pending/discord_desktop_core-2.zip: 24%
7/22/2025, 8:39:55 AM GMT+3 [Modules] Streaming discord_desktop_core@2 to /home/dmtr/.config/discord/0.0.102/modules/pending/discord_desktop_core-2.zip: 26%
7/22/2025, 8:39:55 AM GMT+3 [Modules] Streaming discord_desktop_core@2 to /home/dmtr/.config/discord/0.0.102/modules/pending/discord_desktop_core-2.zip: 28%
7/22/2025, 8:39:55 AM GMT+3 [Modules] Streaming discord_desktop_core@2 to /home/dmtr/.config/discord/0.0.102/modules/pending/discord_desktop_core-2.zip: 29%
7/22/2025, 8:39:55 AM GMT+3 [Modules] Streaming discord_desktop_core@2 to /home/dmtr/.config/discord/0.0.102/modules/pending/discord_desktop_core-2.zip: 30%
7/22/2025, 8:39:55 AM GMT+3 [Modules] Streaming discord_desktop_core@2 to /home/dmtr/.config/discord/0.0.102/modules/pending/discord_desktop_core-2.zip: 31%
7/22/2025, 8:39:55 AM GMT+3 [Modules] Streaming discord_desktop_core@2 to /home/dmtr/.config/discord/0.0.102/modules/pending/discord_desktop_core-2.zip: 32%
7/22/2025, 8:39:55 AM GMT+3 [Modules] Streaming discord_desktop_core@2 to /home/dmtr/.config/discord/0.0.102/modules/pending/discord_desktop_core-2.zip: 33%
7/22/2025, 8:39:55 AM GMT+3 [Modules] Streaming discord_desktop_core@2 to /home/dmtr/.config/discord/0.0.102/modules/pending/discord_desktop_core-2.zip: 35%
7/22/2025, 8:39:55 AM GMT+3 [Modules] Streaming discord_desktop_core@2 to /home/dmtr/.config/discord/0.0.102/modules/pending/discord_desktop_core-2.zip: 37%
7/22/2025, 8:39:55 AM GMT+3 [Modules] Streaming discord_desktop_core@2 to /home/dmtr/.config/discord/0.0.102/modules/pending/discord_desktop_core-2.zip: 40%
7/22/2025, 8:39:55 AM GMT+3 [Modules] Streaming discord_desktop_core@2 to /home/dmtr/.config/discord/0.0.102/modules/pending/discord_desktop_core-2.zip: 41%
7/22/2025, 8:39:55 AM GMT+3 [Modules] Streaming discord_desktop_core@2 to /home/dmtr/.config/discord/0.0.102/modules/pending/discord_desktop_core-2.zip: 42%
7/22/2025, 8:39:55 AM GMT+3 [Modules] Streaming discord_desktop_core@2 to /home/dmtr/.config/discord/0.0.102/modules/pending/discord_desktop_core-2.zip: 43%
7/22/2025, 8:39:55 AM GMT+3 [Modules] Streaming discord_desktop_core@2 to /home/dmtr/.config/discord/0.0.102/modules/pending/discord_desktop_core-2.zip: 44%
7/22/2025, 8:39:55 AM GMT+3 [Modules] Streaming discord_desktop_core@2 to /home/dmtr/.config/discord/0.0.102/modules/pending/discord_desktop_core-2.zip: 45%
7/22/2025, 8:39:55 AM GMT+3 [Modules] Streaming discord_desktop_core@2 to /home/dmtr/.config/discord/0.0.102/modules/pending/discord_desktop_core-2.zip: 49%
7/22/2025, 8:39:55 AM GMT+3 [Modules] Streaming discord_desktop_core@2 to /home/dmtr/.config/discord/0.0.102/modules/pending/discord_desktop_core-2.zip: 51%
7/22/2025, 8:39:55 AM GMT+3 [Modules] Streaming discord_desktop_core@2 to /home/dmtr/.config/discord/0.0.102/modules/pending/discord_desktop_core-2.zip: 54%
7/22/2025, 8:39:55 AM GMT+3 [Modules] Streaming discord_desktop_core@2 to /home/dmtr/.config/discord/0.0.102/modules/pending/discord_desktop_core-2.zip: 55%
7/22/2025, 8:39:55 AM GMT+3 [Modules] Streaming discord_desktop_core@2 to /home/dmtr/.config/discord/0.0.102/modules/pending/discord_desktop_core-2.zip: 56%
7/22/2025, 8:39:55 AM GMT+3 [Modules] Streaming discord_desktop_core@2 to /home/dmtr/.config/discord/0.0.102/modules/pending/discord_desktop_core-2.zip: 76%
7/22/2025, 8:39:55 AM GMT+3 [Modules] Streaming discord_desktop_core@2 to /home/dmtr/.config/discord/0.0.102/modules/pending/discord_desktop_core-2.zip: 78%
7/22/2025, 8:39:55 AM GMT+3 [Modules] Streaming discord_desktop_core@2 to /home/dmtr/.config/discord/0.0.102/modules/pending/discord_desktop_core-2.zip: 79%
7/22/2025, 8:39:55 AM GMT+3 [Modules] Streaming discord_desktop_core@2 to /home/dmtr/.config/discord/0.0.102/modules/pending/discord_desktop_core-2.zip: 82%
7/22/2025, 8:39:55 AM GMT+3 [Modules] Streaming discord_desktop_core@2 to /home/dmtr/.config/discord/0.0.102/modules/pending/discord_desktop_core-2.zip: 85%
7/22/2025, 8:39:55 AM GMT+3 [Modules] Streaming discord_desktop_core@2 to /home/dmtr/.config/discord/0.0.102/modules/pending/discord_desktop_core-2.zip: 86%
7/22/2025, 8:39:55 AM GMT+3 [Modules] Streaming discord_desktop_core@2 to /home/dmtr/.config/discord/0.0.102/modules/pending/discord_desktop_core-2.zip: 87%
7/22/2025, 8:39:55 AM GMT+3 [Modules] Streaming discord_desktop_core@2 to /home/dmtr/.config/discord/0.0.102/modules/pending/discord_desktop_core-2.zip: 89%
7/22/2025, 8:39:55 AM GMT+3 [Modules] Streaming discord_desktop_core@2 to /home/dmtr/.config/discord/0.0.102/modules/pending/discord_desktop_core-2.zip: 90%
7/22/2025, 8:39:55 AM GMT+3 [Modules] Streaming discord_desktop_core@2 to /home/dmtr/.config/discord/0.0.102/modules/pending/discord_desktop_core-2.zip: 98%
7/22/2025, 8:39:55 AM GMT+3 [Modules] Streaming discord_desktop_core@2 to /home/dmtr/.config/discord/0.0.102/modules/pending/discord_desktop_core-2.zip: 100%
7/22/2025, 8:39:55 AM GMT+3 [Modules] Fetching discord_voice@2 from https://discord.com/api/modules/stable/discord_voice/2
7/22/2025, 8:39:55 AM GMT+3 [Modules] Streaming discord_voice@2 to /home/dmtr/.config/discord/0.0.102/modules/pending/discord_voice-2.zip
7/22/2025, 8:39:56 AM GMT+3 [Modules] Streaming discord_voice@2 to /home/dmtr/.config/discord/0.0.102/modules/pending/discord_voice-2.zip: 1%
7/22/2025, 8:39:56 AM GMT+3 [Modules] Streaming discord_voice@2 to /home/dmtr/.config/discord/0.0.102/modules/pending/discord_voice-2.zip: 2%
7/22/2025, 8:39:56 AM GMT+3 [Modules] Streaming discord_voice@2 to /home/dmtr/.config/discord/0.0.102/modules/pending/discord_voice-2.zip: 3%
7/22/2025, 8:39:56 AM GMT+3 [Modules] Streaming discord_voice@2 to /home/dmtr/.config/discord/0.0.102/modules/pending/discord_voice-2.zip: 4%
7/22/2025, 8:39:56 AM GMT+3 [Modules] Streaming discord_voice@2 to /home/dmtr/.config/discord/0.0.102/modules/pending/discord_voice-2.zip: 5%
7/22/2025, 8:39:56 AM GMT+3 [Modules] Streaming discord_voice@2 to /home/dmtr/.config/discord/0.0.102/modules/pending/discord_voice-2.zip: 6%
7/22/2025, 8:39:56 AM GMT+3 [Modules] Streaming discord_voice@2 to /home/dmtr/.config/discord/0.0.102/modules/pending/discord_voice-2.zip: 7%
7/22/2025, 8:39:56 AM GMT+3 [Modules] Streaming discord_voice@2 to /home/dmtr/.config/discord/0.0.102/modules/pending/discord_voice-2.zip: 8%
7/22/2025, 8:39:56 AM GMT+3 [Modules] Streaming discord_voice@2 to /home/dmtr/.config/discord/0.0.102/modules/pending/discord_voice-2.zip: 9%
7/22/2025, 8:39:56 AM GMT+3 [Modules] Streaming discord_voice@2 to /home/dmtr/.config/discord/0.0.102/modules/pending/discord_voice-2.zip: 10%
7/22/2025, 8:39:56 AM GMT+3 [Modules] Streaming discord_voice@2 to /home/dmtr/.config/discord/0.0.102/modules/pending/discord_voice-2.zip: 11%
7/22/2025, 8:39:56 AM GMT+3 [Modules] Streaming discord_voice@2 to /home/dmtr/.config/discord/0.0.102/modules/pending/discord_voice-2.zip: 12%
7/22/2025, 8:39:56 AM GMT+3 [Modules] Streaming discord_voice@2 to /home/dmtr/.config/discord/0.0.102/modules/pending/discord_voice-2.zip: 13%
7/22/2025, 8:39:56 AM GMT+3 [Modules] Streaming discord_voice@2 to /home/dmtr/.config/discord/0.0.102/modules/pending/discord_voice-2.zip: 14%
7/22/2025, 8:39:56 AM GMT+3 [Modules] Streaming discord_voice@2 to /home/dmtr/.config/discord/0.0.102/modules/pending/discord_voice-2.zip: 15%
7/22/2025, 8:39:56 AM GMT+3 [Modules] Streaming discord_voice@2 to /home/dmtr/.config/discord/0.0.102/modules/pending/discord_voice-2.zip: 16%
7/22/2025, 8:39:56 AM GMT+3 [Modules] Streaming discord_voice@2 to /home/dmtr/.config/discord/0.0.102/modules/pending/discord_voice-2.zip: 17%
7/22/2025, 8:39:56 AM GMT+3 [Modules] Streaming discord_voice@2 to /home/dmtr/.config/discord/0.0.102/modules/pending/discord_voice-2.zip: 18%
7/22/2025, 8:39:56 AM GMT+3 [Modules] Streaming discord_voice@2 to /home/dmtr/.config/discord/0.0.102/modules/pending/discord_voice-2.zip: 19%
7/22/2025, 8:39:56 AM GMT+3 [Modules] Streaming discord_voice@2 to /home/dmtr/.config/discord/0.0.102/modules/pending/discord_voice-2.zip: 20%
7/22/2025, 8:39:56 AM GMT+3 [Modules] Streaming discord_voice@2 to /home/dmtr/.config/discord/0.0.102/modules/pending/discord_voice-2.zip: 21%
7/22/2025, 8:39:56 AM GMT+3 [Modules] Streaming discord_voice@2 to /home/dmtr/.config/discord/0.0.102/modules/pending/discord_voice-2.zip: 22%
7/22/2025, 8:39:56 AM GMT+3 [Modules] Streaming discord_voice@2 to /home/dmtr/.config/discord/0.0.102/modules/pending/discord_voice-2.zip: 23%
7/22/2025, 8:39:56 AM GMT+3 [Modules] Streaming discord_voice@2 to /home/dmtr/.config/discord/0.0.102/modules/pending/discord_voice-2.zip: 24%
7/22/2025, 8:39:56 AM GMT+3 [Modules] Streaming discord_voice@2 to /home/dmtr/.config/discord/0.0.102/modules/pending/discord_voice-2.zip: 25%
7/22/2025, 8:39:56 AM GMT+3 [Modules] Streaming discord_voice@2 to /home/dmtr/.config/discord/0.0.102/modules/pending/discord_voice-2.zip: 26%
7/22/2025, 8:39:56 AM GMT+3 [Modules] Streaming discord_voice@2 to /home/dmtr/.config/discord/0.0.102/modules/pending/discord_voice-2.zip: 27%
7/22/2025, 8:39:56 AM GMT+3 [Modules] Streaming discord_voice@2 to /home/dmtr/.config/discord/0.0.102/modules/pending/discord_voice-2.zip: 28%
7/22/2025, 8:39:56 AM GMT+3 [Modules] Streaming discord_voice@2 to /home/dmtr/.config/discord/0.0.102/modules/pending/discord_voice-2.zip: 29%
7/22/2025, 8:39:56 AM GMT+3 [Modules] Streaming discord_voice@2 to /home/dmtr/.config/discord/0.0.102/modules/pending/discord_voice-2.zip: 30%
7/22/2025, 8:39:56 AM GMT+3 [Modules] Streaming discord_voice@2 to /home/dmtr/.config/discord/0.0.102/modules/pending/discord_voice-2.zip: 31%
7/22/2025, 8:39:56 AM GMT+3 [Modules] Streaming discord_voice@2 to /home/dmtr/.config/discord/0.0.102/modules/pending/discord_voice-2.zip: 32%
7/22/2025, 8:39:56 AM GMT+3 [Modules] Streaming discord_voice@2 to /home/dmtr/.config/discord/0.0.102/modules/pending/discord_voice-2.zip: 33%
7/22/2025, 8:39:56 AM GMT+3 [Modules] Streaming discord_voice@2 to /home/dmtr/.config/discord/0.0.102/modules/pending/discord_voice-2.zip: 34%
7/22/2025, 8:39:56 AM GMT+3 [Modules] Streaming discord_voice@2 to /home/dmtr/.config/discord/0.0.102/modules/pending/discord_voice-2.zip: 35%
7/22/2025, 8:39:56 AM GMT+3 [Modules] Streaming discord_voice@2 to /home/dmtr/.config/discord/0.0.102/modules/pending/discord_voice-2.zip: 36%
7/22/2025, 8:39:56 AM GMT+3 [Modules] Streaming discord_voice@2 to /home/dmtr/.config/discord/0.0.102/modules/pending/discord_voice-2.zip: 37%
7/22/2025, 8:39:56 AM GMT+3 [Modules] Streaming discord_voice@2 to /home/dmtr/.config/discord/0.0.102/modules/pending/discord_voice-2.zip: 38%
7/22/2025, 8:39:56 AM GMT+3 [Modules] Streaming discord_voice@2 to /home/dmtr/.config/discord/0.0.102/modules/pending/discord_voice-2.zip: 39%
7/22/2025, 8:39:56 AM GMT+3 [Modules] Streaming discord_voice@2 to /home/dmtr/.config/discord/0.0.102/modules/pending/discord_voice-2.zip: 40%
7/22/2025, 8:39:56 AM GMT+3 [Modules] Streaming discord_voice@2 to /home/dmtr/.config/discord/0.0.102/modules/pending/discord_voice-2.zip: 41%
7/22/2025, 8:39:56 AM GMT+3 [Modules] Streaming discord_voice@2 to /home/dmtr/.config/discord/0.0.102/modules/pending/discord_voice-2.zip: 42%
7/22/2025, 8:39:56 AM GMT+3 [Modules] Streaming discord_voice@2 to /home/dmtr/.config/discord/0.0.102/modules/pending/discord_voice-2.zip: 43%
7/22/2025, 8:39:56 AM GMT+3 [Modules] Streaming discord_voice@2 to /home/dmtr/.config/discord/0.0.102/modules/pending/discord_voice-2.zip: 44%
7/22/2025, 8:39:56 AM GMT+3 [Modules] Streaming discord_voice@2 to /home/dmtr/.config/discord/0.0.102/modules/pending/discord_voice-2.zip: 45%
7/22/2025, 8:39:56 AM GMT+3 [Modules] Streaming discord_voice@2 to /home/dmtr/.config/discord/0.0.102/modules/pending/discord_voice-2.zip: 46%
7/22/2025, 8:39:56 AM GMT+3 [Modules] Streaming discord_voice@2 to /home/dmtr/.config/discord/0.0.102/modules/pending/discord_voice-2.zip: 47%
7/22/2025, 8:39:56 AM GMT+3 [Modules] Streaming discord_voice@2 to /home/dmtr/.config/discord/0.0.102/modules/pending/discord_voice-2.zip: 48%
7/22/2025, 8:39:56 AM GMT+3 [Modules] Streaming discord_voice@2 to /home/dmtr/.config/discord/0.0.102/modules/pending/discord_voice-2.zip: 49%
7/22/2025, 8:39:56 AM GMT+3 [Modules] Streaming discord_voice@2 to /home/dmtr/.config/discord/0.0.102/modules/pending/discord_voice-2.zip: 50%
7/22/2025, 8:39:56 AM GMT+3 [Modules] Streaming discord_voice@2 to /home/dmtr/.config/discord/0.0.102/modules/pending/discord_voice-2.zip: 51%
7/22/2025, 8:39:56 AM GMT+3 [Modules] Streaming discord_voice@2 to /home/dmtr/.config/discord/0.0.102/modules/pending/discord_voice-2.zip: 52%
7/22/2025, 8:39:57 AM GMT+3 [Modules] Streaming discord_voice@2 to /home/dmtr/.config/discord/0.0.102/modules/pending/discord_voice-2.zip: 53%
7/22/2025, 8:39:57 AM GMT+3 [Modules] Streaming discord_voice@2 to /home/dmtr/.config/discord/0.0.102/modules/pending/discord_voice-2.zip: 54%
7/22/2025, 8:39:57 AM GMT+3 [Modules] Streaming discord_voice@2 to /home/dmtr/.config/discord/0.0.102/modules/pending/discord_voice-2.zip: 55%
7/22/2025, 8:39:57 AM GMT+3 [Modules] Streaming discord_voice@2 to /home/dmtr/.config/discord/0.0.102/modules/pending/discord_voice-2.zip: 56%
7/22/2025, 8:39:57 AM GMT+3 [Modules] Streaming discord_voice@2 to /home/dmtr/.config/discord/0.0.102/modules/pending/discord_voice-2.zip: 57%
7/22/2025, 8:39:57 AM GMT+3 [Modules] Streaming discord_voice@2 to /home/dmtr/.config/discord/0.0.102/modules/pending/discord_voice-2.zip: 58%
7/22/2025, 8:39:57 AM GMT+3 [Modules] Streaming discord_voice@2 to /home/dmtr/.config/discord/0.0.102/modules/pending/discord_voice-2.zip: 59%
7/22/2025, 8:39:57 AM GMT+3 [Modules] Streaming discord_voice@2 to /home/dmtr/.config/discord/0.0.102/modules/pending/discord_voice-2.zip: 60%
7/22/2025, 8:39:57 AM GMT+3 [Modules] Streaming discord_voice@2 to /home/dmtr/.config/discord/0.0.102/modules/pending/discord_voice-2.zip: 61%
7/22/2025, 8:39:57 AM GMT+3 [Modules] Streaming discord_voice@2 to /home/dmtr/.config/discord/0.0.102/modules/pending/discord_voice-2.zip: 62%
7/22/2025, 8:39:57 AM GMT+3 [Modules] Streaming discord_voice@2 to /home/dmtr/.config/discord/0.0.102/modules/pending/discord_voice-2.zip: 63%
7/22/2025, 8:39:57 AM GMT+3 [Modules] Streaming discord_voice@2 to /home/dmtr/.config/discord/0.0.102/modules/pending/discord_voice-2.zip: 64%
7/22/2025, 8:39:57 AM GMT+3 [Modules] Streaming discord_voice@2 to /home/dmtr/.config/discord/0.0.102/modules/pending/discord_voice-2.zip: 65%
7/22/2025, 8:39:57 AM GMT+3 [Modules] Streaming discord_voice@2 to /home/dmtr/.config/discord/0.0.102/modules/pending/discord_voice-2.zip: 66%
7/22/2025, 8:39:57 AM GMT+3 [Modules] Streaming discord_voice@2 to /home/dmtr/.config/discord/0.0.102/modules/pending/discord_voice-2.zip: 67%
7/22/2025, 8:39:57 AM GMT+3 [Modules] Streaming discord_voice@2 to /home/dmtr/.config/discord/0.0.102/modules/pending/discord_voice-2.zip: 68%
7/22/2025, 8:39:57 AM GMT+3 [Modules] Streaming discord_voice@2 to /home/dmtr/.config/discord/0.0.102/modules/pending/discord_voice-2.zip: 69%
7/22/2025, 8:39:57 AM GMT+3 [Modules] Streaming discord_voice@2 to /home/dmtr/.config/discord/0.0.102/modules/pending/discord_voice-2.zip: 70%
7/22/2025, 8:39:57 AM GMT+3 [Modules] Streaming discord_voice@2 to /home/dmtr/.config/discord/0.0.102/modules/pending/discord_voice-2.zip: 71%
7/22/2025, 8:39:57 AM GMT+3 [Modules] Streaming discord_voice@2 to /home/dmtr/.config/discord/0.0.102/modules/pending/discord_voice-2.zip: 72%
7/22/2025, 8:39:57 AM GMT+3 [Modules] Streaming discord_voice@2 to /home/dmtr/.config/discord/0.0.102/modules/pending/discord_voice-2.zip: 73%
7/22/2025, 8:39:57 AM GMT+3 [Modules] Streaming discord_voice@2 to /home/dmtr/.config/discord/0.0.102/modules/pending/discord_voice-2.zip: 74%
7/22/2025, 8:39:57 AM GMT+3 [Modules] Streaming discord_voice@2 to /home/dmtr/.config/discord/0.0.102/modules/pending/discord_voice-2.zip: 75%
7/22/2025, 8:39:57 AM GMT+3 [Modules] Streaming discord_voice@2 to /home/dmtr/.config/discord/0.0.102/modules/pending/discord_voice-2.zip: 76%
7/22/2025, 8:39:57 AM GMT+3 [Modules] Streaming discord_voice@2 to /home/dmtr/.config/discord/0.0.102/modules/pending/discord_voice-2.zip: 77%
7/22/2025, 8:39:57 AM GMT+3 [Modules] Streaming discord_voice@2 to /home/dmtr/.config/discord/0.0.102/modules/pending/discord_voice-2.zip: 78%
7/22/2025, 8:39:57 AM GMT+3 [Modules] Streaming discord_voice@2 to /home/dmtr/.config/discord/0.0.102/modules/pending/discord_voice-2.zip: 79%
7/22/2025, 8:39:57 AM GMT+3 [Modules] Streaming discord_voice@2 to /home/dmtr/.config/discord/0.0.102/modules/pending/discord_voice-2.zip: 80%
7/22/2025, 8:39:58 AM GMT+3 [Modules] Streaming discord_voice@2 to /home/dmtr/.config/discord/0.0.102/modules/pending/discord_voice-2.zip: 81%
7/22/2025, 8:39:58 AM GMT+3 [Modules] Streaming discord_voice@2 to /home/dmtr/.config/discord/0.0.102/modules/pending/discord_voice-2.zip: 82%
7/22/2025, 8:39:58 AM GMT+3 [Modules] Streaming discord_voice@2 to /home/dmtr/.config/discord/0.0.102/modules/pending/discord_voice-2.zip: 83%
7/22/2025, 8:39:58 AM GMT+3 [Modules] Streaming discord_voice@2 to /home/dmtr/.config/discord/0.0.102/modules/pending/discord_voice-2.zip: 84%
7/22/2025, 8:39:58 AM GMT+3 [Modules] Streaming discord_voice@2 to /home/dmtr/.config/discord/0.0.102/modules/pending/discord_voice-2.zip: 85%
7/22/2025, 8:39:58 AM GMT+3 [Modules] Streaming discord_voice@2 to /home/dmtr/.config/discord/0.0.102/modules/pending/discord_voice-2.zip: 86%
7/22/2025, 8:39:58 AM GMT+3 [Modules] Streaming discord_voice@2 to /home/dmtr/.config/discord/0.0.102/modules/pending/discord_voice-2.zip: 87%
7/22/2025, 8:39:58 AM GMT+3 [Modules] Streaming discord_voice@2 to /home/dmtr/.config/discord/0.0.102/modules/pending/discord_voice-2.zip: 88%
7/22/2025, 8:39:58 AM GMT+3 [Modules] Streaming discord_voice@2 to /home/dmtr/.config/discord/0.0.102/modules/pending/discord_voice-2.zip: 89%
7/22/2025, 8:39:58 AM GMT+3 [Modules] Streaming discord_voice@2 to /home/dmtr/.config/discord/0.0.102/modules/pending/discord_voice-2.zip: 90%
7/22/2025, 8:39:58 AM GMT+3 [Modules] Streaming discord_voice@2 to /home/dmtr/.config/discord/0.0.102/modules/pending/discord_voice-2.zip: 91%
7/22/2025, 8:39:58 AM GMT+3 [Modules] Streaming discord_voice@2 to /home/dmtr/.config/discord/0.0.102/modules/pending/discord_voice-2.zip: 92%
7/22/2025, 8:39:58 AM GMT+3 [Modules] Streaming discord_voice@2 to /home/dmtr/.config/discord/0.0.102/modules/pending/discord_voice-2.zip: 93%
7/22/2025, 8:39:58 AM GMT+3 [Modules] Streaming discord_voice@2 to /home/dmtr/.config/discord/0.0.102/modules/pending/discord_voice-2.zip: 94%
7/22/2025, 8:39:58 AM GMT+3 [Modules] Streaming discord_voice@2 to /home/dmtr/.config/discord/0.0.102/modules/pending/discord_voice-2.zip: 95%
7/22/2025, 8:39:58 AM GMT+3 [Modules] Streaming discord_voice@2 to /home/dmtr/.config/discord/0.0.102/modules/pending/discord_voice-2.zip: 96%
7/22/2025, 8:39:58 AM GMT+3 [Modules] Streaming discord_voice@2 to /home/dmtr/.config/discord/0.0.102/modules/pending/discord_voice-2.zip: 97%
7/22/2025, 8:39:58 AM GMT+3 [Modules] Streaming discord_voice@2 to /home/dmtr/.config/discord/0.0.102/modules/pending/discord_voice-2.zip: 98%
7/22/2025, 8:39:58 AM GMT+3 [Modules] Streaming discord_voice@2 to /home/dmtr/.config/discord/0.0.102/modules/pending/discord_voice-2.zip: 99%
7/22/2025, 8:39:58 AM GMT+3 [Modules] Streaming discord_voice@2 to /home/dmtr/.config/discord/0.0.102/modules/pending/discord_voice-2.zip: 100%
7/22/2025, 8:39:58 AM GMT+3 [Modules] Finished module downloads. [success: 2] [failure: 0]
7/23/2025, 8:56:57 PM GMT+3 [Modules] Modules initializing
7/23/2025, 8:56:57 PM GMT+3 [Modules] Distribution: remote
7/23/2025, 8:56:57 PM GMT+3 [Modules] Host updates: enabled
7/23/2025, 8:56:57 PM GMT+3 [Modules] Module updates: enabled
7/23/2025, 8:56:57 PM GMT+3 [Modules] Module install path: /home/dmtr/.config/discord/0.0.102/modules
7/23/2025, 8:56:57 PM GMT+3 [Modules] Module installed file path: /home/dmtr/.config/discord/0.0.102/modules/installed.json
7/23/2025, 8:56:57 PM GMT+3 [Modules] Module download path: /home/dmtr/.config/discord/0.0.102/modules/pending
7/23/2025, 8:56:57 PM GMT+3 [Modules] Installing updates...
7/23/2025, 8:56:57 PM GMT+3 [Modules] Installing discord_desktop_core@2 from /home/dmtr/.config/discord/0.0.102/modules/pending/discord_desktop_core-2.zip
7/23/2025, 8:56:57 PM GMT+3 [Modules] Installing discord_voice@2 from /home/dmtr/.config/discord/0.0.102/modules/pending/discord_voice-2.zip
7/23/2025, 8:56:58 PM GMT+3 [Modules] Finished module installations. [success: 2] [failure: 0]
7/23/2025, 8:56:58 PM GMT+3 [Modules] Checking for host updates.
7/23/2025, 8:56:58 PM GMT+3 [Modules] Host is up to date.
7/23/2025, 8:56:58 PM GMT+3 [Modules] Checking for module updates at https://discord.com/api/modules/stable/versions.json
7/23/2025, 8:56:59 PM GMT+3 [Modules] No module updates available.
7/23/2025, 8:57:11 PM GMT+3 [Modules] Checking for host updates.
7/23/2025, 8:57:11 PM GMT+3 [Modules] Host is up to date.
7/23/2025, 8:57:11 PM GMT+3 [Modules] Checking for module updates at https://discord.com/api/modules/stable/versions.json
7/23/2025, 8:57:11 PM GMT+3 [Modules] No module updates available.
7/23/2025, 9:57:12 PM GMT+3 [Modules] Checking for host updates.
7/23/2025, 9:57:12 PM GMT+3 [Modules] Host is up to date.
7/23/2025, 9:57:12 PM GMT+3 [Modules] Checking for module updates at https://discord.com/api/modules/stable/versions.json
7/23/2025, 9:57:12 PM GMT+3 [Modules] No module updates available.
7/24/2025, 8:33:00 AM GMT+3 [Modules] Checking for host updates.
7/24/2025, 8:33:01 AM GMT+3 [Modules] Host is up to date.
7/24/2025, 8:33:01 AM GMT+3 [Modules] Checking for module updates at https://discord.com/api/modules/stable/versions.json
7/24/2025, 8:33:01 AM GMT+3 [Modules] No module updates available.
7/24/2025, 8:40:04 AM GMT+3 [Modules] Checking for host updates.
7/24/2025, 8:40:04 AM GMT+3 [Modules] Host is up to date.
7/24/2025, 8:40:04 AM GMT+3 [Modules] Checking for module updates at https://discord.com/api/modules/stable/versions.json
7/24/2025, 8:40:04 AM GMT+3 [Modules] No module updates available.
7/24/2025, 1:52:57 PM GMT+3 [Modules] Checking for host updates.
7/24/2025, 1:52:57 PM GMT+3 [Modules] Host is up to date.
7/24/2025, 1:52:57 PM GMT+3 [Modules] Checking for module updates at https://discord.com/api/modules/stable/versions.json
7/24/2025, 1:52:57 PM GMT+3 [Modules] No module updates available.
7/24/2025, 2:37:35 PM GMT+3 [Modules] Checking for host updates.
7/24/2025, 2:37:35 PM GMT+3 [Modules] Host is up to date.
7/24/2025, 2:37:35 PM GMT+3 [Modules] Checking for module updates at https://discord.com/api/modules/stable/versions.json
7/24/2025, 2:37:35 PM GMT+3 [Modules] No module updates available.
7/24/2025, 2:44:39 PM GMT+3 [Modules] Checking for host updates.
7/24/2025, 2:44:39 PM GMT+3 [Modules] Host is up to date.
7/24/2025, 2:44:39 PM GMT+3 [Modules] Checking for module updates at https://discord.com/api/modules/stable/versions.json
7/24/2025, 2:44:39 PM GMT+3 [Modules] No module updates available.
7/24/2025, 2:52:59 PM GMT+3 [Modules] Checking for host updates.
7/24/2025, 2:52:59 PM GMT+3 [Modules] Host is up to date.
7/24/2025, 2:52:59 PM GMT+3 [Modules] Checking for module updates at https://discord.com/api/modules/stable/versions.json
7/24/2025, 2:52:59 PM GMT+3 [Modules] No module updates available.
7/24/2025, 8:19:06 PM GMT+3 [Modules] Checking for host updates.
7/24/2025, 8:19:06 PM GMT+3 [Modules] Host is up to date.
7/24/2025, 8:19:06 PM GMT+3 [Modules] Checking for module updates at https://discord.com/api/modules/stable/versions.json
7/24/2025, 8:19:06 PM GMT+3 [Modules] No module updates available.
7/24/2025, 8:47:28 PM GMT+3 [Modules] Checking for host updates.
7/24/2025, 8:47:28 PM GMT+3 [Modules] Host is up to date.
7/24/2025, 8:47:28 PM GMT+3 [Modules] Checking for module updates at https://discord.com/api/modules/stable/versions.json
7/24/2025, 8:47:28 PM GMT+3 [Modules] No module updates available.
7/24/2025, 8:54:32 PM GMT+3 [Modules] Checking for host updates.
7/24/2025, 8:54:32 PM GMT+3 [Modules] Host is up to date.
7/24/2025, 8:54:32 PM GMT+3 [Modules] Checking for module updates at https://discord.com/api/modules/stable/versions.json
7/24/2025, 8:54:32 PM GMT+3 [Modules] No module updates available.
7/24/2025, 9:02:51 PM GMT+3 [Modules] Checking for host updates.
7/24/2025, 9:02:52 PM GMT+3 [Modules] Host is up to date.
7/24/2025, 9:02:52 PM GMT+3 [Modules] Checking for module updates at https://discord.com/api/modules/stable/versions.json
7/24/2025, 9:02:52 PM GMT+3 [Modules] No module updates available.
7/24/2025, 9:19:06 PM GMT+3 [Modules] Checking for host updates.
7/24/2025, 9:19:06 PM GMT+3 [Modules] Host is up to date.
7/24/2025, 9:19:06 PM GMT+3 [Modules] Checking for module updates at https://discord.com/api/modules/stable/versions.json
7/24/2025, 9:19:06 PM GMT+3 [Modules] No module updates available.
7/24/2025, 9:47:28 PM GMT+3 [Modules] Checking for host updates.
7/24/2025, 9:47:28 PM GMT+3 [Modules] Host is up to date.
7/24/2025, 9:47:28 PM GMT+3 [Modules] Checking for module updates at https://discord.com/api/modules/stable/versions.json
7/24/2025, 9:47:28 PM GMT+3 [Modules] No module updates available.
7/24/2025, 9:54:32 PM GMT+3 [Modules] Checking for host updates.
7/24/2025, 9:54:32 PM GMT+3 [Modules] Host is up to date.
7/24/2025, 9:54:32 PM GMT+3 [Modules] Checking for module updates at https://discord.com/api/modules/stable/versions.json
7/24/2025, 9:54:32 PM GMT+3 [Modules] No module updates available.
7/24/2025, 10:02:51 PM GMT+3 [Modules] Checking for host updates.
7/24/2025, 10:02:52 PM GMT+3 [Modules] Host is up to date.
7/24/2025, 10:02:52 PM GMT+3 [Modules] Checking for module updates at https://discord.com/api/modules/stable/versions.json
7/24/2025, 10:02:52 PM GMT+3 [Modules] No module updates available.
7/24/2025, 10:19:06 PM GMT+3 [Modules] Checking for host updates.
7/24/2025, 10:19:06 PM GMT+3 [Modules] Host is up to date.
7/24/2025, 10:19:06 PM GMT+3 [Modules] Checking for module updates at https://discord.com/api/modules/stable/versions.json
7/24/2025, 10:19:06 PM GMT+3 [Modules] No module updates available.
7/24/2025, 10:47:28 PM GMT+3 [Modules] Checking for host updates.
7/24/2025, 10:47:28 PM GMT+3 [Modules] Host is up to date.
7/24/2025, 10:47:28 PM GMT+3 [Modules] Checking for module updates at https://discord.com/api/modules/stable/versions.json
7/24/2025, 10:47:28 PM GMT+3 [Modules] No module updates available.
7/24/2025, 10:54:32 PM GMT+3 [Modules] Checking for host updates.
7/24/2025, 10:54:32 PM GMT+3 [Modules] Host is up to date.
7/24/2025, 10:54:32 PM GMT+3 [Modules] Checking for module updates at https://discord.com/api/modules/stable/versions.json
7/24/2025, 10:54:32 PM GMT+3 [Modules] No module updates available.
7/24/2025, 11:02:51 PM GMT+3 [Modules] Checking for host updates.
7/24/2025, 11:02:52 PM GMT+3 [Modules] Host is up to date.
7/24/2025, 11:02:52 PM GMT+3 [Modules] Checking for module updates at https://discord.com/api/modules/stable/versions.json
7/24/2025, 11:02:52 PM GMT+3 [Modules] No module updates available.
7/25/2025, 10:39:55 PM GMT+3 [Modules] Checking for host updates.
7/25/2025, 10:39:55 PM GMT+3 [Modules] Host is up to date.
7/25/2025, 10:39:55 PM GMT+3 [Modules] Checking for module updates at https://discord.com/api/modules/stable/versions.json
7/25/2025, 10:39:55 PM GMT+3 [Modules] No module updates available.
7/25/2025, 10:43:33 PM GMT+3 [Modules] Checking for host updates.
7/25/2025, 10:43:33 PM GMT+3 [Modules] Host is up to date.
7/25/2025, 10:43:33 PM GMT+3 [Modules] Checking for module updates at https://discord.com/api/modules/stable/versions.json
7/25/2025, 10:43:33 PM GMT+3 [Modules] No module updates available.
7/25/2025, 11:11:55 PM GMT+3 [Modules] Checking for host updates.
7/25/2025, 11:11:56 PM GMT+3 [Modules] Host is up to date.
7/25/2025, 11:11:56 PM GMT+3 [Modules] Checking for module updates at https://discord.com/api/modules/stable/versions.json
7/25/2025, 11:11:56 PM GMT+3 [Modules] No module updates available.
7/26/2025, 8:13:54 AM GMT+3 [Modules] Checking for host updates.
7/26/2025, 8:13:54 AM GMT+3 [Modules] Host is up to date.
7/26/2025, 8:13:54 AM GMT+3 [Modules] Checking for module updates at https://discord.com/api/modules/stable/versions.json
7/26/2025, 8:13:54 AM GMT+3 [Modules] No module updates available.
7/26/2025, 8:15:06 AM GMT+3 [Modules] Checking for host updates.
7/26/2025, 8:15:07 AM GMT+3 [Modules] Host is up to date.
7/26/2025, 8:15:07 AM GMT+3 [Modules] Checking for module updates at https://discord.com/api/modules/stable/versions.json
7/26/2025, 8:15:07 AM GMT+3 [Modules] No module updates available.
7/26/2025, 8:23:26 AM GMT+3 [Modules] Checking for host updates.
7/26/2025, 8:23:26 AM GMT+3 [Modules] Host is up to date.
7/26/2025, 8:23:26 AM GMT+3 [Modules] Checking for module updates at https://discord.com/api/modules/stable/versions.json
7/26/2025, 8:23:26 AM GMT+3 [Modules] No module updates available.
7/26/2025, 8:36:02 AM GMT+3 [Modules] Checking for host updates.
7/26/2025, 8:36:02 AM GMT+3 [Modules] Host is up to date.
7/26/2025, 8:36:02 AM GMT+3 [Modules] Checking for module updates at https://discord.com/api/modules/stable/versions.json
7/26/2025, 8:36:02 AM GMT+3 [Modules] No module updates available.
7/26/2025, 8:39:40 AM GMT+3 [Modules] Checking for host updates.
7/26/2025, 8:39:41 AM GMT+3 [Modules] Host is up to date.
7/26/2025, 8:39:41 AM GMT+3 [Modules] Checking for module updates at https://discord.com/api/modules/stable/versions.json
7/26/2025, 8:39:41 AM GMT+3 [Modules] No module updates available.
7/26/2025, 8:54:36 AM GMT+3 [Modules] Checking for host updates.
7/26/2025, 8:54:36 AM GMT+3 [Modules] Host is up to date.
7/26/2025, 8:54:36 AM GMT+3 [Modules] Checking for module updates at https://discord.com/api/modules/stable/versions.json
7/26/2025, 8:54:36 AM GMT+3 [Modules] No module updates available.
7/26/2025, 9:21:26 AM GMT+3 [Modules] Checking for host updates.
7/26/2025, 9:21:26 AM GMT+3 [Modules] Host is up to date.
7/26/2025, 9:21:26 AM GMT+3 [Modules] Checking for module updates at https://discord.com/api/modules/stable/versions.json
7/26/2025, 9:21:26 AM GMT+3 [Modules] No module updates available.
7/26/2025, 9:27:17 AM GMT+3 [Modules] Checking for host updates.
7/26/2025, 9:27:17 AM GMT+3 [Modules] Host is up to date.
7/26/2025, 9:27:17 AM GMT+3 [Modules] Checking for module updates at https://discord.com/api/modules/stable/versions.json
7/26/2025, 9:27:17 AM GMT+3 [Modules] No module updates available.
7/26/2025, 9:28:29 AM GMT+3 [Modules] Checking for host updates.
7/26/2025, 9:28:30 AM GMT+3 [Modules] Host is up to date.
7/26/2025, 9:28:30 AM GMT+3 [Modules] Checking for module updates at https://discord.com/api/modules/stable/versions.json
7/26/2025, 9:28:30 AM GMT+3 [Modules] No module updates available.
7/26/2025, 9:36:49 AM GMT+3 [Modules] Checking for host updates.
7/26/2025, 9:36:49 AM GMT+3 [Modules] Host is up to date.
7/26/2025, 9:36:49 AM GMT+3 [Modules] Checking for module updates at https://discord.com/api/modules/stable/versions.json
7/26/2025, 9:36:50 AM GMT+3 [Modules] No module updates available.
7/26/2025, 9:49:25 AM GMT+3 [Modules] Checking for host updates.
7/26/2025, 9:49:25 AM GMT+3 [Modules] Host is up to date.
7/26/2025, 9:49:25 AM GMT+3 [Modules] Checking for module updates at https://discord.com/api/modules/stable/versions.json
7/26/2025, 9:49:25 AM GMT+3 [Modules] No module updates available.
7/26/2025, 9:53:03 AM GMT+3 [Modules] Checking for host updates.
7/26/2025, 9:53:04 AM GMT+3 [Modules] Host is up to date.
7/26/2025, 9:53:04 AM GMT+3 [Modules] Checking for module updates at https://discord.com/api/modules/stable/versions.json
7/26/2025, 9:53:04 AM GMT+3 [Modules] No module updates available.
7/26/2025, 9:54:36 AM GMT+3 [Modules] Checking for host updates.
7/26/2025, 9:54:36 AM GMT+3 [Modules] Host is up to date.
7/26/2025, 9:54:36 AM GMT+3 [Modules] Checking for module updates at https://discord.com/api/modules/stable/versions.json
7/26/2025, 9:54:36 AM GMT+3 [Modules] No module updates available.
7/26/2025, 10:21:26 AM GMT+3 [Modules] Checking for host updates.
7/26/2025, 10:21:26 AM GMT+3 [Modules] Host is up to date.
7/26/2025, 10:21:26 AM GMT+3 [Modules] Checking for module updates at https://discord.com/api/modules/stable/versions.json
7/26/2025, 10:21:26 AM GMT+3 [Modules] No module updates available.
7/26/2025, 10:27:17 AM GMT+3 [Modules] Checking for host updates.
7/26/2025, 10:27:17 AM GMT+3 [Modules] Host is up to date.
7/26/2025, 10:27:17 AM GMT+3 [Modules] Checking for module updates at https://discord.com/api/modules/stable/versions.json
7/26/2025, 10:27:17 AM GMT+3 [Modules] No module updates available.
7/26/2025, 10:28:29 AM GMT+3 [Modules] Checking for host updates.
7/26/2025, 10:28:30 AM GMT+3 [Modules] Host is up to date.
7/26/2025, 10:28:30 AM GMT+3 [Modules] Checking for module updates at https://discord.com/api/modules/stable/versions.json
7/26/2025, 10:28:30 AM GMT+3 [Modules] No module updates available.
7/26/2025, 10:36:49 AM GMT+3 [Modules] Checking for host updates.
7/26/2025, 10:36:49 AM GMT+3 [Modules] Host is up to date.
7/26/2025, 10:36:49 AM GMT+3 [Modules] Checking for module updates at https://discord.com/api/modules/stable/versions.json
7/26/2025, 10:36:49 AM GMT+3 [Modules] No module updates available.
7/26/2025, 8:47:11 PM GMT+3 [Modules] Checking for host updates.
7/26/2025, 8:47:11 PM GMT+3 [Modules] Host is up to date.
7/26/2025, 8:47:11 PM GMT+3 [Modules] Checking for module updates at https://discord.com/api/modules/stable/versions.json
7/26/2025, 8:47:11 PM GMT+3 [Modules] No module updates available.
7/26/2025, 8:56:28 PM GMT+3 [Modules] Checking for host updates.
7/26/2025, 8:56:28 PM GMT+3 [Modules] Host is up to date.
7/26/2025, 8:56:28 PM GMT+3 [Modules] Checking for module updates at https://discord.com/api/modules/stable/versions.json
7/26/2025, 8:56:28 PM GMT+3 [Modules] No module updates available.
7/26/2025, 9:00:07 PM GMT+3 [Modules] Checking for host updates.
7/26/2025, 9:00:07 PM GMT+3 [Modules] Host is up to date.
7/26/2025, 9:00:07 PM GMT+3 [Modules] Checking for module updates at https://discord.com/api/modules/stable/versions.json
7/26/2025, 9:00:07 PM GMT+3 [Modules] No module updates available.
7/26/2025, 9:01:39 PM GMT+3 [Modules] Checking for host updates.
7/26/2025, 9:01:39 PM GMT+3 [Modules] Host is up to date.
7/26/2025, 9:01:39 PM GMT+3 [Modules] Checking for module updates at https://discord.com/api/modules/stable/versions.json
7/26/2025, 9:01:39 PM GMT+3 [Modules] No module updates available.
7/26/2025, 9:28:29 PM GMT+3 [Modules] Checking for host updates.
7/26/2025, 9:28:29 PM GMT+3 [Modules] Host is up to date.
7/26/2025, 9:28:29 PM GMT+3 [Modules] Checking for module updates at https://discord.com/api/modules/stable/versions.json
7/26/2025, 9:28:29 PM GMT+3 [Modules] No module updates available.
7/26/2025, 9:34:20 PM GMT+3 [Modules] Checking for host updates.
7/26/2025, 9:34:20 PM GMT+3 [Modules] Host is up to date.
7/26/2025, 9:34:20 PM GMT+3 [Modules] Checking for module updates at https://discord.com/api/modules/stable/versions.json
7/26/2025, 9:34:20 PM GMT+3 [Modules] No module updates available.
7/26/2025, 9:35:33 PM GMT+3 [Modules] Checking for host updates.
7/26/2025, 9:35:33 PM GMT+3 [Modules] Host is up to date.
7/26/2025, 9:35:33 PM GMT+3 [Modules] Checking for module updates at https://discord.com/api/modules/stable/versions.json
7/26/2025, 9:35:33 PM GMT+3 [Modules] No module updates available.
7/26/2025, 9:43:52 PM GMT+3 [Modules] Checking for host updates.
7/26/2025, 9:43:53 PM GMT+3 [Modules] Host is up to date.
7/26/2025, 9:43:53 PM GMT+3 [Modules] Checking for module updates at https://discord.com/api/modules/stable/versions.json
7/26/2025, 9:43:53 PM GMT+3 [Modules] No module updates available.
7/26/2025, 9:47:11 PM GMT+3 [Modules] Checking for host updates.
7/26/2025, 9:47:11 PM GMT+3 [Modules] Host is up to date.
7/26/2025, 9:47:11 PM GMT+3 [Modules] Checking for module updates at https://discord.com/api/modules/stable/versions.json
7/26/2025, 9:47:11 PM GMT+3 [Modules] No module updates available.
7/27/2025, 5:21:02 PM GMT+3 [Modules] Checking for host updates.
7/27/2025, 5:21:02 PM GMT+3 [Modules] Host is up to date.
7/27/2025, 5:21:02 PM GMT+3 [Modules] Checking for module updates at https://discord.com/api/modules/stable/versions.json
7/27/2025, 5:21:02 PM GMT+3 [Modules] No module updates available.
7/27/2025, 5:22:01 PM GMT+3 [Modules] Checking for host updates.
7/27/2025, 5:22:02 PM GMT+3 [Modules] Host is up to date.
7/27/2025, 5:22:02 PM GMT+3 [Modules] Checking for module updates at https://discord.com/api/modules/stable/versions.json
7/27/2025, 5:22:02 PM GMT+3 [Modules] No module updates available.
7/27/2025, 5:25:40 PM GMT+3 [Modules] Checking for host updates.
7/27/2025, 5:25:40 PM GMT+3 [Modules] Host is up to date.
7/27/2025, 5:25:40 PM GMT+3 [Modules] Checking for module updates at https://discord.com/api/modules/stable/versions.json
7/27/2025, 5:25:40 PM GMT+3 [Modules] No module updates available.
7/27/2025, 5:27:12 PM GMT+3 [Modules] Checking for host updates.
7/27/2025, 5:27:12 PM GMT+3 [Modules] Host is up to date.
7/27/2025, 5:27:12 PM GMT+3 [Modules] Checking for module updates at https://discord.com/api/modules/stable/versions.json
7/27/2025, 5:27:12 PM GMT+3 [Modules] No module updates available.
7/27/2025, 6:36:42 PM GMT+3 [Modules] Checking for host updates.
7/27/2025, 6:36:42 PM GMT+3 [Modules] Host is up to date.
7/27/2025, 6:36:42 PM GMT+3 [Modules] Checking for module updates at https://discord.com/api/modules/stable/versions.json
7/27/2025, 6:36:42 PM GMT+3 [Modules] No module updates available.
7/27/2025, 6:36:51 PM GMT+3 [Modules] Checking for host updates.
7/27/2025, 6:36:52 PM GMT+3 [Modules] Host is up to date.
7/27/2025, 6:36:52 PM GMT+3 [Modules] Checking for module updates at https://discord.com/api/modules/stable/versions.json
7/27/2025, 6:36:52 PM GMT+3 [Modules] No module updates available.
7/27/2025, 6:42:43 PM GMT+3 [Modules] Checking for host updates.
7/27/2025, 6:42:43 PM GMT+3 [Modules] Host is up to date.
7/27/2025, 6:42:43 PM GMT+3 [Modules] Checking for module updates at https://discord.com/api/modules/stable/versions.json
7/27/2025, 6:42:43 PM GMT+3 [Modules] No module updates available.
7/27/2025, 6:43:55 PM GMT+3 [Modules] Checking for host updates.
7/27/2025, 6:43:55 PM GMT+3 [Modules] Host is up to date.
7/27/2025, 6:43:55 PM GMT+3 [Modules] Checking for module updates at https://discord.com/api/modules/stable/versions.json
7/27/2025, 6:43:55 PM GMT+3 [Modules] No module updates available.
7/27/2025, 6:52:15 PM GMT+3 [Modules] Checking for host updates.
7/27/2025, 6:52:15 PM GMT+3 [Modules] Host is up to date.
7/27/2025, 6:52:15 PM GMT+3 [Modules] Checking for module updates at https://discord.com/api/modules/stable/versions.json
7/27/2025, 6:52:15 PM GMT+3 [Modules] No module updates available.
7/27/2025, 6:55:35 PM GMT+3 [Modules] Checking for host updates.
7/27/2025, 6:55:35 PM GMT+3 [Modules] Host is up to date.
7/27/2025, 6:55:35 PM GMT+3 [Modules] Checking for module updates at https://discord.com/api/modules/stable/versions.json
7/27/2025, 6:55:35 PM GMT+3 [Modules] No module updates available.
7/27/2025, 7:03:52 PM GMT+3 [Modules] Checking for host updates.
7/27/2025, 7:03:52 PM GMT+3 [Modules] Host is up to date.
7/27/2025, 7:03:52 PM GMT+3 [Modules] Checking for module updates at https://discord.com/api/modules/stable/versions.json
7/27/2025, 7:03:52 PM GMT+3 [Modules] No module updates available.
7/27/2025, 7:04:52 PM GMT+3 [Modules] Checking for host updates.
7/27/2025, 7:04:52 PM GMT+3 [Modules] Host is up to date.
7/27/2025, 7:04:52 PM GMT+3 [Modules] Checking for module updates at https://discord.com/api/modules/stable/versions.json
7/27/2025, 7:04:52 PM GMT+3 [Modules] No module updates available.
7/27/2025, 7:08:30 PM GMT+3 [Modules] Checking for host updates.
7/27/2025, 7:08:31 PM GMT+3 [Modules] Host is up to date.
7/27/2025, 7:08:31 PM GMT+3 [Modules] Checking for module updates at https://discord.com/api/modules/stable/versions.json
7/27/2025, 7:08:31 PM GMT+3 [Modules] No module updates available.
7/27/2025, 7:10:03 PM GMT+3 [Modules] Checking for host updates.
7/27/2025, 7:10:03 PM GMT+3 [Modules] Host is up to date.
7/27/2025, 7:10:03 PM GMT+3 [Modules] Checking for module updates at https://discord.com/api/modules/stable/versions.json
7/27/2025, 7:10:03 PM GMT+3 [Modules] No module updates available.
7/27/2025, 7:36:43 PM GMT+3 [Modules] Checking for host updates.
7/27/2025, 7:36:43 PM GMT+3 [Modules] Host is up to date.
7/27/2025, 7:36:43 PM GMT+3 [Modules] Checking for module updates at https://discord.com/api/modules/stable/versions.json
7/27/2025, 7:36:43 PM GMT+3 [Modules] No module updates available.
7/27/2025, 7:36:53 PM GMT+3 [Modules] Checking for host updates.
7/27/2025, 7:36:53 PM GMT+3 [Modules] Host is up to date.
7/27/2025, 7:36:53 PM GMT+3 [Modules] Checking for module updates at https://discord.com/api/modules/stable/versions.json
7/27/2025, 7:36:53 PM GMT+3 [Modules] No module updates available.
7/27/2025, 7:42:44 PM GMT+3 [Modules] Checking for host updates.
7/27/2025, 7:42:44 PM GMT+3 [Modules] Host is up to date.
7/27/2025, 7:42:44 PM GMT+3 [Modules] Checking for module updates at https://discord.com/api/modules/stable/versions.json
7/27/2025, 7:42:44 PM GMT+3 [Modules] No module updates available.
7/27/2025, 7:43:56 PM GMT+3 [Modules] Checking for host updates.
7/27/2025, 7:43:57 PM GMT+3 [Modules] Host is up to date.
7/27/2025, 7:43:57 PM GMT+3 [Modules] Checking for module updates at https://discord.com/api/modules/stable/versions.json
7/27/2025, 7:43:57 PM GMT+3 [Modules] No module updates available.
7/27/2025, 7:52:16 PM GMT+3 [Modules] Checking for host updates.
7/27/2025, 7:52:16 PM GMT+3 [Modules] Host is up to date.
7/27/2025, 7:52:16 PM GMT+3 [Modules] Checking for module updates at https://discord.com/api/modules/stable/versions.json
7/27/2025, 7:52:16 PM GMT+3 [Modules] No module updates available.
7/27/2025, 7:55:35 PM GMT+3 [Modules] Checking for host updates.
7/27/2025, 7:55:35 PM GMT+3 [Modules] Host is up to date.
7/27/2025, 7:55:35 PM GMT+3 [Modules] Checking for module updates at https://discord.com/api/modules/stable/versions.json
7/27/2025, 7:55:35 PM GMT+3 [Modules] No module updates available.
7/27/2025, 8:03:52 PM GMT+3 [Modules] Checking for host updates.
7/27/2025, 8:03:52 PM GMT+3 [Modules] Host is up to date.
7/27/2025, 8:03:52 PM GMT+3 [Modules] Checking for module updates at https://discord.com/api/modules/stable/versions.json
7/27/2025, 8:03:52 PM GMT+3 [Modules] No module updates available.
7/27/2025, 8:04:52 PM GMT+3 [Modules] Checking for host updates.
7/27/2025, 8:04:52 PM GMT+3 [Modules] Host is up to date.
7/27/2025, 8:04:52 PM GMT+3 [Modules] Checking for module updates at https://discord.com/api/modules/stable/versions.json
7/27/2025, 8:04:52 PM GMT+3 [Modules] No module updates available.
7/27/2025, 8:08:30 PM GMT+3 [Modules] Checking for host updates.
7/27/2025, 8:08:31 PM GMT+3 [Modules] Host is up to date.
7/27/2025, 8:08:31 PM GMT+3 [Modules] Checking for module updates at https://discord.com/api/modules/stable/versions.json
7/27/2025, 8:08:31 PM GMT+3 [Modules] No module updates available.
7/27/2025, 8:10:03 PM GMT+3 [Modules] Checking for host updates.
7/27/2025, 8:10:03 PM GMT+3 [Modules] Host is up to date.
7/27/2025, 8:10:03 PM GMT+3 [Modules] Checking for module updates at https://discord.com/api/modules/stable/versions.json
7/27/2025, 8:10:03 PM GMT+3 [Modules] No module updates available.
7/27/2025, 8:36:43 PM GMT+3 [Modules] Checking for host updates.
7/27/2025, 8:36:43 PM GMT+3 [Modules] Host is up to date.
7/27/2025, 8:36:43 PM GMT+3 [Modules] Checking for module updates at https://discord.com/api/modules/stable/versions.json
7/27/2025, 8:36:43 PM GMT+3 [Modules] No module updates available.
7/27/2025, 8:36:53 PM GMT+3 [Modules] Checking for host updates.
7/27/2025, 8:36:53 PM GMT+3 [Modules] Host is up to date.
7/27/2025, 8:36:53 PM GMT+3 [Modules] Checking for module updates at https://discord.com/api/modules/stable/versions.json
7/27/2025, 8:36:53 PM GMT+3 [Modules] No module updates available.
7/27/2025, 8:42:44 PM GMT+3 [Modules] Checking for host updates.
7/27/2025, 8:42:44 PM GMT+3 [Modules] Host is up to date.
7/27/2025, 8:42:44 PM GMT+3 [Modules] Checking for module updates at https://discord.com/api/modules/stable/versions.json
7/27/2025, 8:42:44 PM GMT+3 [Modules] No module updates available.
7/27/2025, 8:43:56 PM GMT+3 [Modules] Checking for host updates.
7/27/2025, 8:43:57 PM GMT+3 [Modules] Host is up to date.
7/27/2025, 8:43:57 PM GMT+3 [Modules] Checking for module updates at https://discord.com/api/modules/stable/versions.json
7/27/2025, 8:43:57 PM GMT+3 [Modules] No module updates available.
7/28/2025, 6:43:05 PM GMT+3 [Modules] Checking for host updates.
7/28/2025, 6:43:06 PM GMT+3 [Modules] Host is up to date.
7/28/2025, 6:43:06 PM GMT+3 [Modules] Checking for module updates at https://discord.com/api/modules/stable/versions.json
7/28/2025, 6:43:06 PM GMT+3 [Modules] No module updates available.
7/28/2025, 6:46:03 PM GMT+3 [Modules] Checking for host updates.
7/28/2025, 6:46:03 PM GMT+3 [Modules] Host is up to date.
7/28/2025, 6:46:03 PM GMT+3 [Modules] Checking for module updates at https://discord.com/api/modules/stable/versions.json
7/28/2025, 6:46:03 PM GMT+3 [Modules] No module updates available.
7/28/2025, 6:49:22 PM GMT+3 [Modules] Checking for host updates.
7/28/2025, 6:49:22 PM GMT+3 [Modules] Host is up to date.
7/28/2025, 6:49:22 PM GMT+3 [Modules] Checking for module updates at https://discord.com/api/modules/stable/versions.json
7/28/2025, 6:49:22 PM GMT+3 [Modules] No module updates available.
7/28/2025, 6:57:39 PM GMT+3 [Modules] Checking for host updates.
7/28/2025, 6:57:39 PM GMT+3 [Modules] Host is up to date.
7/28/2025, 6:57:39 PM GMT+3 [Modules] Checking for module updates at https://discord.com/api/modules/stable/versions.json
7/28/2025, 6:57:39 PM GMT+3 [Modules] No module updates available.
7/28/2025, 6:58:39 PM GMT+3 [Modules] Checking for host updates.
7/28/2025, 6:58:39 PM GMT+3 [Modules] Host is up to date.
7/28/2025, 6:58:39 PM GMT+3 [Modules] Checking for module updates at https://discord.com/api/modules/stable/versions.json
7/28/2025, 6:58:39 PM GMT+3 [Modules] No module updates available.
7/28/2025, 7:02:18 PM GMT+3 [Modules] Checking for host updates.
7/28/2025, 7:02:18 PM GMT+3 [Modules] Host is up to date.
7/28/2025, 7:02:18 PM GMT+3 [Modules] Checking for module updates at https://discord.com/api/modules/stable/versions.json
7/28/2025, 7:02:18 PM GMT+3 [Modules] No module updates available.
7/28/2025, 7:03:50 PM GMT+3 [Modules] Checking for host updates.
7/28/2025, 7:03:50 PM GMT+3 [Modules] Host is up to date.
7/28/2025, 7:03:50 PM GMT+3 [Modules] Checking for module updates at https://discord.com/api/modules/stable/versions.json
7/28/2025, 7:03:50 PM GMT+3 [Modules] No module updates available.
7/28/2025, 7:30:29 PM GMT+3 [Modules] Checking for host updates.
7/28/2025, 7:30:29 PM GMT+3 [Modules] Host is up to date.
7/28/2025, 7:30:29 PM GMT+3 [Modules] Checking for module updates at https://discord.com/api/modules/stable/versions.json
7/28/2025, 7:30:29 PM GMT+3 [Modules] No module updates available.
7/28/2025, 7:30:39 PM GMT+3 [Modules] Checking for host updates.
7/28/2025, 7:30:39 PM GMT+3 [Modules] Host is up to date.
7/28/2025, 7:30:39 PM GMT+3 [Modules] Checking for module updates at https://discord.com/api/modules/stable/versions.json
7/28/2025, 7:30:39 PM GMT+3 [Modules] No module updates available.
7/28/2025, 7:36:30 PM GMT+3 [Modules] Checking for host updates.
7/28/2025, 7:36:30 PM GMT+3 [Modules] Host is up to date.
7/28/2025, 7:36:30 PM GMT+3 [Modules] Checking for module updates at https://discord.com/api/modules/stable/versions.json
7/28/2025, 7:36:31 PM GMT+3 [Modules] No module updates available.
7/28/2025, 7:37:43 PM GMT+3 [Modules] Checking for host updates.
7/28/2025, 7:37:43 PM GMT+3 [Modules] Host is up to date.
7/28/2025, 7:37:43 PM GMT+3 [Modules] Checking for module updates at https://discord.com/api/modules/stable/versions.json
7/28/2025, 7:37:43 PM GMT+3 [Modules] No module updates available.
7/28/2025, 7:43:05 PM GMT+3 [Modules] Checking for host updates.
7/28/2025, 7:43:05 PM GMT+3 [Modules] Host is up to date.
7/28/2025, 7:43:05 PM GMT+3 [Modules] Checking for module updates at https://discord.com/api/modules/stable/versions.json
7/28/2025, 7:43:05 PM GMT+3 [Modules] No module updates available.
7/28/2025, 7:46:02 PM GMT+3 [Modules] Checking for host updates.
7/28/2025, 7:46:03 PM GMT+3 [Modules] Host is up to date.
7/28/2025, 7:46:03 PM GMT+3 [Modules] Checking for module updates at https://discord.com/api/modules/stable/versions.json
7/28/2025, 7:46:03 PM GMT+3 [Modules] No module updates available.
7/28/2025, 7:49:21 PM GMT+3 [Modules] Checking for host updates.
7/28/2025, 7:49:21 PM GMT+3 [Modules] Host is up to date.
7/28/2025, 7:49:21 PM GMT+3 [Modules] Checking for module updates at https://discord.com/api/modules/stable/versions.json
7/28/2025, 7:49:21 PM GMT+3 [Modules] No module updates available.
7/28/2025, 7:57:38 PM GMT+3 [Modules] Checking for host updates.
7/28/2025, 7:57:39 PM GMT+3 [Modules] Host is up to date.
7/28/2025, 7:57:39 PM GMT+3 [Modules] Checking for module updates at https://discord.com/api/modules/stable/versions.json
7/28/2025, 7:57:39 PM GMT+3 [Modules] No module updates available.
7/28/2025, 7:58:38 PM GMT+3 [Modules] Checking for host updates.
7/28/2025, 7:58:38 PM GMT+3 [Modules] Host is up to date.
7/28/2025, 7:58:38 PM GMT+3 [Modules] Checking for module updates at https://discord.com/api/modules/stable/versions.json
7/28/2025, 7:58:38 PM GMT+3 [Modules] No module updates available.
7/28/2025, 8:02:17 PM GMT+3 [Modules] Checking for host updates.
7/28/2025, 8:02:17 PM GMT+3 [Modules] Host is up to date.
7/28/2025, 8:02:17 PM GMT+3 [Modules] Checking for module updates at https://discord.com/api/modules/stable/versions.json
7/28/2025, 8:02:17 PM GMT+3 [Modules] No module updates available.
7/28/2025, 8:03:49 PM GMT+3 [Modules] Checking for host updates.
7/28/2025, 8:03:49 PM GMT+3 [Modules] Host is up to date.
7/28/2025, 8:03:49 PM GMT+3 [Modules] Checking for module updates at https://discord.com/api/modules/stable/versions.json
7/28/2025, 8:03:49 PM GMT+3 [Modules] No module updates available.
7/28/2025, 8:30:29 PM GMT+3 [Modules] Checking for host updates.
7/28/2025, 8:30:29 PM GMT+3 [Modules] Host is up to date.
7/28/2025, 8:30:29 PM GMT+3 [Modules] Checking for module updates at https://discord.com/api/modules/stable/versions.json
7/28/2025, 8:30:29 PM GMT+3 [Modules] No module updates available.
7/28/2025, 8:30:39 PM GMT+3 [Modules] Checking for host updates.
7/28/2025, 8:30:39 PM GMT+3 [Modules] Host is up to date.
7/28/2025, 8:30:39 PM GMT+3 [Modules] Checking for module updates at https://discord.com/api/modules/stable/versions.json
7/28/2025, 8:30:39 PM GMT+3 [Modules] No module updates available.
7/28/2025, 8:36:30 PM GMT+3 [Modules] Checking for host updates.
7/28/2025, 8:36:30 PM GMT+3 [Modules] Host is up to date.
7/28/2025, 8:36:30 PM GMT+3 [Modules] Checking for module updates at https://discord.com/api/modules/stable/versions.json
7/28/2025, 8:36:31 PM GMT+3 [Modules] No module updates available.
7/28/2025, 8:37:43 PM GMT+3 [Modules] Checking for host updates.
7/28/2025, 8:37:43 PM GMT+3 [Modules] Host is up to date.
7/28/2025, 8:37:43 PM GMT+3 [Modules] Checking for module updates at https://discord.com/api/modules/stable/versions.json
7/28/2025, 8:37:43 PM GMT+3 [Modules] No module updates available.
7/28/2025, 8:43:05 PM GMT+3 [Modules] Checking for host updates.
7/28/2025, 8:43:05 PM GMT+3 [Modules] Host is up to date.
7/28/2025, 8:43:05 PM GMT+3 [Modules] Checking for module updates at https://discord.com/api/modules/stable/versions.json
7/28/2025, 8:43:05 PM GMT+3 [Modules] No module updates available.
7/28/2025, 8:46:02 PM GMT+3 [Modules] Checking for host updates.
7/28/2025, 8:46:03 PM GMT+3 [Modules] Host is up to date.
7/28/2025, 8:46:03 PM GMT+3 [Modules] Checking for module updates at https://discord.com/api/modules/stable/versions.json
7/28/2025, 8:46:03 PM GMT+3 [Modules] No module updates available.
7/28/2025, 8:49:21 PM GMT+3 [Modules] Checking for host updates.
7/28/2025, 8:49:21 PM GMT+3 [Modules] Host is up to date.
7/28/2025, 8:49:21 PM GMT+3 [Modules] Checking for module updates at https://discord.com/api/modules/stable/versions.json
7/28/2025, 8:49:21 PM GMT+3 [Modules] No module updates available.
7/28/2025, 8:57:38 PM GMT+3 [Modules] Checking for host updates.
7/28/2025, 8:57:39 PM GMT+3 [Modules] Host is up to date.
7/28/2025, 8:57:39 PM GMT+3 [Modules] Checking for module updates at https://discord.com/api/modules/stable/versions.json
7/28/2025, 8:57:39 PM GMT+3 [Modules] No module updates available.
7/28/2025, 8:58:38 PM GMT+3 [Modules] Checking for host updates.
7/28/2025, 8:58:38 PM GMT+3 [Modules] Host is up to date.
7/28/2025, 8:58:38 PM GMT+3 [Modules] Checking for module updates at https://discord.com/api/modules/stable/versions.json
7/28/2025, 8:58:38 PM GMT+3 [Modules] No module updates available.
7/28/2025, 9:02:17 PM GMT+3 [Modules] Checking for host updates.
7/28/2025, 9:02:17 PM GMT+3 [Modules] Host is up to date.
7/28/2025, 9:02:17 PM GMT+3 [Modules] Checking for module updates at https://discord.com/api/modules/stable/versions.json
7/28/2025, 9:02:17 PM GMT+3 [Modules] No module updates available.
7/28/2025, 9:03:49 PM GMT+3 [Modules] Checking for host updates.
7/28/2025, 9:03:49 PM GMT+3 [Modules] Host is up to date.
7/28/2025, 9:03:49 PM GMT+3 [Modules] Checking for module updates at https://discord.com/api/modules/stable/versions.json
7/28/2025, 9:03:49 PM GMT+3 [Modules] No module updates available.
7/28/2025, 9:30:29 PM GMT+3 [Modules] Checking for host updates.
7/28/2025, 9:30:29 PM GMT+3 [Modules] Host is up to date.
7/28/2025, 9:30:29 PM GMT+3 [Modules] Checking for module updates at https://discord.com/api/modules/stable/versions.json
7/28/2025, 9:30:29 PM GMT+3 [Modules] No module updates available.
7/28/2025, 9:30:39 PM GMT+3 [Modules] Checking for host updates.
7/28/2025, 9:30:39 PM GMT+3 [Modules] Host is up to date.
7/28/2025, 9:30:39 PM GMT+3 [Modules] Checking for module updates at https://discord.com/api/modules/stable/versions.json
7/28/2025, 9:30:39 PM GMT+3 [Modules] No module updates available.
7/28/2025, 9:36:30 PM GMT+3 [Modules] Checking for host updates.
7/28/2025, 9:36:31 PM GMT+3 [Modules] Host is up to date.
7/28/2025, 9:36:31 PM GMT+3 [Modules] Checking for module updates at https://discord.com/api/modules/stable/versions.json
7/28/2025, 9:36:31 PM GMT+3 [Modules] No module updates available.
7/28/2025, 9:37:43 PM GMT+3 [Modules] Checking for host updates.
7/28/2025, 9:37:43 PM GMT+3 [Modules] Host is up to date.
7/28/2025, 9:37:43 PM GMT+3 [Modules] Checking for module updates at https://discord.com/api/modules/stable/versions.json
7/28/2025, 9:37:43 PM GMT+3 [Modules] No module updates available.
7/28/2025, 9:43:05 PM GMT+3 [Modules] Checking for host updates.
7/28/2025, 9:43:05 PM GMT+3 [Modules] Host is up to date.
7/28/2025, 9:43:05 PM GMT+3 [Modules] Checking for module updates at https://discord.com/api/modules/stable/versions.json
7/28/2025, 9:43:05 PM GMT+3 [Modules] No module updates available.
7/28/2025, 9:46:02 PM GMT+3 [Modules] Checking for host updates.
7/28/2025, 9:46:03 PM GMT+3 [Modules] Host is up to date.
7/28/2025, 9:46:03 PM GMT+3 [Modules] Checking for module updates at https://discord.com/api/modules/stable/versions.json
7/28/2025, 9:46:03 PM GMT+3 [Modules] No module updates available.
7/28/2025, 9:49:21 PM GMT+3 [Modules] Checking for host updates.
7/28/2025, 9:49:22 PM GMT+3 [Modules] Host is up to date.
7/28/2025, 9:49:22 PM GMT+3 [Modules] Checking for module updates at https://discord.com/api/modules/stable/versions.json
7/28/2025, 9:49:22 PM GMT+3 [Modules] No module updates available.
7/28/2025, 9:57:38 PM GMT+3 [Modules] Checking for host updates.
7/28/2025, 9:57:39 PM GMT+3 [Modules] Host is up to date.
7/28/2025, 9:57:39 PM GMT+3 [Modules] Checking for module updates at https://discord.com/api/modules/stable/versions.json
7/28/2025, 9:57:39 PM GMT+3 [Modules] No module updates available.
7/28/2025, 9:58:38 PM GMT+3 [Modules] Checking for host updates.
7/28/2025, 9:58:38 PM GMT+3 [Modules] Host is up to date.
7/28/2025, 9:58:38 PM GMT+3 [Modules] Checking for module updates at https://discord.com/api/modules/stable/versions.json
7/28/2025, 9:58:38 PM GMT+3 [Modules] No module updates available.
7/28/2025, 10:02:17 PM GMT+3 [Modules] Checking for host updates.
7/28/2025, 10:02:17 PM GMT+3 [Modules] Host is up to date.
7/28/2025, 10:02:17 PM GMT+3 [Modules] Checking for module updates at https://discord.com/api/modules/stable/versions.json
7/28/2025, 10:02:17 PM GMT+3 [Modules] No module updates available.
7/28/2025, 10:03:49 PM GMT+3 [Modules] Checking for host updates.
7/28/2025, 10:03:49 PM GMT+3 [Modules] Host is up to date.
7/28/2025, 10:03:49 PM GMT+3 [Modules] Checking for module updates at https://discord.com/api/modules/stable/versions.json
7/28/2025, 10:03:49 PM GMT+3 [Modules] No module updates available.
7/28/2025, 10:30:29 PM GMT+3 [Modules] Checking for host updates.
7/28/2025, 10:30:29 PM GMT+3 [Modules] Host is up to date.
7/28/2025, 10:30:29 PM GMT+3 [Modules] Checking for module updates at https://discord.com/api/modules/stable/versions.json
7/28/2025, 10:30:30 PM GMT+3 [Modules] No module updates available.
7/28/2025, 10:30:39 PM GMT+3 [Modules] Checking for host updates.
7/28/2025, 10:30:39 PM GMT+3 [Modules] Host is up to date.
7/28/2025, 10:30:39 PM GMT+3 [Modules] Checking for module updates at https://discord.com/api/modules/stable/versions.json
7/28/2025, 10:30:39 PM GMT+3 [Modules] No module updates available.
7/28/2025, 10:36:30 PM GMT+3 [Modules] Checking for host updates.
7/28/2025, 10:36:31 PM GMT+3 [Modules] Host is up to date.
7/28/2025, 10:36:31 PM GMT+3 [Modules] Checking for module updates at https://discord.com/api/modules/stable/versions.json
7/28/2025, 10:36:31 PM GMT+3 [Modules] No module updates available.
7/28/2025, 10:37:43 PM GMT+3 [Modules] Checking for host updates.
7/28/2025, 10:37:43 PM GMT+3 [Modules] Host is up to date.
7/28/2025, 10:37:43 PM GMT+3 [Modules] Checking for module updates at https://discord.com/api/modules/stable/versions.json
7/28/2025, 10:37:43 PM GMT+3 [Modules] No module updates available.
7/28/2025, 10:43:05 PM GMT+3 [Modules] Checking for host updates.
7/28/2025, 10:43:05 PM GMT+3 [Modules] Host is up to date.
7/28/2025, 10:43:05 PM GMT+3 [Modules] Checking for module updates at https://discord.com/api/modules/stable/versions.json
7/28/2025, 10:43:05 PM GMT+3 [Modules] No module updates available.
7/28/2025, 10:46:02 PM GMT+3 [Modules] Checking for host updates.
7/28/2025, 10:46:03 PM GMT+3 [Modules] Host is up to date.
7/28/2025, 10:46:03 PM GMT+3 [Modules] Checking for module updates at https://discord.com/api/modules/stable/versions.json
7/28/2025, 10:46:03 PM GMT+3 [Modules] No module updates available.
7/29/2025, 7:27:22 PM GMT+3 [Modules] Checking for host updates.
7/29/2025, 7:27:22 PM GMT+3 [Modules] Host update is available. Manual update required!
7/31/2025, 8:31:31 PM GMT+3 [Modules] Modules initializing
7/31/2025, 8:31:31 PM GMT+3 [Modules] Distribution: remote
7/31/2025, 8:31:31 PM GMT+3 [Modules] Host updates: enabled
7/31/2025, 8:31:31 PM GMT+3 [Modules] Module updates: enabled
7/31/2025, 8:31:31 PM GMT+3 [Modules] Module install path: /home/dmtr/.config/discord/0.0.102/modules
7/31/2025, 8:31:31 PM GMT+3 [Modules] Module installed file path: /home/dmtr/.config/discord/0.0.102/modules/installed.json
7/31/2025, 8:31:31 PM GMT+3 [Modules] Module download path: /home/dmtr/.config/discord/0.0.102/modules/pending
7/31/2025, 8:31:31 PM GMT+3 [Modules] No updates to install
7/31/2025, 8:31:31 PM GMT+3 [Modules] Checking for host updates.
7/31/2025, 8:31:31 PM GMT+3 [Modules] Host update is available. Manual update required!
7/31/2025, 8:31:57 PM GMT+3 [Modules] Modules initializing
7/31/2025, 8:31:57 PM GMT+3 [Modules] Distribution: remote
7/31/2025, 8:31:57 PM GMT+3 [Modules] Host updates: enabled
7/31/2025, 8:31:57 PM GMT+3 [Modules] Module updates: enabled
7/31/2025, 8:31:57 PM GMT+3 [Modules] Module install path: /home/dmtr/.config/discord/0.0.103/modules
7/31/2025, 8:31:57 PM GMT+3 [Modules] Module installed file path: /home/dmtr/.config/discord/0.0.103/modules/installed.json
7/31/2025, 8:31:57 PM GMT+3 [Modules] Module download path: /home/dmtr/.config/discord/0.0.103/modules/pending
7/31/2025, 8:31:57 PM GMT+3 [Modules] Bootstrapping...
7/31/2025, 8:31:57 PM GMT+3 [Modules] Installing discord_desktop_core@0 from /opt/discord/resources/bootstrap/discord_desktop_core.zip
7/31/2025, 8:31:57 PM GMT+3 [Modules] Failed installing discord_desktop_core@0: Error: ENOENT: no such file or directory, open '/opt/discord/resources/bootstrap/discord_desktop_core.zip'
7/31/2025, 8:31:57 PM GMT+3 [Modules] Installing discord_erlpack@0 from /opt/discord/resources/bootstrap/discord_erlpack.zip
7/31/2025, 8:31:57 PM GMT+3 [Modules] Failed installing discord_erlpack@0: Error: ENOENT: no such file or directory, open '/opt/discord/resources/bootstrap/discord_erlpack.zip'
7/31/2025, 8:31:57 PM GMT+3 [Modules] Installing discord_spellcheck@0 from /opt/discord/resources/bootstrap/discord_spellcheck.zip
7/31/2025, 8:31:57 PM GMT+3 [Modules] Failed installing discord_spellcheck@0: Error: ENOENT: no such file or directory, open '/opt/discord/resources/bootstrap/discord_spellcheck.zip'
7/31/2025, 8:31:57 PM GMT+3 [Modules] Installing discord_utils@0 from /opt/discord/resources/bootstrap/discord_utils.zip
7/31/2025, 8:31:57 PM GMT+3 [Modules] Failed installing discord_utils@0: Error: ENOENT: no such file or directory, open '/opt/discord/resources/bootstrap/discord_utils.zip'
7/31/2025, 8:31:57 PM GMT+3 [Modules] Installing discord_voice@0 from /opt/discord/resources/bootstrap/discord_voice.zip
7/31/2025, 8:31:57 PM GMT+3 [Modules] Failed installing discord_voice@0: Error: ENOENT: no such file or directory, open '/opt/discord/resources/bootstrap/discord_voice.zip'
7/31/2025, 8:31:57 PM GMT+3 [Modules] Installing discord_zstd@0 from /opt/discord/resources/bootstrap/discord_zstd.zip
7/31/2025, 8:31:57 PM GMT+3 [Modules] Failed installing discord_zstd@0: Error: ENOENT: no such file or directory, open '/opt/discord/resources/bootstrap/discord_zstd.zip'
7/31/2025, 8:31:57 PM GMT+3 [Modules] Finished module installations. [success: 0] [failure: 6]
7/31/2025, 8:31:57 PM GMT+3 [Modules] Checking for host updates.
7/31/2025, 8:31:57 PM GMT+3 [Modules] Host is up to date.
7/31/2025, 8:31:57 PM GMT+3 [Modules] Checking for module updates at https://discord.com/api/modules/stable/versions.json
7/31/2025, 8:31:57 PM GMT+3 [Modules] Module update available: discord_desktop_core@1 [installed: 0]
7/31/2025, 8:31:57 PM GMT+3 [Modules] Module update available: discord_erlpack@1 [installed: 0]
7/31/2025, 8:31:57 PM GMT+3 [Modules] Module update available: discord_spellcheck@1 [installed: 0]
7/31/2025, 8:31:57 PM GMT+3 [Modules] Module update available: discord_utils@1 [installed: 0]
7/31/2025, 8:31:57 PM GMT+3 [Modules] Module update available: discord_voice@1 [installed: 0]
7/31/2025, 8:31:57 PM GMT+3 [Modules] Module update available: discord_zstd@1 [installed: 0]
7/31/2025, 8:31:57 PM GMT+3 [Modules] Fetching discord_desktop_core@1 from https://discord.com/api/modules/stable/discord_desktop_core/1
7/31/2025, 8:31:57 PM GMT+3 [Modules] Streaming discord_desktop_core@1 to /home/dmtr/.config/discord/0.0.103/modules/pending/discord_desktop_core-1.zip
7/31/2025, 8:31:58 PM GMT+3 [Modules] Streaming discord_desktop_core@1 to /home/dmtr/.config/discord/0.0.103/modules/pending/discord_desktop_core-1.zip: 1%
7/31/2025, 8:31:58 PM GMT+3 [Modules] Streaming discord_desktop_core@1 to /home/dmtr/.config/discord/0.0.103/modules/pending/discord_desktop_core-1.zip: 2%
7/31/2025, 8:31:58 PM GMT+3 [Modules] Streaming discord_desktop_core@1 to /home/dmtr/.config/discord/0.0.103/modules/pending/discord_desktop_core-1.zip: 3%
7/31/2025, 8:31:58 PM GMT+3 [Modules] Streaming discord_desktop_core@1 to /home/dmtr/.config/discord/0.0.103/modules/pending/discord_desktop_core-1.zip: 4%
7/31/2025, 8:31:58 PM GMT+3 [Modules] Streaming discord_desktop_core@1 to /home/dmtr/.config/discord/0.0.103/modules/pending/discord_desktop_core-1.zip: 5%
7/31/2025, 8:31:58 PM GMT+3 [Modules] Streaming discord_desktop_core@1 to /home/dmtr/.config/discord/0.0.103/modules/pending/discord_desktop_core-1.zip: 6%
7/31/2025, 8:31:58 PM GMT+3 [Modules] Streaming discord_desktop_core@1 to /home/dmtr/.config/discord/0.0.103/modules/pending/discord_desktop_core-1.zip: 7%
7/31/2025, 8:31:58 PM GMT+3 [Modules] Streaming discord_desktop_core@1 to /home/dmtr/.config/discord/0.0.103/modules/pending/discord_desktop_core-1.zip: 8%
7/31/2025, 8:31:58 PM GMT+3 [Modules] Streaming discord_desktop_core@1 to /home/dmtr/.config/discord/0.0.103/modules/pending/discord_desktop_core-1.zip: 9%
7/31/2025, 8:31:58 PM GMT+3 [Modules] Streaming discord_desktop_core@1 to /home/dmtr/.config/discord/0.0.103/modules/pending/discord_desktop_core-1.zip: 10%
7/31/2025, 8:31:58 PM GMT+3 [Modules] Streaming discord_desktop_core@1 to /home/dmtr/.config/discord/0.0.103/modules/pending/discord_desktop_core-1.zip: 11%
7/31/2025, 8:31:58 PM GMT+3 [Modules] Streaming discord_desktop_core@1 to /home/dmtr/.config/discord/0.0.103/modules/pending/discord_desktop_core-1.zip: 12%
7/31/2025, 8:31:58 PM GMT+3 [Modules] Streaming discord_desktop_core@1 to /home/dmtr/.config/discord/0.0.103/modules/pending/discord_desktop_core-1.zip: 13%
7/31/2025, 8:31:58 PM GMT+3 [Modules] Streaming discord_desktop_core@1 to /home/dmtr/.config/discord/0.0.103/modules/pending/discord_desktop_core-1.zip: 14%
7/31/2025, 8:31:58 PM GMT+3 [Modules] Streaming discord_desktop_core@1 to /home/dmtr/.config/discord/0.0.103/modules/pending/discord_desktop_core-1.zip: 15%
7/31/2025, 8:31:58 PM GMT+3 [Modules] Streaming discord_desktop_core@1 to /home/dmtr/.config/discord/0.0.103/modules/pending/discord_desktop_core-1.zip: 16%
7/31/2025, 8:31:58 PM GMT+3 [Modules] Streaming discord_desktop_core@1 to /home/dmtr/.config/discord/0.0.103/modules/pending/discord_desktop_core-1.zip: 17%
7/31/2025, 8:31:58 PM GMT+3 [Modules] Streaming discord_desktop_core@1 to /home/dmtr/.config/discord/0.0.103/modules/pending/discord_desktop_core-1.zip: 18%
7/31/2025, 8:31:58 PM GMT+3 [Modules] Streaming discord_desktop_core@1 to /home/dmtr/.config/discord/0.0.103/modules/pending/discord_desktop_core-1.zip: 19%
7/31/2025, 8:31:58 PM GMT+3 [Modules] Streaming discord_desktop_core@1 to /home/dmtr/.config/discord/0.0.103/modules/pending/discord_desktop_core-1.zip: 21%
7/31/2025, 8:31:58 PM GMT+3 [Modules] Streaming discord_desktop_core@1 to /home/dmtr/.config/discord/0.0.103/modules/pending/discord_desktop_core-1.zip: 23%
7/31/2025, 8:31:58 PM GMT+3 [Modules] Streaming discord_desktop_core@1 to /home/dmtr/.config/discord/0.0.103/modules/pending/discord_desktop_core-1.zip: 24%
7/31/2025, 8:31:58 PM GMT+3 [Modules] Streaming discord_desktop_core@1 to /home/dmtr/.config/discord/0.0.103/modules/pending/discord_desktop_core-1.zip: 35%
7/31/2025, 8:31:58 PM GMT+3 [Modules] Streaming discord_desktop_core@1 to /home/dmtr/.config/discord/0.0.103/modules/pending/discord_desktop_core-1.zip: 36%
7/31/2025, 8:31:58 PM GMT+3 [Modules] Streaming discord_desktop_core@1 to /home/dmtr/.config/discord/0.0.103/modules/pending/discord_desktop_core-1.zip: 37%
7/31/2025, 8:31:58 PM GMT+3 [Modules] Streaming discord_desktop_core@1 to /home/dmtr/.config/discord/0.0.103/modules/pending/discord_desktop_core-1.zip: 38%
7/31/2025, 8:31:58 PM GMT+3 [Modules] Streaming discord_desktop_core@1 to /home/dmtr/.config/discord/0.0.103/modules/pending/discord_desktop_core-1.zip: 39%
7/31/2025, 8:31:58 PM GMT+3 [Modules] Streaming discord_desktop_core@1 to /home/dmtr/.config/discord/0.0.103/modules/pending/discord_desktop_core-1.zip: 43%
7/31/2025, 8:31:58 PM GMT+3 [Modules] Streaming discord_desktop_core@1 to /home/dmtr/.config/discord/0.0.103/modules/pending/discord_desktop_core-1.zip: 46%
7/31/2025, 8:31:58 PM GMT+3 [Modules] Streaming discord_desktop_core@1 to /home/dmtr/.config/discord/0.0.103/modules/pending/discord_desktop_core-1.zip: 47%
7/31/2025, 8:31:58 PM GMT+3 [Modules] Streaming discord_desktop_core@1 to /home/dmtr/.config/discord/0.0.103/modules/pending/discord_desktop_core-1.zip: 50%
7/31/2025, 8:31:58 PM GMT+3 [Modules] Streaming discord_desktop_core@1 to /home/dmtr/.config/discord/0.0.103/modules/pending/discord_desktop_core-1.zip: 53%
7/31/2025, 8:31:58 PM GMT+3 [Modules] Streaming discord_desktop_core@1 to /home/dmtr/.config/discord/0.0.103/modules/pending/discord_desktop_core-1.zip: 55%
7/31/2025, 8:31:58 PM GMT+3 [Modules] Streaming discord_desktop_core@1 to /home/dmtr/.config/discord/0.0.103/modules/pending/discord_desktop_core-1.zip: 58%
7/31/2025, 8:31:58 PM GMT+3 [Modules] Streaming discord_desktop_core@1 to /home/dmtr/.config/discord/0.0.103/modules/pending/discord_desktop_core-1.zip: 64%
7/31/2025, 8:31:58 PM GMT+3 [Modules] Streaming discord_desktop_core@1 to /home/dmtr/.config/discord/0.0.103/modules/pending/discord_desktop_core-1.zip: 65%
7/31/2025, 8:31:58 PM GMT+3 [Modules] Streaming discord_desktop_core@1 to /home/dmtr/.config/discord/0.0.103/modules/pending/discord_desktop_core-1.zip: 67%
7/31/2025, 8:31:58 PM GMT+3 [Modules] Streaming discord_desktop_core@1 to /home/dmtr/.config/discord/0.0.103/modules/pending/discord_desktop_core-1.zip: 68%
7/31/2025, 8:31:58 PM GMT+3 [Modules] Streaming discord_desktop_core@1 to /home/dmtr/.config/discord/0.0.103/modules/pending/discord_desktop_core-1.zip: 70%
7/31/2025, 8:31:58 PM GMT+3 [Modules] Streaming discord_desktop_core@1 to /home/dmtr/.config/discord/0.0.103/modules/pending/discord_desktop_core-1.zip: 71%
7/31/2025, 8:31:58 PM GMT+3 [Modules] Streaming discord_desktop_core@1 to /home/dmtr/.config/discord/0.0.103/modules/pending/discord_desktop_core-1.zip: 72%
7/31/2025, 8:31:58 PM GMT+3 [Modules] Streaming discord_desktop_core@1 to /home/dmtr/.config/discord/0.0.103/modules/pending/discord_desktop_core-1.zip: 75%
7/31/2025, 8:31:58 PM GMT+3 [Modules] Streaming discord_desktop_core@1 to /home/dmtr/.config/discord/0.0.103/modules/pending/discord_desktop_core-1.zip: 76%
7/31/2025, 8:31:58 PM GMT+3 [Modules] Streaming discord_desktop_core@1 to /home/dmtr/.config/discord/0.0.103/modules/pending/discord_desktop_core-1.zip: 78%
7/31/2025, 8:31:58 PM GMT+3 [Modules] Streaming discord_desktop_core@1 to /home/dmtr/.config/discord/0.0.103/modules/pending/discord_desktop_core-1.zip: 82%
7/31/2025, 8:31:58 PM GMT+3 [Modules] Streaming discord_desktop_core@1 to /home/dmtr/.config/discord/0.0.103/modules/pending/discord_desktop_core-1.zip: 84%
7/31/2025, 8:31:58 PM GMT+3 [Modules] Streaming discord_desktop_core@1 to /home/dmtr/.config/discord/0.0.103/modules/pending/discord_desktop_core-1.zip: 88%
7/31/2025, 8:31:58 PM GMT+3 [Modules] Streaming discord_desktop_core@1 to /home/dmtr/.config/discord/0.0.103/modules/pending/discord_desktop_core-1.zip: 90%
7/31/2025, 8:31:58 PM GMT+3 [Modules] Streaming discord_desktop_core@1 to /home/dmtr/.config/discord/0.0.103/modules/pending/discord_desktop_core-1.zip: 93%
7/31/2025, 8:31:58 PM GMT+3 [Modules] Streaming discord_desktop_core@1 to /home/dmtr/.config/discord/0.0.103/modules/pending/discord_desktop_core-1.zip: 96%
7/31/2025, 8:31:58 PM GMT+3 [Modules] Streaming discord_desktop_core@1 to /home/dmtr/.config/discord/0.0.103/modules/pending/discord_desktop_core-1.zip: 98%
7/31/2025, 8:31:58 PM GMT+3 [Modules] Streaming discord_desktop_core@1 to /home/dmtr/.config/discord/0.0.103/modules/pending/discord_desktop_core-1.zip: 100%
7/31/2025, 8:31:58 PM GMT+3 [Modules] Fetching discord_erlpack@1 from https://discord.com/api/modules/stable/discord_erlpack/1
7/31/2025, 8:31:58 PM GMT+3 [Modules] Streaming discord_erlpack@1 to /home/dmtr/.config/discord/0.0.103/modules/pending/discord_erlpack-1.zip
7/31/2025, 8:31:58 PM GMT+3 [Modules] Streaming discord_erlpack@1 to /home/dmtr/.config/discord/0.0.103/modules/pending/discord_erlpack-1.zip: 2%
7/31/2025, 8:31:58 PM GMT+3 [Modules] Streaming discord_erlpack@1 to /home/dmtr/.config/discord/0.0.103/modules/pending/discord_erlpack-1.zip: 5%
7/31/2025, 8:31:58 PM GMT+3 [Modules] Streaming discord_erlpack@1 to /home/dmtr/.config/discord/0.0.103/modules/pending/discord_erlpack-1.zip: 7%
7/31/2025, 8:31:58 PM GMT+3 [Modules] Streaming discord_erlpack@1 to /home/dmtr/.config/discord/0.0.103/modules/pending/discord_erlpack-1.zip: 9%
7/31/2025, 8:31:58 PM GMT+3 [Modules] Streaming discord_erlpack@1 to /home/dmtr/.config/discord/0.0.103/modules/pending/discord_erlpack-1.zip: 12%
7/31/2025, 8:31:58 PM GMT+3 [Modules] Streaming discord_erlpack@1 to /home/dmtr/.config/discord/0.0.103/modules/pending/discord_erlpack-1.zip: 15%
7/31/2025, 8:31:58 PM GMT+3 [Modules] Streaming discord_erlpack@1 to /home/dmtr/.config/discord/0.0.103/modules/pending/discord_erlpack-1.zip: 21%
7/31/2025, 8:31:58 PM GMT+3 [Modules] Streaming discord_erlpack@1 to /home/dmtr/.config/discord/0.0.103/modules/pending/discord_erlpack-1.zip: 27%
7/31/2025, 8:31:58 PM GMT+3 [Modules] Streaming discord_erlpack@1 to /home/dmtr/.config/discord/0.0.103/modules/pending/discord_erlpack-1.zip: 28%
7/31/2025, 8:31:58 PM GMT+3 [Modules] Streaming discord_erlpack@1 to /home/dmtr/.config/discord/0.0.103/modules/pending/discord_erlpack-1.zip: 34%
7/31/2025, 8:31:58 PM GMT+3 [Modules] Streaming discord_erlpack@1 to /home/dmtr/.config/discord/0.0.103/modules/pending/discord_erlpack-1.zip: 49%
7/31/2025, 8:31:58 PM GMT+3 [Modules] Streaming discord_erlpack@1 to /home/dmtr/.config/discord/0.0.103/modules/pending/discord_erlpack-1.zip: 52%
7/31/2025, 8:31:58 PM GMT+3 [Modules] Streaming discord_erlpack@1 to /home/dmtr/.config/discord/0.0.103/modules/pending/discord_erlpack-1.zip: 55%
7/31/2025, 8:31:58 PM GMT+3 [Modules] Streaming discord_erlpack@1 to /home/dmtr/.config/discord/0.0.103/modules/pending/discord_erlpack-1.zip: 73%
7/31/2025, 8:31:58 PM GMT+3 [Modules] Streaming discord_erlpack@1 to /home/dmtr/.config/discord/0.0.103/modules/pending/discord_erlpack-1.zip: 93%
7/31/2025, 8:31:58 PM GMT+3 [Modules] Streaming discord_erlpack@1 to /home/dmtr/.config/discord/0.0.103/modules/pending/discord_erlpack-1.zip: 100%
7/31/2025, 8:31:58 PM GMT+3 [Modules] Fetching discord_spellcheck@1 from https://discord.com/api/modules/stable/discord_spellcheck/1
7/31/2025, 8:31:58 PM GMT+3 [Modules] Streaming discord_spellcheck@1 to /home/dmtr/.config/discord/0.0.103/modules/pending/discord_spellcheck-1.zip
7/31/2025, 8:31:59 PM GMT+3 [Modules] Streaming discord_spellcheck@1 to /home/dmtr/.config/discord/0.0.103/modules/pending/discord_spellcheck-1.zip: 1%
7/31/2025, 8:31:59 PM GMT+3 [Modules] Streaming discord_spellcheck@1 to /home/dmtr/.config/discord/0.0.103/modules/pending/discord_spellcheck-1.zip: 2%
7/31/2025, 8:31:59 PM GMT+3 [Modules] Streaming discord_spellcheck@1 to /home/dmtr/.config/discord/0.0.103/modules/pending/discord_spellcheck-1.zip: 3%
7/31/2025, 8:31:59 PM GMT+3 [Modules] Streaming discord_spellcheck@1 to /home/dmtr/.config/discord/0.0.103/modules/pending/discord_spellcheck-1.zip: 4%
7/31/2025, 8:31:59 PM GMT+3 [Modules] Streaming discord_spellcheck@1 to /home/dmtr/.config/discord/0.0.103/modules/pending/discord_spellcheck-1.zip: 5%
7/31/2025, 8:31:59 PM GMT+3 [Modules] Streaming discord_spellcheck@1 to /home/dmtr/.config/discord/0.0.103/modules/pending/discord_spellcheck-1.zip: 6%
7/31/2025, 8:31:59 PM GMT+3 [Modules] Streaming discord_spellcheck@1 to /home/dmtr/.config/discord/0.0.103/modules/pending/discord_spellcheck-1.zip: 7%
7/31/2025, 8:31:59 PM GMT+3 [Modules] Streaming discord_spellcheck@1 to /home/dmtr/.config/discord/0.0.103/modules/pending/discord_spellcheck-1.zip: 9%
7/31/2025, 8:31:59 PM GMT+3 [Modules] Streaming discord_spellcheck@1 to /home/dmtr/.config/discord/0.0.103/modules/pending/discord_spellcheck-1.zip: 11%
7/31/2025, 8:31:59 PM GMT+3 [Modules] Streaming discord_spellcheck@1 to /home/dmtr/.config/discord/0.0.103/modules/pending/discord_spellcheck-1.zip: 12%
7/31/2025, 8:31:59 PM GMT+3 [Modules] Streaming discord_spellcheck@1 to /home/dmtr/.config/discord/0.0.103/modules/pending/discord_spellcheck-1.zip: 14%
7/31/2025, 8:31:59 PM GMT+3 [Modules] Streaming discord_spellcheck@1 to /home/dmtr/.config/discord/0.0.103/modules/pending/discord_spellcheck-1.zip: 17%
7/31/2025, 8:31:59 PM GMT+3 [Modules] Streaming discord_spellcheck@1 to /home/dmtr/.config/discord/0.0.103/modules/pending/discord_spellcheck-1.zip: 20%
7/31/2025, 8:31:59 PM GMT+3 [Modules] Streaming discord_spellcheck@1 to /home/dmtr/.config/discord/0.0.103/modules/pending/discord_spellcheck-1.zip: 21%
7/31/2025, 8:31:59 PM GMT+3 [Modules] Streaming discord_spellcheck@1 to /home/dmtr/.config/discord/0.0.103/modules/pending/discord_spellcheck-1.zip: 22%
7/31/2025, 8:31:59 PM GMT+3 [Modules] Streaming discord_spellcheck@1 to /home/dmtr/.config/discord/0.0.103/modules/pending/discord_spellcheck-1.zip: 25%
7/31/2025, 8:31:59 PM GMT+3 [Modules] Streaming discord_spellcheck@1 to /home/dmtr/.config/discord/0.0.103/modules/pending/discord_spellcheck-1.zip: 30%
7/31/2025, 8:31:59 PM GMT+3 [Modules] Streaming discord_spellcheck@1 to /home/dmtr/.config/discord/0.0.103/modules/pending/discord_spellcheck-1.zip: 31%
7/31/2025, 8:31:59 PM GMT+3 [Modules] Streaming discord_spellcheck@1 to /home/dmtr/.config/discord/0.0.103/modules/pending/discord_spellcheck-1.zip: 35%
7/31/2025, 8:31:59 PM GMT+3 [Modules] Streaming discord_spellcheck@1 to /home/dmtr/.config/discord/0.0.103/modules/pending/discord_spellcheck-1.zip: 41%
7/31/2025, 8:31:59 PM GMT+3 [Modules] Streaming discord_spellcheck@1 to /home/dmtr/.config/discord/0.0.103/modules/pending/discord_spellcheck-1.zip: 42%
7/31/2025, 8:31:59 PM GMT+3 [Modules] Streaming discord_spellcheck@1 to /home/dmtr/.config/discord/0.0.103/modules/pending/discord_spellcheck-1.zip: 45%
7/31/2025, 8:31:59 PM GMT+3 [Modules] Streaming discord_spellcheck@1 to /home/dmtr/.config/discord/0.0.103/modules/pending/discord_spellcheck-1.zip: 49%
7/31/2025, 8:31:59 PM GMT+3 [Modules] Streaming discord_spellcheck@1 to /home/dmtr/.config/discord/0.0.103/modules/pending/discord_spellcheck-1.zip: 53%
7/31/2025, 8:31:59 PM GMT+3 [Modules] Streaming discord_spellcheck@1 to /home/dmtr/.config/discord/0.0.103/modules/pending/discord_spellcheck-1.zip: 56%
7/31/2025, 8:31:59 PM GMT+3 [Modules] Streaming discord_spellcheck@1 to /home/dmtr/.config/discord/0.0.103/modules/pending/discord_spellcheck-1.zip: 62%
7/31/2025, 8:31:59 PM GMT+3 [Modules] Streaming discord_spellcheck@1 to /home/dmtr/.config/discord/0.0.103/modules/pending/discord_spellcheck-1.zip: 63%
7/31/2025, 8:31:59 PM GMT+3 [Modules] Streaming discord_spellcheck@1 to /home/dmtr/.config/discord/0.0.103/modules/pending/discord_spellcheck-1.zip: 64%
7/31/2025, 8:31:59 PM GMT+3 [Modules] Streaming discord_spellcheck@1 to /home/dmtr/.config/discord/0.0.103/modules/pending/discord_spellcheck-1.zip: 65%
7/31/2025, 8:31:59 PM GMT+3 [Modules] Streaming discord_spellcheck@1 to /home/dmtr/.config/discord/0.0.103/modules/pending/discord_spellcheck-1.zip: 67%
7/31/2025, 8:31:59 PM GMT+3 [Modules] Streaming discord_spellcheck@1 to /home/dmtr/.config/discord/0.0.103/modules/pending/discord_spellcheck-1.zip: 68%
7/31/2025, 8:31:59 PM GMT+3 [Modules] Streaming discord_spellcheck@1 to /home/dmtr/.config/discord/0.0.103/modules/pending/discord_spellcheck-1.zip: 69%
7/31/2025, 8:31:59 PM GMT+3 [Modules] Streaming discord_spellcheck@1 to /home/dmtr/.config/discord/0.0.103/modules/pending/discord_spellcheck-1.zip: 70%
7/31/2025, 8:31:59 PM GMT+3 [Modules] Streaming discord_spellcheck@1 to /home/dmtr/.config/discord/0.0.103/modules/pending/discord_spellcheck-1.zip: 71%
7/31/2025, 8:31:59 PM GMT+3 [Modules] Streaming discord_spellcheck@1 to /home/dmtr/.config/discord/0.0.103/modules/pending/discord_spellcheck-1.zip: 73%
7/31/2025, 8:31:59 PM GMT+3 [Modules] Streaming discord_spellcheck@1 to /home/dmtr/.config/discord/0.0.103/modules/pending/discord_spellcheck-1.zip: 74%
7/31/2025, 8:31:59 PM GMT+3 [Modules] Streaming discord_spellcheck@1 to /home/dmtr/.config/discord/0.0.103/modules/pending/discord_spellcheck-1.zip: 75%
7/31/2025, 8:31:59 PM GMT+3 [Modules] Streaming discord_spellcheck@1 to /home/dmtr/.config/discord/0.0.103/modules/pending/discord_spellcheck-1.zip: 76%
7/31/2025, 8:31:59 PM GMT+3 [Modules] Streaming discord_spellcheck@1 to /home/dmtr/.config/discord/0.0.103/modules/pending/discord_spellcheck-1.zip: 78%
7/31/2025, 8:31:59 PM GMT+3 [Modules] Streaming discord_spellcheck@1 to /home/dmtr/.config/discord/0.0.103/modules/pending/discord_spellcheck-1.zip: 79%
7/31/2025, 8:31:59 PM GMT+3 [Modules] Streaming discord_spellcheck@1 to /home/dmtr/.config/discord/0.0.103/modules/pending/discord_spellcheck-1.zip: 80%
7/31/2025, 8:31:59 PM GMT+3 [Modules] Streaming discord_spellcheck@1 to /home/dmtr/.config/discord/0.0.103/modules/pending/discord_spellcheck-1.zip: 81%
7/31/2025, 8:31:59 PM GMT+3 [Modules] Streaming discord_spellcheck@1 to /home/dmtr/.config/discord/0.0.103/modules/pending/discord_spellcheck-1.zip: 82%
7/31/2025, 8:31:59 PM GMT+3 [Modules] Streaming discord_spellcheck@1 to /home/dmtr/.config/discord/0.0.103/modules/pending/discord_spellcheck-1.zip: 86%
7/31/2025, 8:31:59 PM GMT+3 [Modules] Streaming discord_spellcheck@1 to /home/dmtr/.config/discord/0.0.103/modules/pending/discord_spellcheck-1.zip: 87%
7/31/2025, 8:31:59 PM GMT+3 [Modules] Streaming discord_spellcheck@1 to /home/dmtr/.config/discord/0.0.103/modules/pending/discord_spellcheck-1.zip: 88%
7/31/2025, 8:31:59 PM GMT+3 [Modules] Streaming discord_spellcheck@1 to /home/dmtr/.config/discord/0.0.103/modules/pending/discord_spellcheck-1.zip: 90%
7/31/2025, 8:31:59 PM GMT+3 [Modules] Streaming discord_spellcheck@1 to /home/dmtr/.config/discord/0.0.103/modules/pending/discord_spellcheck-1.zip: 91%
7/31/2025, 8:31:59 PM GMT+3 [Modules] Streaming discord_spellcheck@1 to /home/dmtr/.config/discord/0.0.103/modules/pending/discord_spellcheck-1.zip: 95%
7/31/2025, 8:31:59 PM GMT+3 [Modules] Streaming discord_spellcheck@1 to /home/dmtr/.config/discord/0.0.103/modules/pending/discord_spellcheck-1.zip: 96%
7/31/2025, 8:31:59 PM GMT+3 [Modules] Streaming discord_spellcheck@1 to /home/dmtr/.config/discord/0.0.103/modules/pending/discord_spellcheck-1.zip: 97%
7/31/2025, 8:31:59 PM GMT+3 [Modules] Streaming discord_spellcheck@1 to /home/dmtr/.config/discord/0.0.103/modules/pending/discord_spellcheck-1.zip: 98%
7/31/2025, 8:31:59 PM GMT+3 [Modules] Streaming discord_spellcheck@1 to /home/dmtr/.config/discord/0.0.103/modules/pending/discord_spellcheck-1.zip: 99%
7/31/2025, 8:31:59 PM GMT+3 [Modules] Streaming discord_spellcheck@1 to /home/dmtr/.config/discord/0.0.103/modules/pending/discord_spellcheck-1.zip: 100%
7/31/2025, 8:31:59 PM GMT+3 [Modules] Fetching discord_utils@1 from https://discord.com/api/modules/stable/discord_utils/1
7/31/2025, 8:31:59 PM GMT+3 [Modules] Streaming discord_utils@1 to /home/dmtr/.config/discord/0.0.103/modules/pending/discord_utils-1.zip
7/31/2025, 8:31:59 PM GMT+3 [Modules] Streaming discord_utils@1 to /home/dmtr/.config/discord/0.0.103/modules/pending/discord_utils-1.zip: 1%
7/31/2025, 8:31:59 PM GMT+3 [Modules] Streaming discord_utils@1 to /home/dmtr/.config/discord/0.0.103/modules/pending/discord_utils-1.zip: 3%
7/31/2025, 8:31:59 PM GMT+3 [Modules] Streaming discord_utils@1 to /home/dmtr/.config/discord/0.0.103/modules/pending/discord_utils-1.zip: 5%
7/31/2025, 8:31:59 PM GMT+3 [Modules] Streaming discord_utils@1 to /home/dmtr/.config/discord/0.0.103/modules/pending/discord_utils-1.zip: 7%
7/31/2025, 8:31:59 PM GMT+3 [Modules] Streaming discord_utils@1 to /home/dmtr/.config/discord/0.0.103/modules/pending/discord_utils-1.zip: 9%
7/31/2025, 8:31:59 PM GMT+3 [Modules] Streaming discord_utils@1 to /home/dmtr/.config/discord/0.0.103/modules/pending/discord_utils-1.zip: 12%
7/31/2025, 8:31:59 PM GMT+3 [Modules] Streaming discord_utils@1 to /home/dmtr/.config/discord/0.0.103/modules/pending/discord_utils-1.zip: 19%
7/31/2025, 8:31:59 PM GMT+3 [Modules] Streaming discord_utils@1 to /home/dmtr/.config/discord/0.0.103/modules/pending/discord_utils-1.zip: 28%
7/31/2025, 8:31:59 PM GMT+3 [Modules] Streaming discord_utils@1 to /home/dmtr/.config/discord/0.0.103/modules/pending/discord_utils-1.zip: 38%
7/31/2025, 8:31:59 PM GMT+3 [Modules] Streaming discord_utils@1 to /home/dmtr/.config/discord/0.0.103/modules/pending/discord_utils-1.zip: 48%
7/31/2025, 8:31:59 PM GMT+3 [Modules] Streaming discord_utils@1 to /home/dmtr/.config/discord/0.0.103/modules/pending/discord_utils-1.zip: 51%
7/31/2025, 8:31:59 PM GMT+3 [Modules] Streaming discord_utils@1 to /home/dmtr/.config/discord/0.0.103/modules/pending/discord_utils-1.zip: 53%
7/31/2025, 8:31:59 PM GMT+3 [Modules] Streaming discord_utils@1 to /home/dmtr/.config/discord/0.0.103/modules/pending/discord_utils-1.zip: 54%
7/31/2025, 8:31:59 PM GMT+3 [Modules] Streaming discord_utils@1 to /home/dmtr/.config/discord/0.0.103/modules/pending/discord_utils-1.zip: 55%
7/31/2025, 8:31:59 PM GMT+3 [Modules] Streaming discord_utils@1 to /home/dmtr/.config/discord/0.0.103/modules/pending/discord_utils-1.zip: 62%
7/31/2025, 8:31:59 PM GMT+3 [Modules] Streaming discord_utils@1 to /home/dmtr/.config/discord/0.0.103/modules/pending/discord_utils-1.zip: 68%
7/31/2025, 8:31:59 PM GMT+3 [Modules] Streaming discord_utils@1 to /home/dmtr/.config/discord/0.0.103/modules/pending/discord_utils-1.zip: 78%
7/31/2025, 8:31:59 PM GMT+3 [Modules] Streaming discord_utils@1 to /home/dmtr/.config/discord/0.0.103/modules/pending/discord_utils-1.zip: 89%
7/31/2025, 8:31:59 PM GMT+3 [Modules] Streaming discord_utils@1 to /home/dmtr/.config/discord/0.0.103/modules/pending/discord_utils-1.zip: 99%
7/31/2025, 8:31:59 PM GMT+3 [Modules] Streaming discord_utils@1 to /home/dmtr/.config/discord/0.0.103/modules/pending/discord_utils-1.zip: 100%
7/31/2025, 8:31:59 PM GMT+3 [Modules] Fetching discord_voice@1 from https://discord.com/api/modules/stable/discord_voice/1
7/31/2025, 8:31:59 PM GMT+3 [Modules] Streaming discord_voice@1 to /home/dmtr/.config/discord/0.0.103/modules/pending/discord_voice-1.zip
7/31/2025, 8:32:00 PM GMT+3 [Modules] Streaming discord_voice@1 to /home/dmtr/.config/discord/0.0.103/modules/pending/discord_voice-1.zip: 1%
7/31/2025, 8:32:00 PM GMT+3 [Modules] Streaming discord_voice@1 to /home/dmtr/.config/discord/0.0.103/modules/pending/discord_voice-1.zip: 2%
7/31/2025, 8:32:00 PM GMT+3 [Modules] Streaming discord_voice@1 to /home/dmtr/.config/discord/0.0.103/modules/pending/discord_voice-1.zip: 3%
7/31/2025, 8:32:00 PM GMT+3 [Modules] Streaming discord_voice@1 to /home/dmtr/.config/discord/0.0.103/modules/pending/discord_voice-1.zip: 4%
7/31/2025, 8:32:00 PM GMT+3 [Modules] Streaming discord_voice@1 to /home/dmtr/.config/discord/0.0.103/modules/pending/discord_voice-1.zip: 5%
7/31/2025, 8:32:00 PM GMT+3 [Modules] Streaming discord_voice@1 to /home/dmtr/.config/discord/0.0.103/modules/pending/discord_voice-1.zip: 6%
7/31/2025, 8:32:00 PM GMT+3 [Modules] Streaming discord_voice@1 to /home/dmtr/.config/discord/0.0.103/modules/pending/discord_voice-1.zip: 7%
7/31/2025, 8:32:00 PM GMT+3 [Modules] Streaming discord_voice@1 to /home/dmtr/.config/discord/0.0.103/modules/pending/discord_voice-1.zip: 8%
7/31/2025, 8:32:00 PM GMT+3 [Modules] Streaming discord_voice@1 to /home/dmtr/.config/discord/0.0.103/modules/pending/discord_voice-1.zip: 10%
7/31/2025, 8:32:00 PM GMT+3 [Modules] Streaming discord_voice@1 to /home/dmtr/.config/discord/0.0.103/modules/pending/discord_voice-1.zip: 12%
7/31/2025, 8:32:00 PM GMT+3 [Modules] Streaming discord_voice@1 to /home/dmtr/.config/discord/0.0.103/modules/pending/discord_voice-1.zip: 15%
7/31/2025, 8:32:00 PM GMT+3 [Modules] Streaming discord_voice@1 to /home/dmtr/.config/discord/0.0.103/modules/pending/discord_voice-1.zip: 16%
7/31/2025, 8:32:00 PM GMT+3 [Modules] Streaming discord_voice@1 to /home/dmtr/.config/discord/0.0.103/modules/pending/discord_voice-1.zip: 20%
7/31/2025, 8:32:00 PM GMT+3 [Modules] Streaming discord_voice@1 to /home/dmtr/.config/discord/0.0.103/modules/pending/discord_voice-1.zip: 23%
7/31/2025, 8:32:00 PM GMT+3 [Modules] Streaming discord_voice@1 to /home/dmtr/.config/discord/0.0.103/modules/pending/discord_voice-1.zip: 24%
7/31/2025, 8:32:00 PM GMT+3 [Modules] Streaming discord_voice@1 to /home/dmtr/.config/discord/0.0.103/modules/pending/discord_voice-1.zip: 25%
7/31/2025, 8:32:00 PM GMT+3 [Modules] Streaming discord_voice@1 to /home/dmtr/.config/discord/0.0.103/modules/pending/discord_voice-1.zip: 26%
7/31/2025, 8:32:00 PM GMT+3 [Modules] Streaming discord_voice@1 to /home/dmtr/.config/discord/0.0.103/modules/pending/discord_voice-1.zip: 27%
7/31/2025, 8:32:00 PM GMT+3 [Modules] Streaming discord_voice@1 to /home/dmtr/.config/discord/0.0.103/modules/pending/discord_voice-1.zip: 28%
7/31/2025, 8:32:00 PM GMT+3 [Modules] Streaming discord_voice@1 to /home/dmtr/.config/discord/0.0.103/modules/pending/discord_voice-1.zip: 29%
7/31/2025, 8:32:00 PM GMT+3 [Modules] Streaming discord_voice@1 to /home/dmtr/.config/discord/0.0.103/modules/pending/discord_voice-1.zip: 30%
7/31/2025, 8:32:00 PM GMT+3 [Modules] Streaming discord_voice@1 to /home/dmtr/.config/discord/0.0.103/modules/pending/discord_voice-1.zip: 31%
7/31/2025, 8:32:00 PM GMT+3 [Modules] Streaming discord_voice@1 to /home/dmtr/.config/discord/0.0.103/modules/pending/discord_voice-1.zip: 33%
7/31/2025, 8:32:00 PM GMT+3 [Modules] Streaming discord_voice@1 to /home/dmtr/.config/discord/0.0.103/modules/pending/discord_voice-1.zip: 34%
7/31/2025, 8:32:00 PM GMT+3 [Modules] Streaming discord_voice@1 to /home/dmtr/.config/discord/0.0.103/modules/pending/discord_voice-1.zip: 35%
7/31/2025, 8:32:00 PM GMT+3 [Modules] Streaming discord_voice@1 to /home/dmtr/.config/discord/0.0.103/modules/pending/discord_voice-1.zip: 36%
7/31/2025, 8:32:00 PM GMT+3 [Modules] Streaming discord_voice@1 to /home/dmtr/.config/discord/0.0.103/modules/pending/discord_voice-1.zip: 37%
7/31/2025, 8:32:00 PM GMT+3 [Modules] Streaming discord_voice@1 to /home/dmtr/.config/discord/0.0.103/modules/pending/discord_voice-1.zip: 38%
7/31/2025, 8:32:00 PM GMT+3 [Modules] Streaming discord_voice@1 to /home/dmtr/.config/discord/0.0.103/modules/pending/discord_voice-1.zip: 39%
7/31/2025, 8:32:00 PM GMT+3 [Modules] Streaming discord_voice@1 to /home/dmtr/.config/discord/0.0.103/modules/pending/discord_voice-1.zip: 40%
7/31/2025, 8:32:00 PM GMT+3 [Modules] Streaming discord_voice@1 to /home/dmtr/.config/discord/0.0.103/modules/pending/discord_voice-1.zip: 41%
7/31/2025, 8:32:00 PM GMT+3 [Modules] Streaming discord_voice@1 to /home/dmtr/.config/discord/0.0.103/modules/pending/discord_voice-1.zip: 45%
7/31/2025, 8:32:00 PM GMT+3 [Modules] Streaming discord_voice@1 to /home/dmtr/.config/discord/0.0.103/modules/pending/discord_voice-1.zip: 48%
7/31/2025, 8:32:00 PM GMT+3 [Modules] Streaming discord_voice@1 to /home/dmtr/.config/discord/0.0.103/modules/pending/discord_voice-1.zip: 49%
7/31/2025, 8:32:00 PM GMT+3 [Modules] Streaming discord_voice@1 to /home/dmtr/.config/discord/0.0.103/modules/pending/discord_voice-1.zip: 50%
7/31/2025, 8:32:00 PM GMT+3 [Modules] Streaming discord_voice@1 to /home/dmtr/.config/discord/0.0.103/modules/pending/discord_voice-1.zip: 51%
7/31/2025, 8:32:00 PM GMT+3 [Modules] Streaming discord_voice@1 to /home/dmtr/.config/discord/0.0.103/modules/pending/discord_voice-1.zip: 52%
7/31/2025, 8:32:00 PM GMT+3 [Modules] Streaming discord_voice@1 to /home/dmtr/.config/discord/0.0.103/modules/pending/discord_voice-1.zip: 53%
7/31/2025, 8:32:00 PM GMT+3 [Modules] Streaming discord_voice@1 to /home/dmtr/.config/discord/0.0.103/modules/pending/discord_voice-1.zip: 55%
7/31/2025, 8:32:00 PM GMT+3 [Modules] Streaming discord_voice@1 to /home/dmtr/.config/discord/0.0.103/modules/pending/discord_voice-1.zip: 56%
7/31/2025, 8:32:00 PM GMT+3 [Modules] Streaming discord_voice@1 to /home/dmtr/.config/discord/0.0.103/modules/pending/discord_voice-1.zip: 58%
7/31/2025, 8:32:00 PM GMT+3 [Modules] Streaming discord_voice@1 to /home/dmtr/.config/discord/0.0.103/modules/pending/discord_voice-1.zip: 61%
7/31/2025, 8:32:00 PM GMT+3 [Modules] Streaming discord_voice@1 to /home/dmtr/.config/discord/0.0.103/modules/pending/discord_voice-1.zip: 64%
7/31/2025, 8:32:00 PM GMT+3 [Modules] Streaming discord_voice@1 to /home/dmtr/.config/discord/0.0.103/modules/pending/discord_voice-1.zip: 65%
7/31/2025, 8:32:00 PM GMT+3 [Modules] Streaming discord_voice@1 to /home/dmtr/.config/discord/0.0.103/modules/pending/discord_voice-1.zip: 66%
7/31/2025, 8:32:00 PM GMT+3 [Modules] Streaming discord_voice@1 to /home/dmtr/.config/discord/0.0.103/modules/pending/discord_voice-1.zip: 67%
7/31/2025, 8:32:00 PM GMT+3 [Modules] Streaming discord_voice@1 to /home/dmtr/.config/discord/0.0.103/modules/pending/discord_voice-1.zip: 69%
7/31/2025, 8:32:00 PM GMT+3 [Modules] Streaming discord_voice@1 to /home/dmtr/.config/discord/0.0.103/modules/pending/discord_voice-1.zip: 70%
7/31/2025, 8:32:00 PM GMT+3 [Modules] Streaming discord_voice@1 to /home/dmtr/.config/discord/0.0.103/modules/pending/discord_voice-1.zip: 71%
7/31/2025, 8:32:00 PM GMT+3 [Modules] Streaming discord_voice@1 to /home/dmtr/.config/discord/0.0.103/modules/pending/discord_voice-1.zip: 73%
7/31/2025, 8:32:00 PM GMT+3 [Modules] Streaming discord_voice@1 to /home/dmtr/.config/discord/0.0.103/modules/pending/discord_voice-1.zip: 74%
7/31/2025, 8:32:00 PM GMT+3 [Modules] Streaming discord_voice@1 to /home/dmtr/.config/discord/0.0.103/modules/pending/discord_voice-1.zip: 76%
7/31/2025, 8:32:00 PM GMT+3 [Modules] Streaming discord_voice@1 to /home/dmtr/.config/discord/0.0.103/modules/pending/discord_voice-1.zip: 78%
7/31/2025, 8:32:00 PM GMT+3 [Modules] Streaming discord_voice@1 to /home/dmtr/.config/discord/0.0.103/modules/pending/discord_voice-1.zip: 79%
7/31/2025, 8:32:00 PM GMT+3 [Modules] Streaming discord_voice@1 to /home/dmtr/.config/discord/0.0.103/modules/pending/discord_voice-1.zip: 80%
7/31/2025, 8:32:00 PM GMT+3 [Modules] Streaming discord_voice@1 to /home/dmtr/.config/discord/0.0.103/modules/pending/discord_voice-1.zip: 81%
7/31/2025, 8:32:00 PM GMT+3 [Modules] Streaming discord_voice@1 to /home/dmtr/.config/discord/0.0.103/modules/pending/discord_voice-1.zip: 82%
7/31/2025, 8:32:00 PM GMT+3 [Modules] Streaming discord_voice@1 to /home/dmtr/.config/discord/0.0.103/modules/pending/discord_voice-1.zip: 84%
7/31/2025, 8:32:00 PM GMT+3 [Modules] Streaming discord_voice@1 to /home/dmtr/.config/discord/0.0.103/modules/pending/discord_voice-1.zip: 85%
7/31/2025, 8:32:00 PM GMT+3 [Modules] Streaming discord_voice@1 to /home/dmtr/.config/discord/0.0.103/modules/pending/discord_voice-1.zip: 86%
7/31/2025, 8:32:00 PM GMT+3 [Modules] Streaming discord_voice@1 to /home/dmtr/.config/discord/0.0.103/modules/pending/discord_voice-1.zip: 87%
7/31/2025, 8:32:01 PM GMT+3 [Modules] Streaming discord_voice@1 to /home/dmtr/.config/discord/0.0.103/modules/pending/discord_voice-1.zip: 88%
7/31/2025, 8:32:01 PM GMT+3 [Modules] Streaming discord_voice@1 to /home/dmtr/.config/discord/0.0.103/modules/pending/discord_voice-1.zip: 89%
7/31/2025, 8:32:01 PM GMT+3 [Modules] Streaming discord_voice@1 to /home/dmtr/.config/discord/0.0.103/modules/pending/discord_voice-1.zip: 90%
7/31/2025, 8:32:01 PM GMT+3 [Modules] Streaming discord_voice@1 to /home/dmtr/.config/discord/0.0.103/modules/pending/discord_voice-1.zip: 91%
7/31/2025, 8:32:01 PM GMT+3 [Modules] Streaming discord_voice@1 to /home/dmtr/.config/discord/0.0.103/modules/pending/discord_voice-1.zip: 93%
7/31/2025, 8:32:01 PM GMT+3 [Modules] Streaming discord_voice@1 to /home/dmtr/.config/discord/0.0.103/modules/pending/discord_voice-1.zip: 95%
7/31/2025, 8:32:01 PM GMT+3 [Modules] Streaming discord_voice@1 to /home/dmtr/.config/discord/0.0.103/modules/pending/discord_voice-1.zip: 98%
7/31/2025, 8:32:01 PM GMT+3 [Modules] Streaming discord_voice@1 to /home/dmtr/.config/discord/0.0.103/modules/pending/discord_voice-1.zip: 99%
7/31/2025, 8:32:01 PM GMT+3 [Modules] Streaming discord_voice@1 to /home/dmtr/.config/discord/0.0.103/modules/pending/discord_voice-1.zip: 100%
7/31/2025, 8:32:01 PM GMT+3 [Modules] Fetching discord_zstd@1 from https://discord.com/api/modules/stable/discord_zstd/1
7/31/2025, 8:32:01 PM GMT+3 [Modules] Streaming discord_zstd@1 to /home/dmtr/.config/discord/0.0.103/modules/pending/discord_zstd-1.zip
7/31/2025, 8:32:01 PM GMT+3 [Modules] Streaming discord_zstd@1 to /home/dmtr/.config/discord/0.0.103/modules/pending/discord_zstd-1.zip: 10%
7/31/2025, 8:32:01 PM GMT+3 [Modules] Streaming discord_zstd@1 to /home/dmtr/.config/discord/0.0.103/modules/pending/discord_zstd-1.zip: 20%
7/31/2025, 8:32:01 PM GMT+3 [Modules] Streaming discord_zstd@1 to /home/dmtr/.config/discord/0.0.103/modules/pending/discord_zstd-1.zip: 37%
7/31/2025, 8:32:01 PM GMT+3 [Modules] Streaming discord_zstd@1 to /home/dmtr/.config/discord/0.0.103/modules/pending/discord_zstd-1.zip: 54%
7/31/2025, 8:32:01 PM GMT+3 [Modules] Streaming discord_zstd@1 to /home/dmtr/.config/discord/0.0.103/modules/pending/discord_zstd-1.zip: 100%
7/31/2025, 8:32:01 PM GMT+3 [Modules] Finished module downloads. [success: 6] [failure: 0]
7/31/2025, 8:32:01 PM GMT+3 [Modules] Installing updates...
7/31/2025, 8:32:01 PM GMT+3 [Modules] Installing discord_desktop_core@1 from /home/dmtr/.config/discord/0.0.103/modules/pending/discord_desktop_core-1.zip
7/31/2025, 8:32:01 PM GMT+3 [Modules] Installing discord_erlpack@1 from /home/dmtr/.config/discord/0.0.103/modules/pending/discord_erlpack-1.zip
7/31/2025, 8:32:01 PM GMT+3 [Modules] Installing discord_spellcheck@1 from /home/dmtr/.config/discord/0.0.103/modules/pending/discord_spellcheck-1.zip
7/31/2025, 8:32:02 PM GMT+3 [Modules] Installing discord_utils@1 from /home/dmtr/.config/discord/0.0.103/modules/pending/discord_utils-1.zip
7/31/2025, 8:32:02 PM GMT+3 [Modules] Installing discord_voice@1 from /home/dmtr/.config/discord/0.0.103/modules/pending/discord_voice-1.zip
7/31/2025, 8:32:03 PM GMT+3 [Modules] Installing discord_zstd@1 from /home/dmtr/.config/discord/0.0.103/modules/pending/discord_zstd-1.zip
7/31/2025, 8:32:03 PM GMT+3 [Modules] Finished module installations. [success: 6] [failure: 0]
7/31/2025, 8:32:03 PM GMT+3 [Modules] Checking for host updates.
7/31/2025, 8:32:03 PM GMT+3 [Modules] Host is up to date.
7/31/2025, 8:32:03 PM GMT+3 [Modules] Checking for module updates at https://discord.com/api/modules/stable/versions.json
7/31/2025, 8:32:03 PM GMT+3 [Modules] No module updates available.
7/31/2025, 8:32:05 PM GMT+3 [Modules] Starting to install discord_krisp...
7/31/2025, 8:32:05 PM GMT+3 [Modules] Fetching discord_krisp@1 from https://discord.com/api/modules/stable/discord_krisp/1
7/31/2025, 8:32:05 PM GMT+3 [Modules] Streaming discord_krisp@1 to /home/dmtr/.config/discord/0.0.103/modules/pending/discord_krisp-1.zip
7/31/2025, 8:32:05 PM GMT+3 [Modules] Starting to install discord_game_utils...
7/31/2025, 8:32:06 PM GMT+3 [Modules] Streaming discord_krisp@1 to /home/dmtr/.config/discord/0.0.103/modules/pending/discord_krisp-1.zip: 2%
7/31/2025, 8:32:06 PM GMT+3 [Modules] Streaming discord_krisp@1 to /home/dmtr/.config/discord/0.0.103/modules/pending/discord_krisp-1.zip: 4%
7/31/2025, 8:32:06 PM GMT+3 [Modules] Streaming discord_krisp@1 to /home/dmtr/.config/discord/0.0.103/modules/pending/discord_krisp-1.zip: 9%
7/31/2025, 8:32:06 PM GMT+3 [Modules] Streaming discord_krisp@1 to /home/dmtr/.config/discord/0.0.103/modules/pending/discord_krisp-1.zip: 11%
7/31/2025, 8:32:06 PM GMT+3 [Modules] Streaming discord_krisp@1 to /home/dmtr/.config/discord/0.0.103/modules/pending/discord_krisp-1.zip: 12%
7/31/2025, 8:32:06 PM GMT+3 [Modules] Streaming discord_krisp@1 to /home/dmtr/.config/discord/0.0.103/modules/pending/discord_krisp-1.zip: 13%
7/31/2025, 8:32:06 PM GMT+3 [Modules] Streaming discord_krisp@1 to /home/dmtr/.config/discord/0.0.103/modules/pending/discord_krisp-1.zip: 14%
7/31/2025, 8:32:06 PM GMT+3 [Modules] Streaming discord_krisp@1 to /home/dmtr/.config/discord/0.0.103/modules/pending/discord_krisp-1.zip: 15%
7/31/2025, 8:32:06 PM GMT+3 [Modules] Streaming discord_krisp@1 to /home/dmtr/.config/discord/0.0.103/modules/pending/discord_krisp-1.zip: 16%
7/31/2025, 8:32:06 PM GMT+3 [Modules] Streaming discord_krisp@1 to /home/dmtr/.config/discord/0.0.103/modules/pending/discord_krisp-1.zip: 17%
7/31/2025, 8:32:06 PM GMT+3 [Modules] Streaming discord_krisp@1 to /home/dmtr/.config/discord/0.0.103/modules/pending/discord_krisp-1.zip: 18%
7/31/2025, 8:32:06 PM GMT+3 [Modules] Streaming discord_krisp@1 to /home/dmtr/.config/discord/0.0.103/modules/pending/discord_krisp-1.zip: 19%
7/31/2025, 8:32:06 PM GMT+3 [Modules] Streaming discord_krisp@1 to /home/dmtr/.config/discord/0.0.103/modules/pending/discord_krisp-1.zip: 20%
7/31/2025, 8:32:06 PM GMT+3 [Modules] Streaming discord_krisp@1 to /home/dmtr/.config/discord/0.0.103/modules/pending/discord_krisp-1.zip: 21%
7/31/2025, 8:32:06 PM GMT+3 [Modules] Streaming discord_krisp@1 to /home/dmtr/.config/discord/0.0.103/modules/pending/discord_krisp-1.zip: 22%
7/31/2025, 8:32:06 PM GMT+3 [Modules] Streaming discord_krisp@1 to /home/dmtr/.config/discord/0.0.103/modules/pending/discord_krisp-1.zip: 23%
7/31/2025, 8:32:06 PM GMT+3 [Modules] Streaming discord_krisp@1 to /home/dmtr/.config/discord/0.0.103/modules/pending/discord_krisp-1.zip: 24%
7/31/2025, 8:32:06 PM GMT+3 [Modules] Streaming discord_krisp@1 to /home/dmtr/.config/discord/0.0.103/modules/pending/discord_krisp-1.zip: 25%
7/31/2025, 8:32:06 PM GMT+3 [Modules] Streaming discord_krisp@1 to /home/dmtr/.config/discord/0.0.103/modules/pending/discord_krisp-1.zip: 26%
7/31/2025, 8:32:06 PM GMT+3 [Modules] Streaming discord_krisp@1 to /home/dmtr/.config/discord/0.0.103/modules/pending/discord_krisp-1.zip: 27%
7/31/2025, 8:32:06 PM GMT+3 [Modules] Streaming discord_krisp@1 to /home/dmtr/.config/discord/0.0.103/modules/pending/discord_krisp-1.zip: 28%
7/31/2025, 8:32:06 PM GMT+3 [Modules] Streaming discord_krisp@1 to /home/dmtr/.config/discord/0.0.103/modules/pending/discord_krisp-1.zip: 30%
7/31/2025, 8:32:06 PM GMT+3 [Modules] Streaming discord_krisp@1 to /home/dmtr/.config/discord/0.0.103/modules/pending/discord_krisp-1.zip: 31%
7/31/2025, 8:32:06 PM GMT+3 [Modules] Streaming discord_krisp@1 to /home/dmtr/.config/discord/0.0.103/modules/pending/discord_krisp-1.zip: 32%
7/31/2025, 8:32:06 PM GMT+3 [Modules] Streaming discord_krisp@1 to /home/dmtr/.config/discord/0.0.103/modules/pending/discord_krisp-1.zip: 33%
7/31/2025, 8:32:06 PM GMT+3 [Modules] Streaming discord_krisp@1 to /home/dmtr/.config/discord/0.0.103/modules/pending/discord_krisp-1.zip: 34%
7/31/2025, 8:32:06 PM GMT+3 [Modules] Streaming discord_krisp@1 to /home/dmtr/.config/discord/0.0.103/modules/pending/discord_krisp-1.zip: 35%
7/31/2025, 8:32:06 PM GMT+3 [Modules] Streaming discord_krisp@1 to /home/dmtr/.config/discord/0.0.103/modules/pending/discord_krisp-1.zip: 36%
7/31/2025, 8:32:06 PM GMT+3 [Modules] Streaming discord_krisp@1 to /home/dmtr/.config/discord/0.0.103/modules/pending/discord_krisp-1.zip: 37%
7/31/2025, 8:32:06 PM GMT+3 [Modules] Streaming discord_krisp@1 to /home/dmtr/.config/discord/0.0.103/modules/pending/discord_krisp-1.zip: 38%
7/31/2025, 8:32:06 PM GMT+3 [Modules] Streaming discord_krisp@1 to /home/dmtr/.config/discord/0.0.103/modules/pending/discord_krisp-1.zip: 39%
7/31/2025, 8:32:06 PM GMT+3 [Modules] Streaming discord_krisp@1 to /home/dmtr/.config/discord/0.0.103/modules/pending/discord_krisp-1.zip: 40%
7/31/2025, 8:32:06 PM GMT+3 [Modules] Streaming discord_krisp@1 to /home/dmtr/.config/discord/0.0.103/modules/pending/discord_krisp-1.zip: 41%
7/31/2025, 8:32:06 PM GMT+3 [Modules] Streaming discord_krisp@1 to /home/dmtr/.config/discord/0.0.103/modules/pending/discord_krisp-1.zip: 42%
7/31/2025, 8:32:06 PM GMT+3 [Modules] Streaming discord_krisp@1 to /home/dmtr/.config/discord/0.0.103/modules/pending/discord_krisp-1.zip: 43%
7/31/2025, 8:32:07 PM GMT+3 [Modules] Streaming discord_krisp@1 to /home/dmtr/.config/discord/0.0.103/modules/pending/discord_krisp-1.zip: 44%
7/31/2025, 8:32:07 PM GMT+3 [Modules] Streaming discord_krisp@1 to /home/dmtr/.config/discord/0.0.103/modules/pending/discord_krisp-1.zip: 45%
7/31/2025, 8:32:07 PM GMT+3 [Modules] Streaming discord_krisp@1 to /home/dmtr/.config/discord/0.0.103/modules/pending/discord_krisp-1.zip: 46%
7/31/2025, 8:32:07 PM GMT+3 [Modules] Streaming discord_krisp@1 to /home/dmtr/.config/discord/0.0.103/modules/pending/discord_krisp-1.zip: 47%
7/31/2025, 8:32:07 PM GMT+3 [Modules] Streaming discord_krisp@1 to /home/dmtr/.config/discord/0.0.103/modules/pending/discord_krisp-1.zip: 48%
7/31/2025, 8:32:07 PM GMT+3 [Modules] Streaming discord_krisp@1 to /home/dmtr/.config/discord/0.0.103/modules/pending/discord_krisp-1.zip: 49%
7/31/2025, 8:32:07 PM GMT+3 [Modules] Streaming discord_krisp@1 to /home/dmtr/.config/discord/0.0.103/modules/pending/discord_krisp-1.zip: 50%
7/31/2025, 8:32:07 PM GMT+3 [Modules] Starting to install discord_rpc...
7/31/2025, 8:32:07 PM GMT+3 [Modules] Streaming discord_krisp@1 to /home/dmtr/.config/discord/0.0.103/modules/pending/discord_krisp-1.zip: 52%
7/31/2025, 8:32:07 PM GMT+3 [Modules] Streaming discord_krisp@1 to /home/dmtr/.config/discord/0.0.103/modules/pending/discord_krisp-1.zip: 54%
7/31/2025, 8:32:07 PM GMT+3 [Modules] Streaming discord_krisp@1 to /home/dmtr/.config/discord/0.0.103/modules/pending/discord_krisp-1.zip: 55%
7/31/2025, 8:32:07 PM GMT+3 [Modules] Streaming discord_krisp@1 to /home/dmtr/.config/discord/0.0.103/modules/pending/discord_krisp-1.zip: 56%
7/31/2025, 8:32:07 PM GMT+3 [Modules] Streaming discord_krisp@1 to /home/dmtr/.config/discord/0.0.103/modules/pending/discord_krisp-1.zip: 57%
7/31/2025, 8:32:07 PM GMT+3 [Modules] Streaming discord_krisp@1 to /home/dmtr/.config/discord/0.0.103/modules/pending/discord_krisp-1.zip: 58%
7/31/2025, 8:32:07 PM GMT+3 [Modules] Streaming discord_krisp@1 to /home/dmtr/.config/discord/0.0.103/modules/pending/discord_krisp-1.zip: 59%
7/31/2025, 8:32:07 PM GMT+3 [Modules] Streaming discord_krisp@1 to /home/dmtr/.config/discord/0.0.103/modules/pending/discord_krisp-1.zip: 60%
7/31/2025, 8:32:07 PM GMT+3 [Modules] Streaming discord_krisp@1 to /home/dmtr/.config/discord/0.0.103/modules/pending/discord_krisp-1.zip: 61%
7/31/2025, 8:32:07 PM GMT+3 [Modules] Streaming discord_krisp@1 to /home/dmtr/.config/discord/0.0.103/modules/pending/discord_krisp-1.zip: 62%
7/31/2025, 8:32:07 PM GMT+3 [Modules] Streaming discord_krisp@1 to /home/dmtr/.config/discord/0.0.103/modules/pending/discord_krisp-1.zip: 63%
7/31/2025, 8:32:07 PM GMT+3 [Modules] Streaming discord_krisp@1 to /home/dmtr/.config/discord/0.0.103/modules/pending/discord_krisp-1.zip: 64%
7/31/2025, 8:32:07 PM GMT+3 [Modules] Streaming discord_krisp@1 to /home/dmtr/.config/discord/0.0.103/modules/pending/discord_krisp-1.zip: 65%
7/31/2025, 8:32:07 PM GMT+3 [Modules] Streaming discord_krisp@1 to /home/dmtr/.config/discord/0.0.103/modules/pending/discord_krisp-1.zip: 66%
7/31/2025, 8:32:07 PM GMT+3 [Modules] Streaming discord_krisp@1 to /home/dmtr/.config/discord/0.0.103/modules/pending/discord_krisp-1.zip: 67%
7/31/2025, 8:32:07 PM GMT+3 [Modules] Streaming discord_krisp@1 to /home/dmtr/.config/discord/0.0.103/modules/pending/discord_krisp-1.zip: 68%
7/31/2025, 8:32:07 PM GMT+3 [Modules] Streaming discord_krisp@1 to /home/dmtr/.config/discord/0.0.103/modules/pending/discord_krisp-1.zip: 69%
7/31/2025, 8:32:07 PM GMT+3 [Modules] Streaming discord_krisp@1 to /home/dmtr/.config/discord/0.0.103/modules/pending/discord_krisp-1.zip: 70%
7/31/2025, 8:32:07 PM GMT+3 [Modules] Streaming discord_krisp@1 to /home/dmtr/.config/discord/0.0.103/modules/pending/discord_krisp-1.zip: 71%
7/31/2025, 8:32:07 PM GMT+3 [Modules] Streaming discord_krisp@1 to /home/dmtr/.config/discord/0.0.103/modules/pending/discord_krisp-1.zip: 72%
7/31/2025, 8:32:07 PM GMT+3 [Modules] Streaming discord_krisp@1 to /home/dmtr/.config/discord/0.0.103/modules/pending/discord_krisp-1.zip: 73%
7/31/2025, 8:32:07 PM GMT+3 [Modules] Streaming discord_krisp@1 to /home/dmtr/.config/discord/0.0.103/modules/pending/discord_krisp-1.zip: 74%
7/31/2025, 8:32:07 PM GMT+3 [Modules] Streaming discord_krisp@1 to /home/dmtr/.config/discord/0.0.103/modules/pending/discord_krisp-1.zip: 75%
7/31/2025, 8:32:07 PM GMT+3 [Modules] Streaming discord_krisp@1 to /home/dmtr/.config/discord/0.0.103/modules/pending/discord_krisp-1.zip: 76%
7/31/2025, 8:32:07 PM GMT+3 [Modules] Streaming discord_krisp@1 to /home/dmtr/.config/discord/0.0.103/modules/pending/discord_krisp-1.zip: 77%
7/31/2025, 8:32:07 PM GMT+3 [Modules] Streaming discord_krisp@1 to /home/dmtr/.config/discord/0.0.103/modules/pending/discord_krisp-1.zip: 78%
7/31/2025, 8:32:07 PM GMT+3 [Modules] Streaming discord_krisp@1 to /home/dmtr/.config/discord/0.0.103/modules/pending/discord_krisp-1.zip: 79%
7/31/2025, 8:32:07 PM GMT+3 [Modules] Streaming discord_krisp@1 to /home/dmtr/.config/discord/0.0.103/modules/pending/discord_krisp-1.zip: 80%
7/31/2025, 8:32:07 PM GMT+3 [Modules] Streaming discord_krisp@1 to /home/dmtr/.config/discord/0.0.103/modules/pending/discord_krisp-1.zip: 81%
7/31/2025, 8:32:07 PM GMT+3 [Modules] Streaming discord_krisp@1 to /home/dmtr/.config/discord/0.0.103/modules/pending/discord_krisp-1.zip: 82%
7/31/2025, 8:32:07 PM GMT+3 [Modules] Streaming discord_krisp@1 to /home/dmtr/.config/discord/0.0.103/modules/pending/discord_krisp-1.zip: 83%
7/31/2025, 8:32:07 PM GMT+3 [Modules] Streaming discord_krisp@1 to /home/dmtr/.config/discord/0.0.103/modules/pending/discord_krisp-1.zip: 84%
7/31/2025, 8:32:07 PM GMT+3 [Modules] Streaming discord_krisp@1 to /home/dmtr/.config/discord/0.0.103/modules/pending/discord_krisp-1.zip: 85%
7/31/2025, 8:32:07 PM GMT+3 [Modules] Streaming discord_krisp@1 to /home/dmtr/.config/discord/0.0.103/modules/pending/discord_krisp-1.zip: 86%
7/31/2025, 8:32:07 PM GMT+3 [Modules] Streaming discord_krisp@1 to /home/dmtr/.config/discord/0.0.103/modules/pending/discord_krisp-1.zip: 87%
7/31/2025, 8:32:07 PM GMT+3 [Modules] Streaming discord_krisp@1 to /home/dmtr/.config/discord/0.0.103/modules/pending/discord_krisp-1.zip: 88%
7/31/2025, 8:32:07 PM GMT+3 [Modules] Streaming discord_krisp@1 to /home/dmtr/.config/discord/0.0.103/modules/pending/discord_krisp-1.zip: 89%
7/31/2025, 8:32:07 PM GMT+3 [Modules] Streaming discord_krisp@1 to /home/dmtr/.config/discord/0.0.103/modules/pending/discord_krisp-1.zip: 90%
7/31/2025, 8:32:07 PM GMT+3 [Modules] Streaming discord_krisp@1 to /home/dmtr/.config/discord/0.0.103/modules/pending/discord_krisp-1.zip: 91%
7/31/2025, 8:32:07 PM GMT+3 [Modules] Streaming discord_krisp@1 to /home/dmtr/.config/discord/0.0.103/modules/pending/discord_krisp-1.zip: 92%
7/31/2025, 8:32:07 PM GMT+3 [Modules] Streaming discord_krisp@1 to /home/dmtr/.config/discord/0.0.103/modules/pending/discord_krisp-1.zip: 93%
7/31/2025, 8:32:07 PM GMT+3 [Modules] Streaming discord_krisp@1 to /home/dmtr/.config/discord/0.0.103/modules/pending/discord_krisp-1.zip: 94%
7/31/2025, 8:32:07 PM GMT+3 [Modules] Streaming discord_krisp@1 to /home/dmtr/.config/discord/0.0.103/modules/pending/discord_krisp-1.zip: 95%
7/31/2025, 8:32:07 PM GMT+3 [Modules] Streaming discord_krisp@1 to /home/dmtr/.config/discord/0.0.103/modules/pending/discord_krisp-1.zip: 96%
7/31/2025, 8:32:07 PM GMT+3 [Modules] Streaming discord_krisp@1 to /home/dmtr/.config/discord/0.0.103/modules/pending/discord_krisp-1.zip: 97%
7/31/2025, 8:32:07 PM GMT+3 [Modules] Streaming discord_krisp@1 to /home/dmtr/.config/discord/0.0.103/modules/pending/discord_krisp-1.zip: 98%
7/31/2025, 8:32:07 PM GMT+3 [Modules] Streaming discord_krisp@1 to /home/dmtr/.config/discord/0.0.103/modules/pending/discord_krisp-1.zip: 99%
7/31/2025, 8:32:07 PM GMT+3 [Modules] Streaming discord_krisp@1 to /home/dmtr/.config/discord/0.0.103/modules/pending/discord_krisp-1.zip: 100%
7/31/2025, 8:32:07 PM GMT+3 [Modules] Fetching discord_game_utils@1 from https://discord.com/api/modules/stable/discord_game_utils/1
7/31/2025, 8:32:07 PM GMT+3 [Modules] Streaming discord_game_utils@1 to /home/dmtr/.config/discord/0.0.103/modules/pending/discord_game_utils-1.zip
7/31/2025, 8:32:07 PM GMT+3 [Modules] Installing discord_krisp@1 from /home/dmtr/.config/discord/0.0.103/modules/pending/discord_krisp-1.zip
7/31/2025, 8:32:07 PM GMT+3 [Modules] Streaming discord_game_utils@1 to /home/dmtr/.config/discord/0.0.103/modules/pending/discord_game_utils-1.zip: 2%
7/31/2025, 8:32:07 PM GMT+3 [Modules] Streaming discord_game_utils@1 to /home/dmtr/.config/discord/0.0.103/modules/pending/discord_game_utils-1.zip: 4%
7/31/2025, 8:32:08 PM GMT+3 [Modules] Streaming discord_game_utils@1 to /home/dmtr/.config/discord/0.0.103/modules/pending/discord_game_utils-1.zip: 6%
7/31/2025, 8:32:08 PM GMT+3 [Modules] Streaming discord_game_utils@1 to /home/dmtr/.config/discord/0.0.103/modules/pending/discord_game_utils-1.zip: 10%
7/31/2025, 8:32:08 PM GMT+3 [Modules] Streaming discord_game_utils@1 to /home/dmtr/.config/discord/0.0.103/modules/pending/discord_game_utils-1.zip: 14%
7/31/2025, 8:32:08 PM GMT+3 [Modules] Streaming discord_game_utils@1 to /home/dmtr/.config/discord/0.0.103/modules/pending/discord_game_utils-1.zip: 20%
7/31/2025, 8:32:08 PM GMT+3 [Modules] Streaming discord_game_utils@1 to /home/dmtr/.config/discord/0.0.103/modules/pending/discord_game_utils-1.zip: 22%
7/31/2025, 8:32:08 PM GMT+3 [Modules] Streaming discord_game_utils@1 to /home/dmtr/.config/discord/0.0.103/modules/pending/discord_game_utils-1.zip: 27%
7/31/2025, 8:32:08 PM GMT+3 [Modules] Streaming discord_game_utils@1 to /home/dmtr/.config/discord/0.0.103/modules/pending/discord_game_utils-1.zip: 29%
7/31/2025, 8:32:08 PM GMT+3 [Modules] Streaming discord_game_utils@1 to /home/dmtr/.config/discord/0.0.103/modules/pending/discord_game_utils-1.zip: 43%
7/31/2025, 8:32:08 PM GMT+3 [Modules] Streaming discord_game_utils@1 to /home/dmtr/.config/discord/0.0.103/modules/pending/discord_game_utils-1.zip: 53%
7/31/2025, 8:32:08 PM GMT+3 [Modules] Streaming discord_game_utils@1 to /home/dmtr/.config/discord/0.0.103/modules/pending/discord_game_utils-1.zip: 54%
7/31/2025, 8:32:08 PM GMT+3 [Modules] Streaming discord_game_utils@1 to /home/dmtr/.config/discord/0.0.103/modules/pending/discord_game_utils-1.zip: 59%
7/31/2025, 8:32:08 PM GMT+3 [Modules] Streaming discord_game_utils@1 to /home/dmtr/.config/discord/0.0.103/modules/pending/discord_game_utils-1.zip: 61%
7/31/2025, 8:32:08 PM GMT+3 [Modules] Streaming discord_game_utils@1 to /home/dmtr/.config/discord/0.0.103/modules/pending/discord_game_utils-1.zip: 69%
7/31/2025, 8:32:08 PM GMT+3 [Modules] Streaming discord_game_utils@1 to /home/dmtr/.config/discord/0.0.103/modules/pending/discord_game_utils-1.zip: 70%
7/31/2025, 8:32:08 PM GMT+3 [Modules] Streaming discord_game_utils@1 to /home/dmtr/.config/discord/0.0.103/modules/pending/discord_game_utils-1.zip: 72%
7/31/2025, 8:32:08 PM GMT+3 [Modules] Streaming discord_game_utils@1 to /home/dmtr/.config/discord/0.0.103/modules/pending/discord_game_utils-1.zip: 73%
7/31/2025, 8:32:08 PM GMT+3 [Modules] Streaming discord_game_utils@1 to /home/dmtr/.config/discord/0.0.103/modules/pending/discord_game_utils-1.zip: 90%
7/31/2025, 8:32:08 PM GMT+3 [Modules] Streaming discord_game_utils@1 to /home/dmtr/.config/discord/0.0.103/modules/pending/discord_game_utils-1.zip: 100%
7/31/2025, 8:32:08 PM GMT+3 [Modules] Fetching discord_rpc@1 from https://discord.com/api/modules/stable/discord_rpc/1
7/31/2025, 8:32:08 PM GMT+3 [Modules] Streaming discord_rpc@1 to /home/dmtr/.config/discord/0.0.103/modules/pending/discord_rpc-1.zip
7/31/2025, 8:32:08 PM GMT+3 [Modules] Streaming discord_rpc@1 to /home/dmtr/.config/discord/0.0.103/modules/pending/discord_rpc-1.zip: 32%
7/31/2025, 8:32:08 PM GMT+3 [Modules] Streaming discord_rpc@1 to /home/dmtr/.config/discord/0.0.103/modules/pending/discord_rpc-1.zip: 94%
7/31/2025, 8:32:08 PM GMT+3 [Modules] Streaming discord_rpc@1 to /home/dmtr/.config/discord/0.0.103/modules/pending/discord_rpc-1.zip: 100%
7/31/2025, 8:32:08 PM GMT+3 [Modules] Finished module downloads. [success: 3] [failure: 0]
7/31/2025, 8:32:08 PM GMT+3 [Modules] Installing discord_game_utils@1 from /home/dmtr/.config/discord/0.0.103/modules/pending/discord_game_utils-1.zip
7/31/2025, 8:32:08 PM GMT+3 [Modules] Installing discord_rpc@1 from /home/dmtr/.config/discord/0.0.103/modules/pending/discord_rpc-1.zip
7/31/2025, 8:32:08 PM GMT+3 [Modules] Finished module installations. [success: 3] [failure: 0]
7/31/2025, 8:32:12 PM GMT+3 [Modules] Checking for host updates.
7/31/2025, 8:32:12 PM GMT+3 [Modules] Host is up to date.
7/31/2025, 8:32:12 PM GMT+3 [Modules] Checking for module updates at https://discord.com/api/modules/stable/versions.json
7/31/2025, 8:32:12 PM GMT+3 [Modules] No module updates available.
7/31/2025, 9:32:12 PM GMT+3 [Modules] Checking for host updates.
7/31/2025, 9:32:12 PM GMT+3 [Modules] Host is up to date.
7/31/2025, 9:32:12 PM GMT+3 [Modules] Checking for module updates at https://discord.com/api/modules/stable/versions.json
7/31/2025, 9:32:12 PM GMT+3 [Modules] No module updates available.
8/1/2025, 6:49:03 PM GMT+3 [Modules] Checking for host updates.
8/1/2025, 6:49:03 PM GMT+3 [Modules] Host is up to date.
8/1/2025, 6:49:03 PM GMT+3 [Modules] Checking for module updates at https://discord.com/api/modules/stable/versions.json
8/1/2025, 6:49:03 PM GMT+3 [Modules] No module updates available.
8/1/2025, 6:55:39 PM GMT+3 [Modules] Checking for host updates.
8/1/2025, 6:55:40 PM GMT+3 [Modules] Host is up to date.
8/1/2025, 6:55:40 PM GMT+3 [Modules] Checking for module updates at https://discord.com/api/modules/stable/versions.json
8/1/2025, 6:55:40 PM GMT+3 [Modules] No module updates available.
8/1/2025, 7:49:03 PM GMT+3 [Modules] Checking for host updates.
8/1/2025, 7:49:03 PM GMT+3 [Modules] Host is up to date.
8/1/2025, 7:49:03 PM GMT+3 [Modules] Checking for module updates at https://discord.com/api/modules/stable/versions.json
8/1/2025, 7:49:03 PM GMT+3 [Modules] No module updates available.
8/1/2025, 7:55:39 PM GMT+3 [Modules] Checking for host updates.
8/1/2025, 7:55:40 PM GMT+3 [Modules] Host is up to date.
8/1/2025, 7:55:40 PM GMT+3 [Modules] Checking for module updates at https://discord.com/api/modules/stable/versions.json
8/1/2025, 7:55:40 PM GMT+3 [Modules] No module updates available.
8/1/2025, 8:49:03 PM GMT+3 [Modules] Checking for host updates.
8/1/2025, 8:49:03 PM GMT+3 [Modules] Host is up to date.
8/1/2025, 8:49:03 PM GMT+3 [Modules] Checking for module updates at https://discord.com/api/modules/stable/versions.json
8/1/2025, 8:49:03 PM GMT+3 [Modules] No module updates available.
8/1/2025, 8:55:39 PM GMT+3 [Modules] Checking for host updates.
8/1/2025, 8:55:40 PM GMT+3 [Modules] Host is up to date.
8/1/2025, 8:55:40 PM GMT+3 [Modules] Checking for module updates at https://discord.com/api/modules/stable/versions.json
8/1/2025, 8:55:40 PM GMT+3 [Modules] No module updates available.
8/1/2025, 9:49:04 PM GMT+3 [Modules] Checking for host updates.
8/1/2025, 9:49:04 PM GMT+3 [Modules] Host is up to date.
8/1/2025, 9:49:04 PM GMT+3 [Modules] Checking for module updates at https://discord.com/api/modules/stable/versions.json
8/1/2025, 9:49:04 PM GMT+3 [Modules] No module updates available.
8/1/2025, 9:55:40 PM GMT+3 [Modules] Checking for host updates.
8/1/2025, 9:55:40 PM GMT+3 [Modules] Host is up to date.
8/1/2025, 9:55:40 PM GMT+3 [Modules] Checking for module updates at https://discord.com/api/modules/stable/versions.json
8/1/2025, 9:55:40 PM GMT+3 [Modules] No module updates available.
8/2/2025, 8:11:39 PM GMT+3 [Modules] Checking for host updates.
8/2/2025, 8:11:40 PM GMT+3 [Modules] Host is up to date.
8/2/2025, 8:11:40 PM GMT+3 [Modules] Checking for module updates at https://discord.com/api/modules/stable/versions.json
8/2/2025, 8:11:40 PM GMT+3 [Modules] No module updates available.
8/2/2025, 9:02:43 PM GMT+3 [Modules] Checking for host updates.
8/2/2025, 9:02:44 PM GMT+3 [Modules] Host is up to date.
8/2/2025, 9:02:44 PM GMT+3 [Modules] Checking for module updates at https://discord.com/api/modules/stable/versions.json
8/2/2025, 9:02:44 PM GMT+3 [Modules] No module updates available.
8/2/2025, 9:09:20 PM GMT+3 [Modules] Checking for host updates.
8/2/2025, 9:09:20 PM GMT+3 [Modules] Host is up to date.
8/2/2025, 9:09:20 PM GMT+3 [Modules] Checking for module updates at https://discord.com/api/modules/stable/versions.json
8/2/2025, 9:09:20 PM GMT+3 [Modules] No module updates available.
8/2/2025, 9:11:39 PM GMT+3 [Modules] Checking for host updates.
8/2/2025, 9:11:39 PM GMT+3 [Modules] Host is up to date.
8/2/2025, 9:11:39 PM GMT+3 [Modules] Checking for module updates at https://discord.com/api/modules/stable/versions.json
8/2/2025, 9:11:40 PM GMT+3 [Modules] No module updates available.
8/3/2025, 8:07:32 AM GMT+3 [Modules] Checking for host updates.
8/3/2025, 8:07:32 AM GMT+3 [Modules] Host is up to date.
8/3/2025, 8:07:32 AM GMT+3 [Modules] Checking for module updates at https://discord.com/api/modules/stable/versions.json
8/3/2025, 8:07:32 AM GMT+3 [Modules] No module updates available.
8/3/2025, 8:10:40 AM GMT+3 [Modules] Checking for host updates.
8/3/2025, 8:10:41 AM GMT+3 [Modules] Host is up to date.
8/3/2025, 8:10:41 AM GMT+3 [Modules] Checking for module updates at https://discord.com/api/modules/stable/versions.json
8/3/2025, 8:10:41 AM GMT+3 [Modules] No module updates available.
8/3/2025, 8:17:17 AM GMT+3 [Modules] Checking for host updates.
8/3/2025, 8:17:17 AM GMT+3 [Modules] Host is up to date.
8/3/2025, 8:17:17 AM GMT+3 [Modules] Checking for module updates at https://discord.com/api/modules/stable/versions.json
8/3/2025, 8:17:17 AM GMT+3 [Modules] No module updates available.
8/3/2025, 8:19:36 AM GMT+3 [Modules] Checking for host updates.
8/3/2025, 8:19:37 AM GMT+3 [Modules] Host is up to date.
8/3/2025, 8:19:37 AM GMT+3 [Modules] Checking for module updates at https://discord.com/api/modules/stable/versions.json
8/3/2025, 8:19:37 AM GMT+3 [Modules] No module updates available.
8/3/2025, 9:07:31 AM GMT+3 [Modules] Checking for host updates.
8/3/2025, 9:07:31 AM GMT+3 [Modules] Host is up to date.
8/3/2025, 9:07:31 AM GMT+3 [Modules] Checking for module updates at https://discord.com/api/modules/stable/versions.json
8/3/2025, 9:07:31 AM GMT+3 [Modules] No module updates available.
8/3/2025, 9:10:39 AM GMT+3 [Modules] Checking for host updates.
8/3/2025, 9:10:40 AM GMT+3 [Modules] Host is up to date.
8/3/2025, 9:10:40 AM GMT+3 [Modules] Checking for module updates at https://discord.com/api/modules/stable/versions.json
8/3/2025, 9:10:40 AM GMT+3 [Modules] No module updates available.
8/3/2025, 9:17:16 AM GMT+3 [Modules] Checking for host updates.
8/3/2025, 9:17:16 AM GMT+3 [Modules] Host is up to date.
8/3/2025, 9:17:16 AM GMT+3 [Modules] Checking for module updates at https://discord.com/api/modules/stable/versions.json
8/3/2025, 9:17:16 AM GMT+3 [Modules] No module updates available.
8/3/2025, 9:19:35 AM GMT+3 [Modules] Checking for host updates.
8/3/2025, 9:19:36 AM GMT+3 [Modules] Host is up to date.
8/3/2025, 9:19:36 AM GMT+3 [Modules] Checking for module updates at https://discord.com/api/modules/stable/versions.json
8/3/2025, 9:19:36 AM GMT+3 [Modules] No module updates available.
8/3/2025, 10:07:31 AM GMT+3 [Modules] Checking for host updates.
8/3/2025, 10:07:32 AM GMT+3 [Modules] Host is up to date.
8/3/2025, 10:07:32 AM GMT+3 [Modules] Checking for module updates at https://discord.com/api/modules/stable/versions.json
8/3/2025, 10:07:32 AM GMT+3 [Modules] No module updates available.
8/3/2025, 10:10:40 AM GMT+3 [Modules] Checking for host updates.
8/3/2025, 10:10:41 AM GMT+3 [Modules] Host is up to date.
8/3/2025, 10:10:41 AM GMT+3 [Modules] Checking for module updates at https://discord.com/api/modules/stable/versions.json
8/3/2025, 10:10:41 AM GMT+3 [Modules] No module updates available.
8/3/2025, 10:17:16 AM GMT+3 [Modules] Checking for host updates.
8/3/2025, 10:17:17 AM GMT+3 [Modules] Host is up to date.
8/3/2025, 10:17:17 AM GMT+3 [Modules] Checking for module updates at https://discord.com/api/modules/stable/versions.json
8/3/2025, 10:17:17 AM GMT+3 [Modules] No module updates available.
8/3/2025, 10:19:36 AM GMT+3 [Modules] Checking for host updates.
8/3/2025, 10:19:37 AM GMT+3 [Modules] Host is up to date.
8/3/2025, 10:19:37 AM GMT+3 [Modules] Checking for module updates at https://discord.com/api/modules/stable/versions.json
8/3/2025, 10:19:37 AM GMT+3 [Modules] No module updates available.
8/3/2025, 11:07:31 AM GMT+3 [Modules] Checking for host updates.
8/3/2025, 11:07:32 AM GMT+3 [Modules] Host is up to date.
8/3/2025, 11:07:32 AM GMT+3 [Modules] Checking for module updates at https://discord.com/api/modules/stable/versions.json
8/3/2025, 11:07:32 AM GMT+3 [Modules] No module updates available.
8/3/2025, 11:10:40 AM GMT+3 [Modules] Checking for host updates.
8/3/2025, 11:10:41 AM GMT+3 [Modules] Host is up to date.
8/3/2025, 11:10:41 AM GMT+3 [Modules] Checking for module updates at https://discord.com/api/modules/stable/versions.json
8/3/2025, 11:10:41 AM GMT+3 [Modules] No module updates available.
8/3/2025, 11:17:16 AM GMT+3 [Modules] Checking for host updates.
8/3/2025, 11:17:18 AM GMT+3 [Modules] Host is up to date.
8/3/2025, 11:17:18 AM GMT+3 [Modules] Checking for module updates at https://discord.com/api/modules/stable/versions.json
8/3/2025, 11:17:18 AM GMT+3 [Modules] No module updates available.
8/3/2025, 11:19:36 AM GMT+3 [Modules] Checking for host updates.
8/3/2025, 11:19:37 AM GMT+3 [Modules] Host is up to date.
8/3/2025, 11:19:37 AM GMT+3 [Modules] Checking for module updates at https://discord.com/api/modules/stable/versions.json
8/3/2025, 11:19:37 AM GMT+3 [Modules] No module updates available.
8/3/2025, 2:09:50 PM GMT+3 [Modules] Checking for host updates.
8/3/2025, 2:09:50 PM GMT+3 [Modules] Host is up to date.
8/3/2025, 2:09:50 PM GMT+3 [Modules] Checking for module updates at https://discord.com/api/modules/stable/versions.json
8/3/2025, 2:09:50 PM GMT+3 [Modules] No module updates available.
8/3/2025, 2:39:19 PM GMT+3 [Modules] Checking for host updates.
8/3/2025, 2:39:19 PM GMT+3 [Modules] Host is up to date.
8/3/2025, 2:39:19 PM GMT+3 [Modules] Checking for module updates at https://discord.com/api/modules/stable/versions.json
8/3/2025, 2:39:19 PM GMT+3 [Modules] No module updates available.
8/3/2025, 2:42:28 PM GMT+3 [Modules] Checking for host updates.
8/3/2025, 2:42:28 PM GMT+3 [Modules] Host is up to date.
8/3/2025, 2:42:28 PM GMT+3 [Modules] Checking for module updates at https://discord.com/api/modules/stable/versions.json
8/3/2025, 2:42:28 PM GMT+3 [Modules] No module updates available.
8/3/2025, 2:49:04 PM GMT+3 [Modules] Checking for host updates.
8/3/2025, 2:49:04 PM GMT+3 [Modules] Host is up to date.
8/3/2025, 2:49:04 PM GMT+3 [Modules] Checking for module updates at https://discord.com/api/modules/stable/versions.json
8/3/2025, 2:49:04 PM GMT+3 [Modules] No module updates available.
8/3/2025, 2:51:24 PM GMT+3 [Modules] Checking for host updates.
8/3/2025, 2:51:24 PM GMT+3 [Modules] Host is up to date.
8/3/2025, 2:51:24 PM GMT+3 [Modules] Checking for module updates at https://discord.com/api/modules/stable/versions.json
8/3/2025, 2:51:24 PM GMT+3 [Modules] No module updates available.
8/3/2025, 3:30:34 PM GMT+3 [Modules] Checking for host updates.
8/3/2025, 3:30:35 PM GMT+3 [Modules] Host is up to date.
8/3/2025, 3:30:35 PM GMT+3 [Modules] Checking for module updates at https://discord.com/api/modules/stable/versions.json
8/3/2025, 3:30:35 PM GMT+3 [Modules] No module updates available.
8/3/2025, 3:40:08 PM GMT+3 [Modules] Checking for host updates.
8/3/2025, 3:40:08 PM GMT+3 [Modules] Host is up to date.
8/3/2025, 3:40:08 PM GMT+3 [Modules] Checking for module updates at https://discord.com/api/modules/stable/versions.json
8/3/2025, 3:40:08 PM GMT+3 [Modules] No module updates available.
8/3/2025, 4:09:37 PM GMT+3 [Modules] Checking for host updates.
8/3/2025, 4:09:37 PM GMT+3 [Modules] Host is up to date.
8/3/2025, 4:09:37 PM GMT+3 [Modules] Checking for module updates at https://discord.com/api/modules/stable/versions.json
8/3/2025, 4:09:37 PM GMT+3 [Modules] No module updates available.
8/3/2025, 4:12:46 PM GMT+3 [Modules] Checking for host updates.
8/3/2025, 4:12:46 PM GMT+3 [Modules] Host is up to date.
8/3/2025, 4:12:46 PM GMT+3 [Modules] Checking for module updates at https://discord.com/api/modules/stable/versions.json
8/3/2025, 4:12:46 PM GMT+3 [Modules] No module updates available.
8/3/2025, 4:19:22 PM GMT+3 [Modules] Checking for host updates.
8/3/2025, 4:19:22 PM GMT+3 [Modules] Host is up to date.
8/3/2025, 4:19:22 PM GMT+3 [Modules] Checking for module updates at https://discord.com/api/modules/stable/versions.json
8/3/2025, 4:19:22 PM GMT+3 [Modules] No module updates available.
8/3/2025, 4:21:42 PM GMT+3 [Modules] Checking for host updates.
8/3/2025, 4:21:42 PM GMT+3 [Modules] Host is up to date.
8/3/2025, 4:21:42 PM GMT+3 [Modules] Checking for module updates at https://discord.com/api/modules/stable/versions.json
8/3/2025, 4:21:42 PM GMT+3 [Modules] No module updates available.
8/3/2025, 4:30:35 PM GMT+3 [Modules] Checking for host updates.
8/3/2025, 4:30:35 PM GMT+3 [Modules] Host is up to date.
8/3/2025, 4:30:35 PM GMT+3 [Modules] Checking for module updates at https://discord.com/api/modules/stable/versions.json
8/3/2025, 4:30:35 PM GMT+3 [Modules] No module updates available.
8/3/2025, 4:40:08 PM GMT+3 [Modules] Checking for host updates.
8/3/2025, 4:40:08 PM GMT+3 [Modules] Host is up to date.
8/3/2025, 4:40:08 PM GMT+3 [Modules] Checking for module updates at https://discord.com/api/modules/stable/versions.json
8/3/2025, 4:40:08 PM GMT+3 [Modules] No module updates available.
8/3/2025, 5:09:37 PM GMT+3 [Modules] Checking for host updates.
8/3/2025, 5:09:37 PM GMT+3 [Modules] Host is up to date.
8/3/2025, 5:09:37 PM GMT+3 [Modules] Checking for module updates at https://discord.com/api/modules/stable/versions.json
8/3/2025, 5:09:37 PM GMT+3 [Modules] No module updates available.
8/3/2025, 5:12:46 PM GMT+3 [Modules] Checking for host updates.
8/3/2025, 5:12:47 PM GMT+3 [Modules] Host is up to date.
8/3/2025, 5:12:47 PM GMT+3 [Modules] Checking for module updates at https://discord.com/api/modules/stable/versions.json
8/3/2025, 5:12:47 PM GMT+3 [Modules] No module updates available.
8/3/2025, 5:19:22 PM GMT+3 [Modules] Checking for host updates.
8/3/2025, 5:19:22 PM GMT+3 [Modules] Host is up to date.
8/3/2025, 5:19:22 PM GMT+3 [Modules] Checking for module updates at https://discord.com/api/modules/stable/versions.json
8/3/2025, 5:19:22 PM GMT+3 [Modules] No module updates available.
8/3/2025, 5:21:42 PM GMT+3 [Modules] Checking for host updates.
8/3/2025, 5:21:42 PM GMT+3 [Modules] Host is up to date.
8/3/2025, 5:21:42 PM GMT+3 [Modules] Checking for module updates at https://discord.com/api/modules/stable/versions.json
8/3/2025, 5:21:43 PM GMT+3 [Modules] No module updates available.
8/3/2025, 5:30:35 PM GMT+3 [Modules] Checking for host updates.
8/3/2025, 5:30:36 PM GMT+3 [Modules] Host is up to date.
8/3/2025, 5:30:36 PM GMT+3 [Modules] Checking for module updates at https://discord.com/api/modules/stable/versions.json
8/3/2025, 5:30:36 PM GMT+3 [Modules] No module updates available.
8/3/2025, 5:40:08 PM GMT+3 [Modules] Checking for host updates.
8/3/2025, 5:40:09 PM GMT+3 [Modules] Host is up to date.
8/3/2025, 5:40:09 PM GMT+3 [Modules] Checking for module updates at https://discord.com/api/modules/stable/versions.json
8/3/2025, 5:40:09 PM GMT+3 [Modules] No module updates available.
8/4/2025, 11:59:59 AM GMT+3 [Modules] Checking for host updates.
8/4/2025, 12:00:00 PM GMT+3 [Modules] Host is up to date.
8/4/2025, 12:00:00 PM GMT+3 [Modules] Checking for module updates at https://discord.com/api/modules/stable/versions.json
8/4/2025, 12:00:00 PM GMT+3 [Modules] No module updates available.
8/4/2025, 6:49:32 PM GMT+3 [Modules] Checking for host updates.
8/4/2025, 6:49:33 PM GMT+3 [Modules] Host is up to date.
8/4/2025, 6:49:33 PM GMT+3 [Modules] Checking for module updates at https://discord.com/api/modules/stable/versions.json
8/4/2025, 6:49:33 PM GMT+3 [Modules] No module updates available.
8/4/2025, 7:13:50 PM GMT+3 [Modules] Checking for host updates.
8/4/2025, 7:13:51 PM GMT+3 [Modules] Host is up to date.
8/4/2025, 7:13:51 PM GMT+3 [Modules] Checking for module updates at https://discord.com/api/modules/stable/versions.json
8/4/2025, 7:13:51 PM GMT+3 [Modules] No module updates available.
8/4/2025, 7:33:53 PM GMT+3 [Modules] Checking for host updates.
8/4/2025, 7:33:53 PM GMT+3 [Modules] Host is up to date.
8/4/2025, 7:33:53 PM GMT+3 [Modules] Checking for module updates at https://discord.com/api/modules/stable/versions.json
8/4/2025, 7:33:53 PM GMT+3 [Modules] No module updates available.
8/4/2025, 7:36:03 PM GMT+3 [Modules] Checking for host updates.
8/4/2025, 7:36:04 PM GMT+3 [Modules] Host is up to date.
8/4/2025, 7:36:04 PM GMT+3 [Modules] Checking for module updates at https://discord.com/api/modules/stable/versions.json
8/4/2025, 7:36:04 PM GMT+3 [Modules] No module updates available.
8/4/2025, 7:42:40 PM GMT+3 [Modules] Checking for host updates.
8/4/2025, 7:42:40 PM GMT+3 [Modules] Host is up to date.
8/4/2025, 7:42:40 PM GMT+3 [Modules] Checking for module updates at https://discord.com/api/modules/stable/versions.json
8/4/2025, 7:42:40 PM GMT+3 [Modules] No module updates available.
8/4/2025, 7:44:59 PM GMT+3 [Modules] Checking for host updates.
8/4/2025, 7:44:59 PM GMT+3 [Modules] Host is up to date.
8/4/2025, 7:44:59 PM GMT+3 [Modules] Checking for module updates at https://discord.com/api/modules/stable/versions.json
8/4/2025, 7:45:00 PM GMT+3 [Modules] No module updates available.
8/4/2025, 7:53:53 PM GMT+3 [Modules] Checking for host updates.
8/4/2025, 7:53:53 PM GMT+3 [Modules] Host is up to date.
8/4/2025, 7:53:53 PM GMT+3 [Modules] Checking for module updates at https://discord.com/api/modules/stable/versions.json
8/4/2025, 7:53:53 PM GMT+3 [Modules] No module updates available.
8/4/2025, 8:03:25 PM GMT+3 [Modules] Checking for host updates.
8/4/2025, 8:03:25 PM GMT+3 [Modules] Host is up to date.
8/4/2025, 8:03:25 PM GMT+3 [Modules] Checking for module updates at https://discord.com/api/modules/stable/versions.json
8/4/2025, 8:03:26 PM GMT+3 [Modules] No module updates available.
8/4/2025, 8:05:49 PM GMT+3 [Modules] Checking for host updates.
8/4/2025, 8:05:50 PM GMT+3 [Modules] Host is up to date.
8/4/2025, 8:05:50 PM GMT+3 [Modules] Checking for module updates at https://discord.com/api/modules/stable/versions.json
8/4/2025, 8:05:50 PM GMT+3 [Modules] No module updates available.
8/4/2025, 8:08:36 PM GMT+3 [Modules] Checking for host updates.
8/4/2025, 8:08:37 PM GMT+3 [Modules] Host is up to date.
8/4/2025, 8:08:37 PM GMT+3 [Modules] Checking for module updates at https://discord.com/api/modules/stable/versions.json
8/4/2025, 8:08:37 PM GMT+3 [Modules] No module updates available.
8/4/2025, 8:32:54 PM GMT+3 [Modules] Checking for host updates.
8/4/2025, 8:32:54 PM GMT+3 [Modules] Host is up to date.
8/4/2025, 8:32:54 PM GMT+3 [Modules] Checking for module updates at https://discord.com/api/modules/stable/versions.json
8/4/2025, 8:32:54 PM GMT+3 [Modules] No module updates available.
8/4/2025, 8:33:52 PM GMT+3 [Modules] Checking for host updates.
8/4/2025, 8:33:53 PM GMT+3 [Modules] Host is up to date.
8/4/2025, 8:33:53 PM GMT+3 [Modules] Checking for module updates at https://discord.com/api/modules/stable/versions.json
8/4/2025, 8:33:53 PM GMT+3 [Modules] No module updates available.
8/4/2025, 8:36:02 PM GMT+3 [Modules] Checking for host updates.
8/4/2025, 8:36:03 PM GMT+3 [Modules] Host is up to date.
8/4/2025, 8:36:03 PM GMT+3 [Modules] Checking for module updates at https://discord.com/api/modules/stable/versions.json
8/4/2025, 8:36:03 PM GMT+3 [Modules] No module updates available.
8/4/2025, 8:42:39 PM GMT+3 [Modules] Checking for host updates.
8/4/2025, 8:42:39 PM GMT+3 [Modules] Host is up to date.
8/4/2025, 8:42:39 PM GMT+3 [Modules] Checking for module updates at https://discord.com/api/modules/stable/versions.json
8/4/2025, 8:42:39 PM GMT+3 [Modules] No module updates available.
8/4/2025, 8:44:58 PM GMT+3 [Modules] Checking for host updates.
8/4/2025, 8:44:59 PM GMT+3 [Modules] Host is up to date.
8/4/2025, 8:44:59 PM GMT+3 [Modules] Checking for module updates at https://discord.com/api/modules/stable/versions.json
8/4/2025, 8:44:59 PM GMT+3 [Modules] No module updates available.
8/4/2025, 8:53:52 PM GMT+3 [Modules] Checking for host updates.
8/4/2025, 8:53:53 PM GMT+3 [Modules] Host is up to date.
8/4/2025, 8:53:53 PM GMT+3 [Modules] Checking for module updates at https://discord.com/api/modules/stable/versions.json
8/4/2025, 8:53:53 PM GMT+3 [Modules] No module updates available.
8/4/2025, 9:03:24 PM GMT+3 [Modules] Checking for host updates.
8/4/2025, 9:03:25 PM GMT+3 [Modules] Host is up to date.
8/4/2025, 9:03:25 PM GMT+3 [Modules] Checking for module updates at https://discord.com/api/modules/stable/versions.json
8/4/2025, 9:03:25 PM GMT+3 [Modules] No module updates available.
8/4/2025, 9:05:49 PM GMT+3 [Modules] Checking for host updates.
8/4/2025, 9:05:49 PM GMT+3 [Modules] Host is up to date.
8/4/2025, 9:05:49 PM GMT+3 [Modules] Checking for module updates at https://discord.com/api/modules/stable/versions.json
8/4/2025, 9:05:49 PM GMT+3 [Modules] No module updates available.
8/4/2025, 9:08:36 PM GMT+3 [Modules] Checking for host updates.
8/4/2025, 9:08:37 PM GMT+3 [Modules] Host is up to date.
8/4/2025, 9:08:37 PM GMT+3 [Modules] Checking for module updates at https://discord.com/api/modules/stable/versions.json
8/4/2025, 9:08:37 PM GMT+3 [Modules] No module updates available.
8/5/2025, 8:49:33 AM GMT+3 [Modules] Checking for host updates.
8/5/2025, 8:49:34 AM GMT+3 [Modules] Host update is available. Manual update required!
8/5/2025, 7:56:19 PM GMT+3 [Modules] Modules initializing
8/5/2025, 7:56:19 PM GMT+3 [Modules] Distribution: remote
8/5/2025, 7:56:19 PM GMT+3 [Modules] Host updates: enabled
8/5/2025, 7:56:19 PM GMT+3 [Modules] Module updates: enabled
8/5/2025, 7:56:19 PM GMT+3 [Modules] Module install path: /home/dmtr/.config/discord/0.0.103/modules
8/5/2025, 7:56:19 PM GMT+3 [Modules] Module installed file path: /home/dmtr/.config/discord/0.0.103/modules/installed.json
8/5/2025, 7:56:19 PM GMT+3 [Modules] Module download path: /home/dmtr/.config/discord/0.0.103/modules/pending
8/5/2025, 7:56:20 PM GMT+3 [Modules] No updates to install
8/5/2025, 7:56:20 PM GMT+3 [Modules] Checking for host updates.
8/5/2025, 7:56:20 PM GMT+3 [Modules] Host update is available. Manual update required!
8/5/2025, 7:56:56 PM GMT+3 [Modules] Modules initializing
8/5/2025, 7:56:56 PM GMT+3 [Modules] Distribution: remote
8/5/2025, 7:56:56 PM GMT+3 [Modules] Host updates: enabled
8/5/2025, 7:56:56 PM GMT+3 [Modules] Module updates: enabled
8/5/2025, 7:56:56 PM GMT+3 [Modules] Module install path: /home/dmtr/.config/discord/0.0.104/modules
8/5/2025, 7:56:56 PM GMT+3 [Modules] Module installed file path: /home/dmtr/.config/discord/0.0.104/modules/installed.json
8/5/2025, 7:56:56 PM GMT+3 [Modules] Module download path: /home/dmtr/.config/discord/0.0.104/modules/pending
8/5/2025, 7:56:57 PM GMT+3 [Modules] Bootstrapping...
8/5/2025, 7:56:57 PM GMT+3 [Modules] Installing discord_desktop_core@0 from /opt/discord/resources/bootstrap/discord_desktop_core.zip
8/5/2025, 7:56:57 PM GMT+3 [Modules] Failed installing discord_desktop_core@0: Error: ENOENT: no such file or directory, open '/opt/discord/resources/bootstrap/discord_desktop_core.zip'
8/5/2025, 7:56:57 PM GMT+3 [Modules] Installing discord_erlpack@0 from /opt/discord/resources/bootstrap/discord_erlpack.zip
8/5/2025, 7:56:57 PM GMT+3 [Modules] Failed installing discord_erlpack@0: Error: ENOENT: no such file or directory, open '/opt/discord/resources/bootstrap/discord_erlpack.zip'
8/5/2025, 7:56:57 PM GMT+3 [Modules] Installing discord_spellcheck@0 from /opt/discord/resources/bootstrap/discord_spellcheck.zip
8/5/2025, 7:56:57 PM GMT+3 [Modules] Failed installing discord_spellcheck@0: Error: ENOENT: no such file or directory, open '/opt/discord/resources/bootstrap/discord_spellcheck.zip'
8/5/2025, 7:56:57 PM GMT+3 [Modules] Installing discord_utils@0 from /opt/discord/resources/bootstrap/discord_utils.zip
8/5/2025, 7:56:57 PM GMT+3 [Modules] Failed installing discord_utils@0: Error: ENOENT: no such file or directory, open '/opt/discord/resources/bootstrap/discord_utils.zip'
8/5/2025, 7:56:57 PM GMT+3 [Modules] Installing discord_voice@0 from /opt/discord/resources/bootstrap/discord_voice.zip
8/5/2025, 7:56:57 PM GMT+3 [Modules] Failed installing discord_voice@0: Error: ENOENT: no such file or directory, open '/opt/discord/resources/bootstrap/discord_voice.zip'
8/5/2025, 7:56:57 PM GMT+3 [Modules] Installing discord_zstd@0 from /opt/discord/resources/bootstrap/discord_zstd.zip
8/5/2025, 7:56:57 PM GMT+3 [Modules] Failed installing discord_zstd@0: Error: ENOENT: no such file or directory, open '/opt/discord/resources/bootstrap/discord_zstd.zip'
8/5/2025, 7:56:57 PM GMT+3 [Modules] Finished module installations. [success: 0] [failure: 6]
8/5/2025, 7:56:57 PM GMT+3 [Modules] Checking for host updates.
8/5/2025, 7:56:57 PM GMT+3 [Modules] Host is up to date.
8/5/2025, 7:56:57 PM GMT+3 [Modules] Checking for module updates at https://discord.com/api/modules/stable/versions.json
8/5/2025, 7:56:57 PM GMT+3 [Modules] Module update available: discord_desktop_core@1 [installed: 0]
8/5/2025, 7:56:57 PM GMT+3 [Modules] Module update available: discord_erlpack@1 [installed: 0]
8/5/2025, 7:56:57 PM GMT+3 [Modules] Module update available: discord_spellcheck@1 [installed: 0]
8/5/2025, 7:56:57 PM GMT+3 [Modules] Module update available: discord_utils@1 [installed: 0]
8/5/2025, 7:56:57 PM GMT+3 [Modules] Module update available: discord_voice@1 [installed: 0]
8/5/2025, 7:56:57 PM GMT+3 [Modules] Module update available: discord_zstd@1 [installed: 0]
8/5/2025, 7:56:57 PM GMT+3 [Modules] Fetching discord_desktop_core@1 from https://discord.com/api/modules/stable/discord_desktop_core/1
8/5/2025, 7:56:57 PM GMT+3 [Modules] Streaming discord_desktop_core@1 to /home/dmtr/.config/discord/0.0.104/modules/pending/discord_desktop_core-1.zip
8/5/2025, 7:56:57 PM GMT+3 [Modules] Streaming discord_desktop_core@1 to /home/dmtr/.config/discord/0.0.104/modules/pending/discord_desktop_core-1.zip: 1%
8/5/2025, 7:56:58 PM GMT+3 [Modules] Streaming discord_desktop_core@1 to /home/dmtr/.config/discord/0.0.104/modules/pending/discord_desktop_core-1.zip: 2%
8/5/2025, 7:56:58 PM GMT+3 [Modules] Streaming discord_desktop_core@1 to /home/dmtr/.config/discord/0.0.104/modules/pending/discord_desktop_core-1.zip: 3%
8/5/2025, 7:56:58 PM GMT+3 [Modules] Streaming discord_desktop_core@1 to /home/dmtr/.config/discord/0.0.104/modules/pending/discord_desktop_core-1.zip: 4%
8/5/2025, 7:56:58 PM GMT+3 [Modules] Streaming discord_desktop_core@1 to /home/dmtr/.config/discord/0.0.104/modules/pending/discord_desktop_core-1.zip: 5%
8/5/2025, 7:56:58 PM GMT+3 [Modules] Streaming discord_desktop_core@1 to /home/dmtr/.config/discord/0.0.104/modules/pending/discord_desktop_core-1.zip: 6%
8/5/2025, 7:56:58 PM GMT+3 [Modules] Streaming discord_desktop_core@1 to /home/dmtr/.config/discord/0.0.104/modules/pending/discord_desktop_core-1.zip: 7%
8/5/2025, 7:56:58 PM GMT+3 [Modules] Streaming discord_desktop_core@1 to /home/dmtr/.config/discord/0.0.104/modules/pending/discord_desktop_core-1.zip: 8%
8/5/2025, 7:56:58 PM GMT+3 [Modules] Streaming discord_desktop_core@1 to /home/dmtr/.config/discord/0.0.104/modules/pending/discord_desktop_core-1.zip: 9%
8/5/2025, 7:56:58 PM GMT+3 [Modules] Streaming discord_desktop_core@1 to /home/dmtr/.config/discord/0.0.104/modules/pending/discord_desktop_core-1.zip: 10%
8/5/2025, 7:56:58 PM GMT+3 [Modules] Streaming discord_desktop_core@1 to /home/dmtr/.config/discord/0.0.104/modules/pending/discord_desktop_core-1.zip: 11%
8/5/2025, 7:56:58 PM GMT+3 [Modules] Streaming discord_desktop_core@1 to /home/dmtr/.config/discord/0.0.104/modules/pending/discord_desktop_core-1.zip: 12%
8/5/2025, 7:56:58 PM GMT+3 [Modules] Streaming discord_desktop_core@1 to /home/dmtr/.config/discord/0.0.104/modules/pending/discord_desktop_core-1.zip: 13%
8/5/2025, 7:56:58 PM GMT+3 [Modules] Streaming discord_desktop_core@1 to /home/dmtr/.config/discord/0.0.104/modules/pending/discord_desktop_core-1.zip: 14%
8/5/2025, 7:56:58 PM GMT+3 [Modules] Streaming discord_desktop_core@1 to /home/dmtr/.config/discord/0.0.104/modules/pending/discord_desktop_core-1.zip: 15%
8/5/2025, 7:56:58 PM GMT+3 [Modules] Streaming discord_desktop_core@1 to /home/dmtr/.config/discord/0.0.104/modules/pending/discord_desktop_core-1.zip: 16%
8/5/2025, 7:56:58 PM GMT+3 [Modules] Streaming discord_desktop_core@1 to /home/dmtr/.config/discord/0.0.104/modules/pending/discord_desktop_core-1.zip: 17%
8/5/2025, 7:56:58 PM GMT+3 [Modules] Streaming discord_desktop_core@1 to /home/dmtr/.config/discord/0.0.104/modules/pending/discord_desktop_core-1.zip: 18%
8/5/2025, 7:56:58 PM GMT+3 [Modules] Streaming discord_desktop_core@1 to /home/dmtr/.config/discord/0.0.104/modules/pending/discord_desktop_core-1.zip: 19%
8/5/2025, 7:56:58 PM GMT+3 [Modules] Streaming discord_desktop_core@1 to /home/dmtr/.config/discord/0.0.104/modules/pending/discord_desktop_core-1.zip: 20%
8/5/2025, 7:56:58 PM GMT+3 [Modules] Streaming discord_desktop_core@1 to /home/dmtr/.config/discord/0.0.104/modules/pending/discord_desktop_core-1.zip: 22%
8/5/2025, 7:56:58 PM GMT+3 [Modules] Streaming discord_desktop_core@1 to /home/dmtr/.config/discord/0.0.104/modules/pending/discord_desktop_core-1.zip: 23%
8/5/2025, 7:56:58 PM GMT+3 [Modules] Streaming discord_desktop_core@1 to /home/dmtr/.config/discord/0.0.104/modules/pending/discord_desktop_core-1.zip: 25%
8/5/2025, 7:56:58 PM GMT+3 [Modules] Streaming discord_desktop_core@1 to /home/dmtr/.config/discord/0.0.104/modules/pending/discord_desktop_core-1.zip: 26%
8/5/2025, 7:56:58 PM GMT+3 [Modules] Streaming discord_desktop_core@1 to /home/dmtr/.config/discord/0.0.104/modules/pending/discord_desktop_core-1.zip: 27%
8/5/2025, 7:56:58 PM GMT+3 [Modules] Streaming discord_desktop_core@1 to /home/dmtr/.config/discord/0.0.104/modules/pending/discord_desktop_core-1.zip: 29%
8/5/2025, 7:56:58 PM GMT+3 [Modules] Streaming discord_desktop_core@1 to /home/dmtr/.config/discord/0.0.104/modules/pending/discord_desktop_core-1.zip: 31%
8/5/2025, 7:56:58 PM GMT+3 [Modules] Streaming discord_desktop_core@1 to /home/dmtr/.config/discord/0.0.104/modules/pending/discord_desktop_core-1.zip: 32%
8/5/2025, 7:56:58 PM GMT+3 [Modules] Streaming discord_desktop_core@1 to /home/dmtr/.config/discord/0.0.104/modules/pending/discord_desktop_core-1.zip: 35%
8/5/2025, 7:56:58 PM GMT+3 [Modules] Streaming discord_desktop_core@1 to /home/dmtr/.config/discord/0.0.104/modules/pending/discord_desktop_core-1.zip: 37%
8/5/2025, 7:56:58 PM GMT+3 [Modules] Streaming discord_desktop_core@1 to /home/dmtr/.config/discord/0.0.104/modules/pending/discord_desktop_core-1.zip: 39%
8/5/2025, 7:56:58 PM GMT+3 [Modules] Streaming discord_desktop_core@1 to /home/dmtr/.config/discord/0.0.104/modules/pending/discord_desktop_core-1.zip: 40%
8/5/2025, 7:56:58 PM GMT+3 [Modules] Streaming discord_desktop_core@1 to /home/dmtr/.config/discord/0.0.104/modules/pending/discord_desktop_core-1.zip: 42%
8/5/2025, 7:56:58 PM GMT+3 [Modules] Streaming discord_desktop_core@1 to /home/dmtr/.config/discord/0.0.104/modules/pending/discord_desktop_core-1.zip: 43%
8/5/2025, 7:56:58 PM GMT+3 [Modules] Streaming discord_desktop_core@1 to /home/dmtr/.config/discord/0.0.104/modules/pending/discord_desktop_core-1.zip: 45%
8/5/2025, 7:56:58 PM GMT+3 [Modules] Streaming discord_desktop_core@1 to /home/dmtr/.config/discord/0.0.104/modules/pending/discord_desktop_core-1.zip: 46%
8/5/2025, 7:56:58 PM GMT+3 [Modules] Streaming discord_desktop_core@1 to /home/dmtr/.config/discord/0.0.104/modules/pending/discord_desktop_core-1.zip: 47%
8/5/2025, 7:56:58 PM GMT+3 [Modules] Streaming discord_desktop_core@1 to /home/dmtr/.config/discord/0.0.104/modules/pending/discord_desktop_core-1.zip: 49%
8/5/2025, 7:56:58 PM GMT+3 [Modules] Streaming discord_desktop_core@1 to /home/dmtr/.config/discord/0.0.104/modules/pending/discord_desktop_core-1.zip: 51%
8/5/2025, 7:56:58 PM GMT+3 [Modules] Streaming discord_desktop_core@1 to /home/dmtr/.config/discord/0.0.104/modules/pending/discord_desktop_core-1.zip: 53%
8/5/2025, 7:56:58 PM GMT+3 [Modules] Streaming discord_desktop_core@1 to /home/dmtr/.config/discord/0.0.104/modules/pending/discord_desktop_core-1.zip: 54%
8/5/2025, 7:56:58 PM GMT+3 [Modules] Streaming discord_desktop_core@1 to /home/dmtr/.config/discord/0.0.104/modules/pending/discord_desktop_core-1.zip: 59%
8/5/2025, 7:56:58 PM GMT+3 [Modules] Streaming discord_desktop_core@1 to /home/dmtr/.config/discord/0.0.104/modules/pending/discord_desktop_core-1.zip: 62%
8/5/2025, 7:56:58 PM GMT+3 [Modules] Streaming discord_desktop_core@1 to /home/dmtr/.config/discord/0.0.104/modules/pending/discord_desktop_core-1.zip: 65%
8/5/2025, 7:56:58 PM GMT+3 [Modules] Streaming discord_desktop_core@1 to /home/dmtr/.config/discord/0.0.104/modules/pending/discord_desktop_core-1.zip: 71%
8/5/2025, 7:56:58 PM GMT+3 [Modules] Streaming discord_desktop_core@1 to /home/dmtr/.config/discord/0.0.104/modules/pending/discord_desktop_core-1.zip: 76%
8/5/2025, 7:56:58 PM GMT+3 [Modules] Streaming discord_desktop_core@1 to /home/dmtr/.config/discord/0.0.104/modules/pending/discord_desktop_core-1.zip: 81%
8/5/2025, 7:56:58 PM GMT+3 [Modules] Streaming discord_desktop_core@1 to /home/dmtr/.config/discord/0.0.104/modules/pending/discord_desktop_core-1.zip: 84%
8/5/2025, 7:56:58 PM GMT+3 [Modules] Streaming discord_desktop_core@1 to /home/dmtr/.config/discord/0.0.104/modules/pending/discord_desktop_core-1.zip: 87%
8/5/2025, 7:56:58 PM GMT+3 [Modules] Streaming discord_desktop_core@1 to /home/dmtr/.config/discord/0.0.104/modules/pending/discord_desktop_core-1.zip: 89%
8/5/2025, 7:56:58 PM GMT+3 [Modules] Streaming discord_desktop_core@1 to /home/dmtr/.config/discord/0.0.104/modules/pending/discord_desktop_core-1.zip: 90%
8/5/2025, 7:56:58 PM GMT+3 [Modules] Streaming discord_desktop_core@1 to /home/dmtr/.config/discord/0.0.104/modules/pending/discord_desktop_core-1.zip: 95%
8/5/2025, 7:56:58 PM GMT+3 [Modules] Streaming discord_desktop_core@1 to /home/dmtr/.config/discord/0.0.104/modules/pending/discord_desktop_core-1.zip: 96%
8/5/2025, 7:56:58 PM GMT+3 [Modules] Streaming discord_desktop_core@1 to /home/dmtr/.config/discord/0.0.104/modules/pending/discord_desktop_core-1.zip: 98%
8/5/2025, 7:56:58 PM GMT+3 [Modules] Streaming discord_desktop_core@1 to /home/dmtr/.config/discord/0.0.104/modules/pending/discord_desktop_core-1.zip: 100%
8/5/2025, 7:56:58 PM GMT+3 [Modules] Fetching discord_erlpack@1 from https://discord.com/api/modules/stable/discord_erlpack/1
8/5/2025, 7:56:58 PM GMT+3 [Modules] Streaming discord_erlpack@1 to /home/dmtr/.config/discord/0.0.104/modules/pending/discord_erlpack-1.zip
8/5/2025, 7:56:58 PM GMT+3 [Modules] Streaming discord_erlpack@1 to /home/dmtr/.config/discord/0.0.104/modules/pending/discord_erlpack-1.zip: 1%
8/5/2025, 7:56:58 PM GMT+3 [Modules] Streaming discord_erlpack@1 to /home/dmtr/.config/discord/0.0.104/modules/pending/discord_erlpack-1.zip: 3%
8/5/2025, 7:56:58 PM GMT+3 [Modules] Streaming discord_erlpack@1 to /home/dmtr/.config/discord/0.0.104/modules/pending/discord_erlpack-1.zip: 4%
8/5/2025, 7:56:58 PM GMT+3 [Modules] Streaming discord_erlpack@1 to /home/dmtr/.config/discord/0.0.104/modules/pending/discord_erlpack-1.zip: 6%
8/5/2025, 7:56:58 PM GMT+3 [Modules] Streaming discord_erlpack@1 to /home/dmtr/.config/discord/0.0.104/modules/pending/discord_erlpack-1.zip: 9%
8/5/2025, 7:56:58 PM GMT+3 [Modules] Streaming discord_erlpack@1 to /home/dmtr/.config/discord/0.0.104/modules/pending/discord_erlpack-1.zip: 13%
8/5/2025, 7:56:58 PM GMT+3 [Modules] Streaming discord_erlpack@1 to /home/dmtr/.config/discord/0.0.104/modules/pending/discord_erlpack-1.zip: 16%
8/5/2025, 7:56:58 PM GMT+3 [Modules] Streaming discord_erlpack@1 to /home/dmtr/.config/discord/0.0.104/modules/pending/discord_erlpack-1.zip: 28%
8/5/2025, 7:56:58 PM GMT+3 [Modules] Streaming discord_erlpack@1 to /home/dmtr/.config/discord/0.0.104/modules/pending/discord_erlpack-1.zip: 52%
8/5/2025, 7:56:58 PM GMT+3 [Modules] Streaming discord_erlpack@1 to /home/dmtr/.config/discord/0.0.104/modules/pending/discord_erlpack-1.zip: 64%
8/5/2025, 7:56:58 PM GMT+3 [Modules] Streaming discord_erlpack@1 to /home/dmtr/.config/discord/0.0.104/modules/pending/discord_erlpack-1.zip: 67%
8/5/2025, 7:56:58 PM GMT+3 [Modules] Streaming discord_erlpack@1 to /home/dmtr/.config/discord/0.0.104/modules/pending/discord_erlpack-1.zip: 81%
8/5/2025, 7:56:58 PM GMT+3 [Modules] Streaming discord_erlpack@1 to /home/dmtr/.config/discord/0.0.104/modules/pending/discord_erlpack-1.zip: 93%
8/5/2025, 7:56:58 PM GMT+3 [Modules] Streaming discord_erlpack@1 to /home/dmtr/.config/discord/0.0.104/modules/pending/discord_erlpack-1.zip: 100%
8/5/2025, 7:56:58 PM GMT+3 [Modules] Fetching discord_spellcheck@1 from https://discord.com/api/modules/stable/discord_spellcheck/1
8/5/2025, 7:56:58 PM GMT+3 [Modules] Streaming discord_spellcheck@1 to /home/dmtr/.config/discord/0.0.104/modules/pending/discord_spellcheck-1.zip
8/5/2025, 7:56:58 PM GMT+3 [Modules] Streaming discord_spellcheck@1 to /home/dmtr/.config/discord/0.0.104/modules/pending/discord_spellcheck-1.zip: 1%
8/5/2025, 7:56:58 PM GMT+3 [Modules] Streaming discord_spellcheck@1 to /home/dmtr/.config/discord/0.0.104/modules/pending/discord_spellcheck-1.zip: 3%
8/5/2025, 7:56:58 PM GMT+3 [Modules] Streaming discord_spellcheck@1 to /home/dmtr/.config/discord/0.0.104/modules/pending/discord_spellcheck-1.zip: 4%
8/5/2025, 7:56:58 PM GMT+3 [Modules] Streaming discord_spellcheck@1 to /home/dmtr/.config/discord/0.0.104/modules/pending/discord_spellcheck-1.zip: 6%
8/5/2025, 7:56:59 PM GMT+3 [Modules] Streaming discord_spellcheck@1 to /home/dmtr/.config/discord/0.0.104/modules/pending/discord_spellcheck-1.zip: 7%
8/5/2025, 7:56:59 PM GMT+3 [Modules] Streaming discord_spellcheck@1 to /home/dmtr/.config/discord/0.0.104/modules/pending/discord_spellcheck-1.zip: 9%
8/5/2025, 7:56:59 PM GMT+3 [Modules] Streaming discord_spellcheck@1 to /home/dmtr/.config/discord/0.0.104/modules/pending/discord_spellcheck-1.zip: 10%
8/5/2025, 7:56:59 PM GMT+3 [Modules] Streaming discord_spellcheck@1 to /home/dmtr/.config/discord/0.0.104/modules/pending/discord_spellcheck-1.zip: 12%
8/5/2025, 7:56:59 PM GMT+3 [Modules] Streaming discord_spellcheck@1 to /home/dmtr/.config/discord/0.0.104/modules/pending/discord_spellcheck-1.zip: 13%
8/5/2025, 7:56:59 PM GMT+3 [Modules] Streaming discord_spellcheck@1 to /home/dmtr/.config/discord/0.0.104/modules/pending/discord_spellcheck-1.zip: 17%
8/5/2025, 7:56:59 PM GMT+3 [Modules] Streaming discord_spellcheck@1 to /home/dmtr/.config/discord/0.0.104/modules/pending/discord_spellcheck-1.zip: 20%
8/5/2025, 7:56:59 PM GMT+3 [Modules] Streaming discord_spellcheck@1 to /home/dmtr/.config/discord/0.0.104/modules/pending/discord_spellcheck-1.zip: 25%
8/5/2025, 7:56:59 PM GMT+3 [Modules] Streaming discord_spellcheck@1 to /home/dmtr/.config/discord/0.0.104/modules/pending/discord_spellcheck-1.zip: 28%
8/5/2025, 7:56:59 PM GMT+3 [Modules] Streaming discord_spellcheck@1 to /home/dmtr/.config/discord/0.0.104/modules/pending/discord_spellcheck-1.zip: 37%
8/5/2025, 7:56:59 PM GMT+3 [Modules] Streaming discord_spellcheck@1 to /home/dmtr/.config/discord/0.0.104/modules/pending/discord_spellcheck-1.zip: 41%
8/5/2025, 7:56:59 PM GMT+3 [Modules] Streaming discord_spellcheck@1 to /home/dmtr/.config/discord/0.0.104/modules/pending/discord_spellcheck-1.zip: 42%
8/5/2025, 7:56:59 PM GMT+3 [Modules] Streaming discord_spellcheck@1 to /home/dmtr/.config/discord/0.0.104/modules/pending/discord_spellcheck-1.zip: 44%
8/5/2025, 7:56:59 PM GMT+3 [Modules] Streaming discord_spellcheck@1 to /home/dmtr/.config/discord/0.0.104/modules/pending/discord_spellcheck-1.zip: 47%
8/5/2025, 7:56:59 PM GMT+3 [Modules] Streaming discord_spellcheck@1 to /home/dmtr/.config/discord/0.0.104/modules/pending/discord_spellcheck-1.zip: 55%
8/5/2025, 7:56:59 PM GMT+3 [Modules] Streaming discord_spellcheck@1 to /home/dmtr/.config/discord/0.0.104/modules/pending/discord_spellcheck-1.zip: 62%
8/5/2025, 7:56:59 PM GMT+3 [Modules] Streaming discord_spellcheck@1 to /home/dmtr/.config/discord/0.0.104/modules/pending/discord_spellcheck-1.zip: 63%
8/5/2025, 7:56:59 PM GMT+3 [Modules] Streaming discord_spellcheck@1 to /home/dmtr/.config/discord/0.0.104/modules/pending/discord_spellcheck-1.zip: 64%
8/5/2025, 7:56:59 PM GMT+3 [Modules] Streaming discord_spellcheck@1 to /home/dmtr/.config/discord/0.0.104/modules/pending/discord_spellcheck-1.zip: 65%
8/5/2025, 7:56:59 PM GMT+3 [Modules] Streaming discord_spellcheck@1 to /home/dmtr/.config/discord/0.0.104/modules/pending/discord_spellcheck-1.zip: 66%
8/5/2025, 7:56:59 PM GMT+3 [Modules] Streaming discord_spellcheck@1 to /home/dmtr/.config/discord/0.0.104/modules/pending/discord_spellcheck-1.zip: 67%
8/5/2025, 7:56:59 PM GMT+3 [Modules] Streaming discord_spellcheck@1 to /home/dmtr/.config/discord/0.0.104/modules/pending/discord_spellcheck-1.zip: 69%
8/5/2025, 7:56:59 PM GMT+3 [Modules] Streaming discord_spellcheck@1 to /home/dmtr/.config/discord/0.0.104/modules/pending/discord_spellcheck-1.zip: 70%
8/5/2025, 7:56:59 PM GMT+3 [Modules] Streaming discord_spellcheck@1 to /home/dmtr/.config/discord/0.0.104/modules/pending/discord_spellcheck-1.zip: 71%
8/5/2025, 7:56:59 PM GMT+3 [Modules] Streaming discord_spellcheck@1 to /home/dmtr/.config/discord/0.0.104/modules/pending/discord_spellcheck-1.zip: 73%
8/5/2025, 7:56:59 PM GMT+3 [Modules] Streaming discord_spellcheck@1 to /home/dmtr/.config/discord/0.0.104/modules/pending/discord_spellcheck-1.zip: 74%
8/5/2025, 7:56:59 PM GMT+3 [Modules] Streaming discord_spellcheck@1 to /home/dmtr/.config/discord/0.0.104/modules/pending/discord_spellcheck-1.zip: 76%
8/5/2025, 7:56:59 PM GMT+3 [Modules] Streaming discord_spellcheck@1 to /home/dmtr/.config/discord/0.0.104/modules/pending/discord_spellcheck-1.zip: 77%
8/5/2025, 7:56:59 PM GMT+3 [Modules] Streaming discord_spellcheck@1 to /home/dmtr/.config/discord/0.0.104/modules/pending/discord_spellcheck-1.zip: 78%
8/5/2025, 7:56:59 PM GMT+3 [Modules] Streaming discord_spellcheck@1 to /home/dmtr/.config/discord/0.0.104/modules/pending/discord_spellcheck-1.zip: 79%
8/5/2025, 7:56:59 PM GMT+3 [Modules] Streaming discord_spellcheck@1 to /home/dmtr/.config/discord/0.0.104/modules/pending/discord_spellcheck-1.zip: 80%
8/5/2025, 7:56:59 PM GMT+3 [Modules] Streaming discord_spellcheck@1 to /home/dmtr/.config/discord/0.0.104/modules/pending/discord_spellcheck-1.zip: 81%
8/5/2025, 7:56:59 PM GMT+3 [Modules] Streaming discord_spellcheck@1 to /home/dmtr/.config/discord/0.0.104/modules/pending/discord_spellcheck-1.zip: 82%
8/5/2025, 7:56:59 PM GMT+3 [Modules] Streaming discord_spellcheck@1 to /home/dmtr/.config/discord/0.0.104/modules/pending/discord_spellcheck-1.zip: 84%
8/5/2025, 7:56:59 PM GMT+3 [Modules] Streaming discord_spellcheck@1 to /home/dmtr/.config/discord/0.0.104/modules/pending/discord_spellcheck-1.zip: 88%
8/5/2025, 7:56:59 PM GMT+3 [Modules] Streaming discord_spellcheck@1 to /home/dmtr/.config/discord/0.0.104/modules/pending/discord_spellcheck-1.zip: 93%
8/5/2025, 7:56:59 PM GMT+3 [Modules] Streaming discord_spellcheck@1 to /home/dmtr/.config/discord/0.0.104/modules/pending/discord_spellcheck-1.zip: 98%
8/5/2025, 7:56:59 PM GMT+3 [Modules] Streaming discord_spellcheck@1 to /home/dmtr/.config/discord/0.0.104/modules/pending/discord_spellcheck-1.zip: 99%
8/5/2025, 7:56:59 PM GMT+3 [Modules] Streaming discord_spellcheck@1 to /home/dmtr/.config/discord/0.0.104/modules/pending/discord_spellcheck-1.zip: 100%
8/5/2025, 7:56:59 PM GMT+3 [Modules] Fetching discord_utils@1 from https://discord.com/api/modules/stable/discord_utils/1
8/5/2025, 7:56:59 PM GMT+3 [Modules] Streaming discord_utils@1 to /home/dmtr/.config/discord/0.0.104/modules/pending/discord_utils-1.zip
8/5/2025, 7:56:59 PM GMT+3 [Modules] Streaming discord_utils@1 to /home/dmtr/.config/discord/0.0.104/modules/pending/discord_utils-1.zip: 3%
8/5/2025, 7:56:59 PM GMT+3 [Modules] Streaming discord_utils@1 to /home/dmtr/.config/discord/0.0.104/modules/pending/discord_utils-1.zip: 5%
8/5/2025, 7:56:59 PM GMT+3 [Modules] Streaming discord_utils@1 to /home/dmtr/.config/discord/0.0.104/modules/pending/discord_utils-1.zip: 6%
8/5/2025, 7:56:59 PM GMT+3 [Modules] Streaming discord_utils@1 to /home/dmtr/.config/discord/0.0.104/modules/pending/discord_utils-1.zip: 9%
8/5/2025, 7:56:59 PM GMT+3 [Modules] Streaming discord_utils@1 to /home/dmtr/.config/discord/0.0.104/modules/pending/discord_utils-1.zip: 12%
8/5/2025, 7:56:59 PM GMT+3 [Modules] Streaming discord_utils@1 to /home/dmtr/.config/discord/0.0.104/modules/pending/discord_utils-1.zip: 27%
8/5/2025, 7:56:59 PM GMT+3 [Modules] Streaming discord_utils@1 to /home/dmtr/.config/discord/0.0.104/modules/pending/discord_utils-1.zip: 41%
8/5/2025, 7:56:59 PM GMT+3 [Modules] Streaming discord_utils@1 to /home/dmtr/.config/discord/0.0.104/modules/pending/discord_utils-1.zip: 42%
8/5/2025, 7:56:59 PM GMT+3 [Modules] Streaming discord_utils@1 to /home/dmtr/.config/discord/0.0.104/modules/pending/discord_utils-1.zip: 47%
8/5/2025, 7:56:59 PM GMT+3 [Modules] Streaming discord_utils@1 to /home/dmtr/.config/discord/0.0.104/modules/pending/discord_utils-1.zip: 48%
8/5/2025, 7:56:59 PM GMT+3 [Modules] Streaming discord_utils@1 to /home/dmtr/.config/discord/0.0.104/modules/pending/discord_utils-1.zip: 49%
8/5/2025, 7:56:59 PM GMT+3 [Modules] Streaming discord_utils@1 to /home/dmtr/.config/discord/0.0.104/modules/pending/discord_utils-1.zip: 52%
8/5/2025, 7:56:59 PM GMT+3 [Modules] Streaming discord_utils@1 to /home/dmtr/.config/discord/0.0.104/modules/pending/discord_utils-1.zip: 61%
8/5/2025, 7:56:59 PM GMT+3 [Modules] Streaming discord_utils@1 to /home/dmtr/.config/discord/0.0.104/modules/pending/discord_utils-1.zip: 67%
8/5/2025, 7:56:59 PM GMT+3 [Modules] Streaming discord_utils@1 to /home/dmtr/.config/discord/0.0.104/modules/pending/discord_utils-1.zip: 82%
8/5/2025, 7:56:59 PM GMT+3 [Modules] Streaming discord_utils@1 to /home/dmtr/.config/discord/0.0.104/modules/pending/discord_utils-1.zip: 94%
8/5/2025, 7:56:59 PM GMT+3 [Modules] Streaming discord_utils@1 to /home/dmtr/.config/discord/0.0.104/modules/pending/discord_utils-1.zip: 100%
8/5/2025, 7:56:59 PM GMT+3 [Modules] Fetching discord_voice@1 from https://discord.com/api/modules/stable/discord_voice/1
8/5/2025, 7:56:59 PM GMT+3 [Modules] Streaming discord_voice@1 to /home/dmtr/.config/discord/0.0.104/modules/pending/discord_voice-1.zip
8/5/2025, 7:56:59 PM GMT+3 [Modules] Streaming discord_voice@1 to /home/dmtr/.config/discord/0.0.104/modules/pending/discord_voice-1.zip: 1%
8/5/2025, 7:57:00 PM GMT+3 [Modules] Streaming discord_voice@1 to /home/dmtr/.config/discord/0.0.104/modules/pending/discord_voice-1.zip: 2%
8/5/2025, 7:57:00 PM GMT+3 [Modules] Streaming discord_voice@1 to /home/dmtr/.config/discord/0.0.104/modules/pending/discord_voice-1.zip: 3%
8/5/2025, 7:57:00 PM GMT+3 [Modules] Streaming discord_voice@1 to /home/dmtr/.config/discord/0.0.104/modules/pending/discord_voice-1.zip: 4%
8/5/2025, 7:57:00 PM GMT+3 [Modules] Streaming discord_voice@1 to /home/dmtr/.config/discord/0.0.104/modules/pending/discord_voice-1.zip: 6%
8/5/2025, 7:57:00 PM GMT+3 [Modules] Streaming discord_voice@1 to /home/dmtr/.config/discord/0.0.104/modules/pending/discord_voice-1.zip: 8%
8/5/2025, 7:57:00 PM GMT+3 [Modules] Streaming discord_voice@1 to /home/dmtr/.config/discord/0.0.104/modules/pending/discord_voice-1.zip: 9%
8/5/2025, 7:57:00 PM GMT+3 [Modules] Streaming discord_voice@1 to /home/dmtr/.config/discord/0.0.104/modules/pending/discord_voice-1.zip: 10%
8/5/2025, 7:57:00 PM GMT+3 [Modules] Streaming discord_voice@1 to /home/dmtr/.config/discord/0.0.104/modules/pending/discord_voice-1.zip: 11%
8/5/2025, 7:57:00 PM GMT+3 [Modules] Streaming discord_voice@1 to /home/dmtr/.config/discord/0.0.104/modules/pending/discord_voice-1.zip: 12%
8/5/2025, 7:57:00 PM GMT+3 [Modules] Streaming discord_voice@1 to /home/dmtr/.config/discord/0.0.104/modules/pending/discord_voice-1.zip: 15%
8/5/2025, 7:57:00 PM GMT+3 [Modules] Streaming discord_voice@1 to /home/dmtr/.config/discord/0.0.104/modules/pending/discord_voice-1.zip: 16%
8/5/2025, 7:57:00 PM GMT+3 [Modules] Streaming discord_voice@1 to /home/dmtr/.config/discord/0.0.104/modules/pending/discord_voice-1.zip: 18%
8/5/2025, 7:57:00 PM GMT+3 [Modules] Streaming discord_voice@1 to /home/dmtr/.config/discord/0.0.104/modules/pending/discord_voice-1.zip: 19%
8/5/2025, 7:57:00 PM GMT+3 [Modules] Streaming discord_voice@1 to /home/dmtr/.config/discord/0.0.104/modules/pending/discord_voice-1.zip: 21%
8/5/2025, 7:57:00 PM GMT+3 [Modules] Streaming discord_voice@1 to /home/dmtr/.config/discord/0.0.104/modules/pending/discord_voice-1.zip: 22%
8/5/2025, 7:57:00 PM GMT+3 [Modules] Streaming discord_voice@1 to /home/dmtr/.config/discord/0.0.104/modules/pending/discord_voice-1.zip: 23%
8/5/2025, 7:57:00 PM GMT+3 [Modules] Streaming discord_voice@1 to /home/dmtr/.config/discord/0.0.104/modules/pending/discord_voice-1.zip: 24%
8/5/2025, 7:57:00 PM GMT+3 [Modules] Streaming discord_voice@1 to /home/dmtr/.config/discord/0.0.104/modules/pending/discord_voice-1.zip: 25%
8/5/2025, 7:57:00 PM GMT+3 [Modules] Streaming discord_voice@1 to /home/dmtr/.config/discord/0.0.104/modules/pending/discord_voice-1.zip: 26%
8/5/2025, 7:57:00 PM GMT+3 [Modules] Streaming discord_voice@1 to /home/dmtr/.config/discord/0.0.104/modules/pending/discord_voice-1.zip: 27%
8/5/2025, 7:57:00 PM GMT+3 [Modules] Streaming discord_voice@1 to /home/dmtr/.config/discord/0.0.104/modules/pending/discord_voice-1.zip: 28%
8/5/2025, 7:57:00 PM GMT+3 [Modules] Streaming discord_voice@1 to /home/dmtr/.config/discord/0.0.104/modules/pending/discord_voice-1.zip: 30%
8/5/2025, 7:57:00 PM GMT+3 [Modules] Streaming discord_voice@1 to /home/dmtr/.config/discord/0.0.104/modules/pending/discord_voice-1.zip: 31%
8/5/2025, 7:57:00 PM GMT+3 [Modules] Streaming discord_voice@1 to /home/dmtr/.config/discord/0.0.104/modules/pending/discord_voice-1.zip: 32%
8/5/2025, 7:57:00 PM GMT+3 [Modules] Streaming discord_voice@1 to /home/dmtr/.config/discord/0.0.104/modules/pending/discord_voice-1.zip: 33%
8/5/2025, 7:57:00 PM GMT+3 [Modules] Streaming discord_voice@1 to /home/dmtr/.config/discord/0.0.104/modules/pending/discord_voice-1.zip: 36%
8/5/2025, 7:57:00 PM GMT+3 [Modules] Streaming discord_voice@1 to /home/dmtr/.config/discord/0.0.104/modules/pending/discord_voice-1.zip: 38%
8/5/2025, 7:57:00 PM GMT+3 [Modules] Streaming discord_voice@1 to /home/dmtr/.config/discord/0.0.104/modules/pending/discord_voice-1.zip: 40%
8/5/2025, 7:57:00 PM GMT+3 [Modules] Streaming discord_voice@1 to /home/dmtr/.config/discord/0.0.104/modules/pending/discord_voice-1.zip: 41%
8/5/2025, 7:57:00 PM GMT+3 [Modules] Streaming discord_voice@1 to /home/dmtr/.config/discord/0.0.104/modules/pending/discord_voice-1.zip: 45%
8/5/2025, 7:57:00 PM GMT+3 [Modules] Streaming discord_voice@1 to /home/dmtr/.config/discord/0.0.104/modules/pending/discord_voice-1.zip: 48%
8/5/2025, 7:57:00 PM GMT+3 [Modules] Streaming discord_voice@1 to /home/dmtr/.config/discord/0.0.104/modules/pending/discord_voice-1.zip: 49%
8/5/2025, 7:57:00 PM GMT+3 [Modules] Streaming discord_voice@1 to /home/dmtr/.config/discord/0.0.104/modules/pending/discord_voice-1.zip: 50%
8/5/2025, 7:57:00 PM GMT+3 [Modules] Streaming discord_voice@1 to /home/dmtr/.config/discord/0.0.104/modules/pending/discord_voice-1.zip: 51%
8/5/2025, 7:57:00 PM GMT+3 [Modules] Streaming discord_voice@1 to /home/dmtr/.config/discord/0.0.104/modules/pending/discord_voice-1.zip: 52%
8/5/2025, 7:57:00 PM GMT+3 [Modules] Streaming discord_voice@1 to /home/dmtr/.config/discord/0.0.104/modules/pending/discord_voice-1.zip: 53%
8/5/2025, 7:57:00 PM GMT+3 [Modules] Streaming discord_voice@1 to /home/dmtr/.config/discord/0.0.104/modules/pending/discord_voice-1.zip: 54%
8/5/2025, 7:57:00 PM GMT+3 [Modules] Streaming discord_voice@1 to /home/dmtr/.config/discord/0.0.104/modules/pending/discord_voice-1.zip: 55%
8/5/2025, 7:57:00 PM GMT+3 [Modules] Streaming discord_voice@1 to /home/dmtr/.config/discord/0.0.104/modules/pending/discord_voice-1.zip: 56%
8/5/2025, 7:57:00 PM GMT+3 [Modules] Streaming discord_voice@1 to /home/dmtr/.config/discord/0.0.104/modules/pending/discord_voice-1.zip: 57%
8/5/2025, 7:57:00 PM GMT+3 [Modules] Streaming discord_voice@1 to /home/dmtr/.config/discord/0.0.104/modules/pending/discord_voice-1.zip: 59%
8/5/2025, 7:57:00 PM GMT+3 [Modules] Streaming discord_voice@1 to /home/dmtr/.config/discord/0.0.104/modules/pending/discord_voice-1.zip: 60%
8/5/2025, 7:57:00 PM GMT+3 [Modules] Streaming discord_voice@1 to /home/dmtr/.config/discord/0.0.104/modules/pending/discord_voice-1.zip: 61%
8/5/2025, 7:57:00 PM GMT+3 [Modules] Streaming discord_voice@1 to /home/dmtr/.config/discord/0.0.104/modules/pending/discord_voice-1.zip: 62%
8/5/2025, 7:57:00 PM GMT+3 [Modules] Streaming discord_voice@1 to /home/dmtr/.config/discord/0.0.104/modules/pending/discord_voice-1.zip: 64%
8/5/2025, 7:57:00 PM GMT+3 [Modules] Streaming discord_voice@1 to /home/dmtr/.config/discord/0.0.104/modules/pending/discord_voice-1.zip: 65%
8/5/2025, 7:57:00 PM GMT+3 [Modules] Streaming discord_voice@1 to /home/dmtr/.config/discord/0.0.104/modules/pending/discord_voice-1.zip: 66%
8/5/2025, 7:57:00 PM GMT+3 [Modules] Streaming discord_voice@1 to /home/dmtr/.config/discord/0.0.104/modules/pending/discord_voice-1.zip: 67%
8/5/2025, 7:57:00 PM GMT+3 [Modules] Streaming discord_voice@1 to /home/dmtr/.config/discord/0.0.104/modules/pending/discord_voice-1.zip: 68%
8/5/2025, 7:57:00 PM GMT+3 [Modules] Streaming discord_voice@1 to /home/dmtr/.config/discord/0.0.104/modules/pending/discord_voice-1.zip: 69%
8/5/2025, 7:57:00 PM GMT+3 [Modules] Streaming discord_voice@1 to /home/dmtr/.config/discord/0.0.104/modules/pending/discord_voice-1.zip: 70%
8/5/2025, 7:57:00 PM GMT+3 [Modules] Streaming discord_voice@1 to /home/dmtr/.config/discord/0.0.104/modules/pending/discord_voice-1.zip: 71%
8/5/2025, 7:57:00 PM GMT+3 [Modules] Streaming discord_voice@1 to /home/dmtr/.config/discord/0.0.104/modules/pending/discord_voice-1.zip: 73%
8/5/2025, 7:57:00 PM GMT+3 [Modules] Streaming discord_voice@1 to /home/dmtr/.config/discord/0.0.104/modules/pending/discord_voice-1.zip: 74%
8/5/2025, 7:57:00 PM GMT+3 [Modules] Streaming discord_voice@1 to /home/dmtr/.config/discord/0.0.104/modules/pending/discord_voice-1.zip: 75%
8/5/2025, 7:57:00 PM GMT+3 [Modules] Streaming discord_voice@1 to /home/dmtr/.config/discord/0.0.104/modules/pending/discord_voice-1.zip: 76%
8/5/2025, 7:57:00 PM GMT+3 [Modules] Streaming discord_voice@1 to /home/dmtr/.config/discord/0.0.104/modules/pending/discord_voice-1.zip: 77%
8/5/2025, 7:57:00 PM GMT+3 [Modules] Streaming discord_voice@1 to /home/dmtr/.config/discord/0.0.104/modules/pending/discord_voice-1.zip: 78%
8/5/2025, 7:57:00 PM GMT+3 [Modules] Streaming discord_voice@1 to /home/dmtr/.config/discord/0.0.104/modules/pending/discord_voice-1.zip: 79%
8/5/2025, 7:57:00 PM GMT+3 [Modules] Streaming discord_voice@1 to /home/dmtr/.config/discord/0.0.104/modules/pending/discord_voice-1.zip: 80%
8/5/2025, 7:57:00 PM GMT+3 [Modules] Streaming discord_voice@1 to /home/dmtr/.config/discord/0.0.104/modules/pending/discord_voice-1.zip: 81%
8/5/2025, 7:57:00 PM GMT+3 [Modules] Streaming discord_voice@1 to /home/dmtr/.config/discord/0.0.104/modules/pending/discord_voice-1.zip: 82%
8/5/2025, 7:57:00 PM GMT+3 [Modules] Streaming discord_voice@1 to /home/dmtr/.config/discord/0.0.104/modules/pending/discord_voice-1.zip: 84%
8/5/2025, 7:57:00 PM GMT+3 [Modules] Streaming discord_voice@1 to /home/dmtr/.config/discord/0.0.104/modules/pending/discord_voice-1.zip: 85%
8/5/2025, 7:57:00 PM GMT+3 [Modules] Streaming discord_voice@1 to /home/dmtr/.config/discord/0.0.104/modules/pending/discord_voice-1.zip: 86%
8/5/2025, 7:57:00 PM GMT+3 [Modules] Streaming discord_voice@1 to /home/dmtr/.config/discord/0.0.104/modules/pending/discord_voice-1.zip: 87%
8/5/2025, 7:57:00 PM GMT+3 [Modules] Streaming discord_voice@1 to /home/dmtr/.config/discord/0.0.104/modules/pending/discord_voice-1.zip: 88%
8/5/2025, 7:57:00 PM GMT+3 [Modules] Streaming discord_voice@1 to /home/dmtr/.config/discord/0.0.104/modules/pending/discord_voice-1.zip: 89%
8/5/2025, 7:57:00 PM GMT+3 [Modules] Streaming discord_voice@1 to /home/dmtr/.config/discord/0.0.104/modules/pending/discord_voice-1.zip: 90%
8/5/2025, 7:57:00 PM GMT+3 [Modules] Streaming discord_voice@1 to /home/dmtr/.config/discord/0.0.104/modules/pending/discord_voice-1.zip: 91%
8/5/2025, 7:57:00 PM GMT+3 [Modules] Streaming discord_voice@1 to /home/dmtr/.config/discord/0.0.104/modules/pending/discord_voice-1.zip: 92%
8/5/2025, 7:57:00 PM GMT+3 [Modules] Streaming discord_voice@1 to /home/dmtr/.config/discord/0.0.104/modules/pending/discord_voice-1.zip: 93%
8/5/2025, 7:57:00 PM GMT+3 [Modules] Streaming discord_voice@1 to /home/dmtr/.config/discord/0.0.104/modules/pending/discord_voice-1.zip: 95%
8/5/2025, 7:57:00 PM GMT+3 [Modules] Streaming discord_voice@1 to /home/dmtr/.config/discord/0.0.104/modules/pending/discord_voice-1.zip: 96%
8/5/2025, 7:57:00 PM GMT+3 [Modules] Streaming discord_voice@1 to /home/dmtr/.config/discord/0.0.104/modules/pending/discord_voice-1.zip: 97%
8/5/2025, 7:57:00 PM GMT+3 [Modules] Streaming discord_voice@1 to /home/dmtr/.config/discord/0.0.104/modules/pending/discord_voice-1.zip: 98%
8/5/2025, 7:57:00 PM GMT+3 [Modules] Streaming discord_voice@1 to /home/dmtr/.config/discord/0.0.104/modules/pending/discord_voice-1.zip: 99%
8/5/2025, 7:57:00 PM GMT+3 [Modules] Streaming discord_voice@1 to /home/dmtr/.config/discord/0.0.104/modules/pending/discord_voice-1.zip: 100%
8/5/2025, 7:57:00 PM GMT+3 [Modules] Fetching discord_zstd@1 from https://discord.com/api/modules/stable/discord_zstd/1
8/5/2025, 7:57:00 PM GMT+3 [Modules] Streaming discord_zstd@1 to /home/dmtr/.config/discord/0.0.104/modules/pending/discord_zstd-1.zip
8/5/2025, 7:57:01 PM GMT+3 [Modules] Streaming discord_zstd@1 to /home/dmtr/.config/discord/0.0.104/modules/pending/discord_zstd-1.zip: 2%
8/5/2025, 7:57:01 PM GMT+3 [Modules] Streaming discord_zstd@1 to /home/dmtr/.config/discord/0.0.104/modules/pending/discord_zstd-1.zip: 36%
8/5/2025, 7:57:01 PM GMT+3 [Modules] Streaming discord_zstd@1 to /home/dmtr/.config/discord/0.0.104/modules/pending/discord_zstd-1.zip: 47%
8/5/2025, 7:57:01 PM GMT+3 [Modules] Streaming discord_zstd@1 to /home/dmtr/.config/discord/0.0.104/modules/pending/discord_zstd-1.zip: 80%
8/5/2025, 7:57:01 PM GMT+3 [Modules] Streaming discord_zstd@1 to /home/dmtr/.config/discord/0.0.104/modules/pending/discord_zstd-1.zip: 81%
8/5/2025, 7:57:01 PM GMT+3 [Modules] Streaming discord_zstd@1 to /home/dmtr/.config/discord/0.0.104/modules/pending/discord_zstd-1.zip: 100%
8/5/2025, 7:57:01 PM GMT+3 [Modules] Finished module downloads. [success: 6] [failure: 0]
8/5/2025, 7:57:01 PM GMT+3 [Modules] Installing updates...
8/5/2025, 7:57:01 PM GMT+3 [Modules] Installing discord_desktop_core@1 from /home/dmtr/.config/discord/0.0.104/modules/pending/discord_desktop_core-1.zip
8/5/2025, 7:57:01 PM GMT+3 [Modules] Installing discord_erlpack@1 from /home/dmtr/.config/discord/0.0.104/modules/pending/discord_erlpack-1.zip
8/5/2025, 7:57:01 PM GMT+3 [Modules] Installing discord_spellcheck@1 from /home/dmtr/.config/discord/0.0.104/modules/pending/discord_spellcheck-1.zip
8/5/2025, 7:57:02 PM GMT+3 [Modules] Installing discord_utils@1 from /home/dmtr/.config/discord/0.0.104/modules/pending/discord_utils-1.zip
8/5/2025, 7:57:03 PM GMT+3 [Modules] Installing discord_voice@1 from /home/dmtr/.config/discord/0.0.104/modules/pending/discord_voice-1.zip
8/5/2025, 7:57:04 PM GMT+3 [Modules] Installing discord_zstd@1 from /home/dmtr/.config/discord/0.0.104/modules/pending/discord_zstd-1.zip
8/5/2025, 7:57:04 PM GMT+3 [Modules] Finished module installations. [success: 6] [failure: 0]
8/5/2025, 7:57:04 PM GMT+3 [Modules] Checking for host updates.
8/5/2025, 7:57:04 PM GMT+3 [Modules] Host is up to date.
8/5/2025, 7:57:04 PM GMT+3 [Modules] Checking for module updates at https://discord.com/api/modules/stable/versions.json
8/5/2025, 7:57:04 PM GMT+3 [Modules] No module updates available.
8/5/2025, 7:57:07 PM GMT+3 [Modules] Starting to install discord_krisp...
8/5/2025, 7:57:07 PM GMT+3 [Modules] Fetching discord_krisp@1 from https://discord.com/api/modules/stable/discord_krisp/1
8/5/2025, 7:57:07 PM GMT+3 [Modules] Streaming discord_krisp@1 to /home/dmtr/.config/discord/0.0.104/modules/pending/discord_krisp-1.zip
8/5/2025, 7:57:07 PM GMT+3 [Modules] Starting to install discord_game_utils...
8/5/2025, 7:57:07 PM GMT+3 [Modules] Streaming discord_krisp@1 to /home/dmtr/.config/discord/0.0.104/modules/pending/discord_krisp-1.zip: 1%
8/5/2025, 7:57:07 PM GMT+3 [Modules] Streaming discord_krisp@1 to /home/dmtr/.config/discord/0.0.104/modules/pending/discord_krisp-1.zip: 2%
8/5/2025, 7:57:07 PM GMT+3 [Modules] Streaming discord_krisp@1 to /home/dmtr/.config/discord/0.0.104/modules/pending/discord_krisp-1.zip: 3%
8/5/2025, 7:57:07 PM GMT+3 [Modules] Streaming discord_krisp@1 to /home/dmtr/.config/discord/0.0.104/modules/pending/discord_krisp-1.zip: 4%
8/5/2025, 7:57:07 PM GMT+3 [Modules] Streaming discord_krisp@1 to /home/dmtr/.config/discord/0.0.104/modules/pending/discord_krisp-1.zip: 5%
8/5/2025, 7:57:07 PM GMT+3 [Modules] Streaming discord_krisp@1 to /home/dmtr/.config/discord/0.0.104/modules/pending/discord_krisp-1.zip: 7%
8/5/2025, 7:57:07 PM GMT+3 [Modules] Streaming discord_krisp@1 to /home/dmtr/.config/discord/0.0.104/modules/pending/discord_krisp-1.zip: 8%
8/5/2025, 7:57:07 PM GMT+3 [Modules] Streaming discord_krisp@1 to /home/dmtr/.config/discord/0.0.104/modules/pending/discord_krisp-1.zip: 9%
8/5/2025, 7:57:07 PM GMT+3 [Modules] Streaming discord_krisp@1 to /home/dmtr/.config/discord/0.0.104/modules/pending/discord_krisp-1.zip: 10%
8/5/2025, 7:57:07 PM GMT+3 [Modules] Streaming discord_krisp@1 to /home/dmtr/.config/discord/0.0.104/modules/pending/discord_krisp-1.zip: 11%
8/5/2025, 7:57:07 PM GMT+3 [Modules] Streaming discord_krisp@1 to /home/dmtr/.config/discord/0.0.104/modules/pending/discord_krisp-1.zip: 12%
8/5/2025, 7:57:07 PM GMT+3 [Modules] Streaming discord_krisp@1 to /home/dmtr/.config/discord/0.0.104/modules/pending/discord_krisp-1.zip: 13%
8/5/2025, 7:57:07 PM GMT+3 [Modules] Streaming discord_krisp@1 to /home/dmtr/.config/discord/0.0.104/modules/pending/discord_krisp-1.zip: 14%
8/5/2025, 7:57:07 PM GMT+3 [Modules] Streaming discord_krisp@1 to /home/dmtr/.config/discord/0.0.104/modules/pending/discord_krisp-1.zip: 15%
8/5/2025, 7:57:07 PM GMT+3 [Modules] Streaming discord_krisp@1 to /home/dmtr/.config/discord/0.0.104/modules/pending/discord_krisp-1.zip: 16%
8/5/2025, 7:57:07 PM GMT+3 [Modules] Streaming discord_krisp@1 to /home/dmtr/.config/discord/0.0.104/modules/pending/discord_krisp-1.zip: 17%
8/5/2025, 7:57:07 PM GMT+3 [Modules] Streaming discord_krisp@1 to /home/dmtr/.config/discord/0.0.104/modules/pending/discord_krisp-1.zip: 18%
8/5/2025, 7:57:07 PM GMT+3 [Modules] Streaming discord_krisp@1 to /home/dmtr/.config/discord/0.0.104/modules/pending/discord_krisp-1.zip: 19%
8/5/2025, 7:57:07 PM GMT+3 [Modules] Streaming discord_krisp@1 to /home/dmtr/.config/discord/0.0.104/modules/pending/discord_krisp-1.zip: 20%
8/5/2025, 7:57:07 PM GMT+3 [Modules] Streaming discord_krisp@1 to /home/dmtr/.config/discord/0.0.104/modules/pending/discord_krisp-1.zip: 21%
8/5/2025, 7:57:07 PM GMT+3 [Modules] Streaming discord_krisp@1 to /home/dmtr/.config/discord/0.0.104/modules/pending/discord_krisp-1.zip: 22%
8/5/2025, 7:57:07 PM GMT+3 [Modules] Streaming discord_krisp@1 to /home/dmtr/.config/discord/0.0.104/modules/pending/discord_krisp-1.zip: 23%
8/5/2025, 7:57:08 PM GMT+3 [Modules] Streaming discord_krisp@1 to /home/dmtr/.config/discord/0.0.104/modules/pending/discord_krisp-1.zip: 24%
8/5/2025, 7:57:08 PM GMT+3 [Modules] Streaming discord_krisp@1 to /home/dmtr/.config/discord/0.0.104/modules/pending/discord_krisp-1.zip: 25%
8/5/2025, 7:57:08 PM GMT+3 [Modules] Streaming discord_krisp@1 to /home/dmtr/.config/discord/0.0.104/modules/pending/discord_krisp-1.zip: 26%
8/5/2025, 7:57:08 PM GMT+3 [Modules] Streaming discord_krisp@1 to /home/dmtr/.config/discord/0.0.104/modules/pending/discord_krisp-1.zip: 27%
8/5/2025, 7:57:08 PM GMT+3 [Modules] Streaming discord_krisp@1 to /home/dmtr/.config/discord/0.0.104/modules/pending/discord_krisp-1.zip: 28%
8/5/2025, 7:57:08 PM GMT+3 [Modules] Streaming discord_krisp@1 to /home/dmtr/.config/discord/0.0.104/modules/pending/discord_krisp-1.zip: 29%
8/5/2025, 7:57:08 PM GMT+3 [Modules] Streaming discord_krisp@1 to /home/dmtr/.config/discord/0.0.104/modules/pending/discord_krisp-1.zip: 30%
8/5/2025, 7:57:08 PM GMT+3 [Modules] Streaming discord_krisp@1 to /home/dmtr/.config/discord/0.0.104/modules/pending/discord_krisp-1.zip: 31%
8/5/2025, 7:57:08 PM GMT+3 [Modules] Streaming discord_krisp@1 to /home/dmtr/.config/discord/0.0.104/modules/pending/discord_krisp-1.zip: 32%
8/5/2025, 7:57:08 PM GMT+3 [Modules] Streaming discord_krisp@1 to /home/dmtr/.config/discord/0.0.104/modules/pending/discord_krisp-1.zip: 33%
8/5/2025, 7:57:08 PM GMT+3 [Modules] Streaming discord_krisp@1 to /home/dmtr/.config/discord/0.0.104/modules/pending/discord_krisp-1.zip: 34%
8/5/2025, 7:57:08 PM GMT+3 [Modules] Streaming discord_krisp@1 to /home/dmtr/.config/discord/0.0.104/modules/pending/discord_krisp-1.zip: 35%
8/5/2025, 7:57:08 PM GMT+3 [Modules] Streaming discord_krisp@1 to /home/dmtr/.config/discord/0.0.104/modules/pending/discord_krisp-1.zip: 36%
8/5/2025, 7:57:08 PM GMT+3 [Modules] Streaming discord_krisp@1 to /home/dmtr/.config/discord/0.0.104/modules/pending/discord_krisp-1.zip: 37%
8/5/2025, 7:57:08 PM GMT+3 [Modules] Streaming discord_krisp@1 to /home/dmtr/.config/discord/0.0.104/modules/pending/discord_krisp-1.zip: 38%
8/5/2025, 7:57:08 PM GMT+3 [Modules] Streaming discord_krisp@1 to /home/dmtr/.config/discord/0.0.104/modules/pending/discord_krisp-1.zip: 39%
8/5/2025, 7:57:08 PM GMT+3 [Modules] Streaming discord_krisp@1 to /home/dmtr/.config/discord/0.0.104/modules/pending/discord_krisp-1.zip: 40%
8/5/2025, 7:57:08 PM GMT+3 [Modules] Streaming discord_krisp@1 to /home/dmtr/.config/discord/0.0.104/modules/pending/discord_krisp-1.zip: 41%
8/5/2025, 7:57:08 PM GMT+3 [Modules] Streaming discord_krisp@1 to /home/dmtr/.config/discord/0.0.104/modules/pending/discord_krisp-1.zip: 42%
8/5/2025, 7:57:08 PM GMT+3 [Modules] Streaming discord_krisp@1 to /home/dmtr/.config/discord/0.0.104/modules/pending/discord_krisp-1.zip: 43%
8/5/2025, 7:57:08 PM GMT+3 [Modules] Streaming discord_krisp@1 to /home/dmtr/.config/discord/0.0.104/modules/pending/discord_krisp-1.zip: 44%
8/5/2025, 7:57:08 PM GMT+3 [Modules] Starting to install discord_rpc...
8/5/2025, 7:57:08 PM GMT+3 [Modules] Streaming discord_krisp@1 to /home/dmtr/.config/discord/0.0.104/modules/pending/discord_krisp-1.zip: 45%
8/5/2025, 7:57:08 PM GMT+3 [Modules] Streaming discord_krisp@1 to /home/dmtr/.config/discord/0.0.104/modules/pending/discord_krisp-1.zip: 46%
8/5/2025, 7:57:08 PM GMT+3 [Modules] Streaming discord_krisp@1 to /home/dmtr/.config/discord/0.0.104/modules/pending/discord_krisp-1.zip: 47%
8/5/2025, 7:57:08 PM GMT+3 [Modules] Streaming discord_krisp@1 to /home/dmtr/.config/discord/0.0.104/modules/pending/discord_krisp-1.zip: 48%
8/5/2025, 7:57:08 PM GMT+3 [Modules] Streaming discord_krisp@1 to /home/dmtr/.config/discord/0.0.104/modules/pending/discord_krisp-1.zip: 49%
8/5/2025, 7:57:08 PM GMT+3 [Modules] Streaming discord_krisp@1 to /home/dmtr/.config/discord/0.0.104/modules/pending/discord_krisp-1.zip: 50%
8/5/2025, 7:57:08 PM GMT+3 [Modules] Streaming discord_krisp@1 to /home/dmtr/.config/discord/0.0.104/modules/pending/discord_krisp-1.zip: 51%
8/5/2025, 7:57:08 PM GMT+3 [Modules] Streaming discord_krisp@1 to /home/dmtr/.config/discord/0.0.104/modules/pending/discord_krisp-1.zip: 52%
8/5/2025, 7:57:09 PM GMT+3 [Modules] Streaming discord_krisp@1 to /home/dmtr/.config/discord/0.0.104/modules/pending/discord_krisp-1.zip: 53%
8/5/2025, 7:57:09 PM GMT+3 [Modules] Streaming discord_krisp@1 to /home/dmtr/.config/discord/0.0.104/modules/pending/discord_krisp-1.zip: 54%
8/5/2025, 7:57:09 PM GMT+3 [Modules] Streaming discord_krisp@1 to /home/dmtr/.config/discord/0.0.104/modules/pending/discord_krisp-1.zip: 55%
8/5/2025, 7:57:09 PM GMT+3 [Modules] Streaming discord_krisp@1 to /home/dmtr/.config/discord/0.0.104/modules/pending/discord_krisp-1.zip: 56%
8/5/2025, 7:57:09 PM GMT+3 [Modules] Streaming discord_krisp@1 to /home/dmtr/.config/discord/0.0.104/modules/pending/discord_krisp-1.zip: 57%
8/5/2025, 7:57:09 PM GMT+3 [Modules] Streaming discord_krisp@1 to /home/dmtr/.config/discord/0.0.104/modules/pending/discord_krisp-1.zip: 58%
8/5/2025, 7:57:09 PM GMT+3 [Modules] Streaming discord_krisp@1 to /home/dmtr/.config/discord/0.0.104/modules/pending/discord_krisp-1.zip: 59%
8/5/2025, 7:57:09 PM GMT+3 [Modules] Streaming discord_krisp@1 to /home/dmtr/.config/discord/0.0.104/modules/pending/discord_krisp-1.zip: 60%
8/5/2025, 7:57:09 PM GMT+3 [Modules] Streaming discord_krisp@1 to /home/dmtr/.config/discord/0.0.104/modules/pending/discord_krisp-1.zip: 61%
8/5/2025, 7:57:09 PM GMT+3 [Modules] Streaming discord_krisp@1 to /home/dmtr/.config/discord/0.0.104/modules/pending/discord_krisp-1.zip: 62%
8/5/2025, 7:57:09 PM GMT+3 [Modules] Streaming discord_krisp@1 to /home/dmtr/.config/discord/0.0.104/modules/pending/discord_krisp-1.zip: 63%
8/5/2025, 7:57:09 PM GMT+3 [Modules] Streaming discord_krisp@1 to /home/dmtr/.config/discord/0.0.104/modules/pending/discord_krisp-1.zip: 64%
8/5/2025, 7:57:09 PM GMT+3 [Modules] Streaming discord_krisp@1 to /home/dmtr/.config/discord/0.0.104/modules/pending/discord_krisp-1.zip: 65%
8/5/2025, 7:57:09 PM GMT+3 [Modules] Streaming discord_krisp@1 to /home/dmtr/.config/discord/0.0.104/modules/pending/discord_krisp-1.zip: 66%
8/5/2025, 7:57:09 PM GMT+3 [Modules] Streaming discord_krisp@1 to /home/dmtr/.config/discord/0.0.104/modules/pending/discord_krisp-1.zip: 67%
8/5/2025, 7:57:09 PM GMT+3 [Modules] Streaming discord_krisp@1 to /home/dmtr/.config/discord/0.0.104/modules/pending/discord_krisp-1.zip: 68%
8/5/2025, 7:57:09 PM GMT+3 [Modules] Streaming discord_krisp@1 to /home/dmtr/.config/discord/0.0.104/modules/pending/discord_krisp-1.zip: 69%
8/5/2025, 7:57:09 PM GMT+3 [Modules] Streaming discord_krisp@1 to /home/dmtr/.config/discord/0.0.104/modules/pending/discord_krisp-1.zip: 70%
8/5/2025, 7:57:09 PM GMT+3 [Modules] Streaming discord_krisp@1 to /home/dmtr/.config/discord/0.0.104/modules/pending/discord_krisp-1.zip: 71%
8/5/2025, 7:57:09 PM GMT+3 [Modules] Streaming discord_krisp@1 to /home/dmtr/.config/discord/0.0.104/modules/pending/discord_krisp-1.zip: 72%
8/5/2025, 7:57:09 PM GMT+3 [Modules] Streaming discord_krisp@1 to /home/dmtr/.config/discord/0.0.104/modules/pending/discord_krisp-1.zip: 73%
8/5/2025, 7:57:09 PM GMT+3 [Modules] Streaming discord_krisp@1 to /home/dmtr/.config/discord/0.0.104/modules/pending/discord_krisp-1.zip: 74%
8/5/2025, 7:57:09 PM GMT+3 [Modules] Streaming discord_krisp@1 to /home/dmtr/.config/discord/0.0.104/modules/pending/discord_krisp-1.zip: 75%
8/5/2025, 7:57:09 PM GMT+3 [Modules] Streaming discord_krisp@1 to /home/dmtr/.config/discord/0.0.104/modules/pending/discord_krisp-1.zip: 76%
8/5/2025, 7:57:09 PM GMT+3 [Modules] Streaming discord_krisp@1 to /home/dmtr/.config/discord/0.0.104/modules/pending/discord_krisp-1.zip: 77%
8/5/2025, 7:57:09 PM GMT+3 [Modules] Streaming discord_krisp@1 to /home/dmtr/.config/discord/0.0.104/modules/pending/discord_krisp-1.zip: 78%
8/5/2025, 7:57:09 PM GMT+3 [Modules] Streaming discord_krisp@1 to /home/dmtr/.config/discord/0.0.104/modules/pending/discord_krisp-1.zip: 79%
8/5/2025, 7:57:09 PM GMT+3 [Modules] Streaming discord_krisp@1 to /home/dmtr/.config/discord/0.0.104/modules/pending/discord_krisp-1.zip: 80%
8/5/2025, 7:57:09 PM GMT+3 [Modules] Streaming discord_krisp@1 to /home/dmtr/.config/discord/0.0.104/modules/pending/discord_krisp-1.zip: 81%
8/5/2025, 7:57:09 PM GMT+3 [Modules] Streaming discord_krisp@1 to /home/dmtr/.config/discord/0.0.104/modules/pending/discord_krisp-1.zip: 82%
8/5/2025, 7:57:09 PM GMT+3 [Modules] Streaming discord_krisp@1 to /home/dmtr/.config/discord/0.0.104/modules/pending/discord_krisp-1.zip: 83%
8/5/2025, 7:57:09 PM GMT+3 [Modules] Streaming discord_krisp@1 to /home/dmtr/.config/discord/0.0.104/modules/pending/discord_krisp-1.zip: 84%
8/5/2025, 7:57:09 PM GMT+3 [Modules] Streaming discord_krisp@1 to /home/dmtr/.config/discord/0.0.104/modules/pending/discord_krisp-1.zip: 85%
8/5/2025, 7:57:09 PM GMT+3 [Modules] Streaming discord_krisp@1 to /home/dmtr/.config/discord/0.0.104/modules/pending/discord_krisp-1.zip: 86%
8/5/2025, 7:57:09 PM GMT+3 [Modules] Streaming discord_krisp@1 to /home/dmtr/.config/discord/0.0.104/modules/pending/discord_krisp-1.zip: 87%
8/5/2025, 7:57:09 PM GMT+3 [Modules] Streaming discord_krisp@1 to /home/dmtr/.config/discord/0.0.104/modules/pending/discord_krisp-1.zip: 88%
8/5/2025, 7:57:09 PM GMT+3 [Modules] Streaming discord_krisp@1 to /home/dmtr/.config/discord/0.0.104/modules/pending/discord_krisp-1.zip: 89%
8/5/2025, 7:57:09 PM GMT+3 [Modules] Streaming discord_krisp@1 to /home/dmtr/.config/discord/0.0.104/modules/pending/discord_krisp-1.zip: 90%
8/5/2025, 7:57:09 PM GMT+3 [Modules] Streaming discord_krisp@1 to /home/dmtr/.config/discord/0.0.104/modules/pending/discord_krisp-1.zip: 91%
8/5/2025, 7:57:09 PM GMT+3 [Modules] Streaming discord_krisp@1 to /home/dmtr/.config/discord/0.0.104/modules/pending/discord_krisp-1.zip: 92%
8/5/2025, 7:57:09 PM GMT+3 [Modules] Streaming discord_krisp@1 to /home/dmtr/.config/discord/0.0.104/modules/pending/discord_krisp-1.zip: 93%
8/5/2025, 7:57:09 PM GMT+3 [Modules] Streaming discord_krisp@1 to /home/dmtr/.config/discord/0.0.104/modules/pending/discord_krisp-1.zip: 94%
8/5/2025, 7:57:09 PM GMT+3 [Modules] Streaming discord_krisp@1 to /home/dmtr/.config/discord/0.0.104/modules/pending/discord_krisp-1.zip: 95%
8/5/2025, 7:57:09 PM GMT+3 [Modules] Streaming discord_krisp@1 to /home/dmtr/.config/discord/0.0.104/modules/pending/discord_krisp-1.zip: 96%
8/5/2025, 7:57:09 PM GMT+3 [Modules] Streaming discord_krisp@1 to /home/dmtr/.config/discord/0.0.104/modules/pending/discord_krisp-1.zip: 97%
8/5/2025, 7:57:09 PM GMT+3 [Modules] Streaming discord_krisp@1 to /home/dmtr/.config/discord/0.0.104/modules/pending/discord_krisp-1.zip: 98%
8/5/2025, 7:57:09 PM GMT+3 [Modules] Streaming discord_krisp@1 to /home/dmtr/.config/discord/0.0.104/modules/pending/discord_krisp-1.zip: 99%
8/5/2025, 7:57:09 PM GMT+3 [Modules] Streaming discord_krisp@1 to /home/dmtr/.config/discord/0.0.104/modules/pending/discord_krisp-1.zip: 100%
8/5/2025, 7:57:09 PM GMT+3 [Modules] Fetching discord_game_utils@1 from https://discord.com/api/modules/stable/discord_game_utils/1
8/5/2025, 7:57:09 PM GMT+3 [Modules] Streaming discord_game_utils@1 to /home/dmtr/.config/discord/0.0.104/modules/pending/discord_game_utils-1.zip
8/5/2025, 7:57:09 PM GMT+3 [Modules] Installing discord_krisp@1 from /home/dmtr/.config/discord/0.0.104/modules/pending/discord_krisp-1.zip
8/5/2025, 7:57:10 PM GMT+3 [Modules] Streaming discord_game_utils@1 to /home/dmtr/.config/discord/0.0.104/modules/pending/discord_game_utils-1.zip: 1%
8/5/2025, 7:57:10 PM GMT+3 [Modules] Streaming discord_game_utils@1 to /home/dmtr/.config/discord/0.0.104/modules/pending/discord_game_utils-1.zip: 4%
8/5/2025, 7:57:10 PM GMT+3 [Modules] Streaming discord_game_utils@1 to /home/dmtr/.config/discord/0.0.104/modules/pending/discord_game_utils-1.zip: 7%
8/5/2025, 7:57:10 PM GMT+3 [Modules] Streaming discord_game_utils@1 to /home/dmtr/.config/discord/0.0.104/modules/pending/discord_game_utils-1.zip: 9%
8/5/2025, 7:57:10 PM GMT+3 [Modules] Streaming discord_game_utils@1 to /home/dmtr/.config/discord/0.0.104/modules/pending/discord_game_utils-1.zip: 16%
8/5/2025, 7:57:10 PM GMT+3 [Modules] Streaming discord_game_utils@1 to /home/dmtr/.config/discord/0.0.104/modules/pending/discord_game_utils-1.zip: 25%
8/5/2025, 7:57:10 PM GMT+3 [Modules] Streaming discord_game_utils@1 to /home/dmtr/.config/discord/0.0.104/modules/pending/discord_game_utils-1.zip: 27%
8/5/2025, 7:57:10 PM GMT+3 [Modules] Streaming discord_game_utils@1 to /home/dmtr/.config/discord/0.0.104/modules/pending/discord_game_utils-1.zip: 32%
8/5/2025, 7:57:10 PM GMT+3 [Modules] Streaming discord_game_utils@1 to /home/dmtr/.config/discord/0.0.104/modules/pending/discord_game_utils-1.zip: 35%
8/5/2025, 7:57:10 PM GMT+3 [Modules] Streaming discord_game_utils@1 to /home/dmtr/.config/discord/0.0.104/modules/pending/discord_game_utils-1.zip: 37%
8/5/2025, 7:57:10 PM GMT+3 [Modules] Streaming discord_game_utils@1 to /home/dmtr/.config/discord/0.0.104/modules/pending/discord_game_utils-1.zip: 43%
8/5/2025, 7:57:10 PM GMT+3 [Modules] Streaming discord_game_utils@1 to /home/dmtr/.config/discord/0.0.104/modules/pending/discord_game_utils-1.zip: 46%
8/5/2025, 7:57:10 PM GMT+3 [Modules] Streaming discord_game_utils@1 to /home/dmtr/.config/discord/0.0.104/modules/pending/discord_game_utils-1.zip: 50%
8/5/2025, 7:57:10 PM GMT+3 [Modules] Streaming discord_game_utils@1 to /home/dmtr/.config/discord/0.0.104/modules/pending/discord_game_utils-1.zip: 57%
8/5/2025, 7:57:10 PM GMT+3 [Modules] Streaming discord_game_utils@1 to /home/dmtr/.config/discord/0.0.104/modules/pending/discord_game_utils-1.zip: 64%
8/5/2025, 7:57:10 PM GMT+3 [Modules] Streaming discord_game_utils@1 to /home/dmtr/.config/discord/0.0.104/modules/pending/discord_game_utils-1.zip: 65%
8/5/2025, 7:57:10 PM GMT+3 [Modules] Streaming discord_game_utils@1 to /home/dmtr/.config/discord/0.0.104/modules/pending/discord_game_utils-1.zip: 70%
8/5/2025, 7:57:10 PM GMT+3 [Modules] Streaming discord_game_utils@1 to /home/dmtr/.config/discord/0.0.104/modules/pending/discord_game_utils-1.zip: 72%
8/5/2025, 7:57:10 PM GMT+3 [Modules] Streaming discord_game_utils@1 to /home/dmtr/.config/discord/0.0.104/modules/pending/discord_game_utils-1.zip: 73%
8/5/2025, 7:57:10 PM GMT+3 [Modules] Streaming discord_game_utils@1 to /home/dmtr/.config/discord/0.0.104/modules/pending/discord_game_utils-1.zip: 80%
8/5/2025, 7:57:10 PM GMT+3 [Modules] Streaming discord_game_utils@1 to /home/dmtr/.config/discord/0.0.104/modules/pending/discord_game_utils-1.zip: 85%
8/5/2025, 7:57:10 PM GMT+3 [Modules] Streaming discord_game_utils@1 to /home/dmtr/.config/discord/0.0.104/modules/pending/discord_game_utils-1.zip: 94%
8/5/2025, 7:57:10 PM GMT+3 [Modules] Streaming discord_game_utils@1 to /home/dmtr/.config/discord/0.0.104/modules/pending/discord_game_utils-1.zip: 97%
8/5/2025, 7:57:10 PM GMT+3 [Modules] Streaming discord_game_utils@1 to /home/dmtr/.config/discord/0.0.104/modules/pending/discord_game_utils-1.zip: 100%
8/5/2025, 7:57:10 PM GMT+3 [Modules] Fetching discord_rpc@1 from https://discord.com/api/modules/stable/discord_rpc/1
8/5/2025, 7:57:10 PM GMT+3 [Modules] Streaming discord_rpc@1 to /home/dmtr/.config/discord/0.0.104/modules/pending/discord_rpc-1.zip
8/5/2025, 7:57:10 PM GMT+3 [Modules] Streaming discord_rpc@1 to /home/dmtr/.config/discord/0.0.104/modules/pending/discord_rpc-1.zip: 100%
8/5/2025, 7:57:10 PM GMT+3 [Modules] Finished module downloads. [success: 3] [failure: 0]
8/5/2025, 7:57:11 PM GMT+3 [Modules] Installing discord_game_utils@1 from /home/dmtr/.config/discord/0.0.104/modules/pending/discord_game_utils-1.zip
8/5/2025, 7:57:11 PM GMT+3 [Modules] Installing discord_rpc@1 from /home/dmtr/.config/discord/0.0.104/modules/pending/discord_rpc-1.zip
8/5/2025, 7:57:11 PM GMT+3 [Modules] Finished module installations. [success: 3] [failure: 0]
8/5/2025, 7:57:15 PM GMT+3 [Modules] Checking for host updates.
8/5/2025, 7:57:15 PM GMT+3 [Modules] Host is up to date.
8/5/2025, 7:57:15 PM GMT+3 [Modules] Checking for module updates at https://discord.com/api/modules/stable/versions.json
8/5/2025, 7:57:15 PM GMT+3 [Modules] No module updates available.
8/5/2025, 8:57:15 PM GMT+3 [Modules] Checking for host updates.
8/5/2025, 8:57:15 PM GMT+3 [Modules] Host is up to date.
8/5/2025, 8:57:15 PM GMT+3 [Modules] Checking for module updates at https://discord.com/api/modules/stable/versions.json
8/5/2025, 8:57:15 PM GMT+3 [Modules] No module updates available.
8/6/2025, 3:48:13 PM GMT+3 [Modules] Checking for host updates.
8/6/2025, 3:48:14 PM GMT+3 [Modules] Host is up to date.
8/6/2025, 3:48:14 PM GMT+3 [Modules] Checking for module updates at https://discord.com/api/modules/stable/versions.json
8/6/2025, 3:48:14 PM GMT+3 [Modules] No module updates available.
8/6/2025, 4:00:20 PM GMT+3 [Modules] Checking for host updates.
8/6/2025, 4:00:25 PM GMT+3 [Modules] Host is up to date.
8/6/2025, 4:00:25 PM GMT+3 [Modules] Checking for module updates at https://discord.com/api/modules/stable/versions.json
8/6/2025, 4:00:25 PM GMT+3 [Modules] No module updates available.
8/6/2025, 7:49:45 PM GMT+3 [Modules] Checking for host updates.
8/6/2025, 7:49:45 PM GMT+3 [Modules] Host is up to date.
8/6/2025, 7:49:45 PM GMT+3 [Modules] Checking for module updates at https://discord.com/api/modules/stable/versions.json
8/6/2025, 7:49:46 PM GMT+3 [Modules] No module updates available.
8/6/2025, 7:51:41 PM GMT+3 [Modules] Modules initializing
8/6/2025, 7:51:41 PM GMT+3 [Modules] Distribution: remote
8/6/2025, 7:51:41 PM GMT+3 [Modules] Host updates: enabled
8/6/2025, 7:51:41 PM GMT+3 [Modules] Module updates: enabled
8/6/2025, 7:51:41 PM GMT+3 [Modules] Module install path: /home/dmtr/.config/discord/0.0.104/modules
8/6/2025, 7:51:41 PM GMT+3 [Modules] Module installed file path: /home/dmtr/.config/discord/0.0.104/modules/installed.json
8/6/2025, 7:51:41 PM GMT+3 [Modules] Module download path: /home/dmtr/.config/discord/0.0.104/modules/pending
8/6/2025, 7:51:41 PM GMT+3 [Modules] No updates to install
8/6/2025, 7:51:41 PM GMT+3 [Modules] Checking for host updates.
8/6/2025, 7:51:41 PM GMT+3 [Modules] Host is up to date.
8/6/2025, 7:51:41 PM GMT+3 [Modules] Checking for module updates at https://discord.com/api/modules/stable/versions.json
8/6/2025, 7:51:41 PM GMT+3 [Modules] No module updates available.
8/6/2025, 7:51:51 PM GMT+3 [Modules] Checking for host updates.
8/6/2025, 7:51:51 PM GMT+3 [Modules] Host is up to date.
8/6/2025, 7:51:51 PM GMT+3 [Modules] Checking for module updates at https://discord.com/api/modules/stable/versions.json
8/6/2025, 7:51:51 PM GMT+3 [Modules] No module updates available.
8/6/2025, 8:51:50 PM GMT+3 [Modules] Checking for host updates.
8/6/2025, 8:51:50 PM GMT+3 [Modules] Host is up to date.
8/6/2025, 8:51:50 PM GMT+3 [Modules] Checking for module updates at https://discord.com/api/modules/stable/versions.json
8/6/2025, 8:51:50 PM GMT+3 [Modules] No module updates available.
8/6/2025, 9:48:51 PM GMT+3 [Modules] Checking for host updates.
8/6/2025, 9:48:51 PM GMT+3 [Modules] Host is up to date.
8/6/2025, 9:48:51 PM GMT+3 [Modules] Checking for module updates at https://discord.com/api/modules/stable/versions.json
8/6/2025, 9:48:51 PM GMT+3 [Modules] No module updates available.
8/6/2025, 9:54:19 PM GMT+3 [Modules] Checking for host updates.
8/6/2025, 9:54:20 PM GMT+3 [Modules] Host is up to date.
8/6/2025, 9:54:20 PM GMT+3 [Modules] Checking for module updates at https://discord.com/api/modules/stable/versions.json
8/6/2025, 9:54:20 PM GMT+3 [Modules] No module updates available.
8/7/2025, 11:36:26 AM GMT+3 [Modules] Checking for host updates.
8/7/2025, 11:36:26 AM GMT+3 [Modules] Host is up to date.
8/7/2025, 11:36:26 AM GMT+3 [Modules] Checking for module updates at https://discord.com/api/modules/stable/versions.json
8/7/2025, 11:36:26 AM GMT+3 [Modules] No module updates available.
8/7/2025, 12:15:55 PM GMT+3 [Modules] Checking for host updates.
8/7/2025, 12:15:55 PM GMT+3 [Modules] Host is up to date.
8/7/2025, 12:15:55 PM GMT+3 [Modules] Checking for module updates at https://discord.com/api/modules/stable/versions.json
8/7/2025, 12:15:56 PM GMT+3 [Modules] No module updates available.
8/7/2025, 12:27:33 PM GMT+3 [Modules] Checking for host updates.
8/7/2025, 12:27:33 PM GMT+3 [Modules] Host is up to date.
8/7/2025, 12:27:33 PM GMT+3 [Modules] Checking for module updates at https://discord.com/api/modules/stable/versions.json
8/7/2025, 12:27:33 PM GMT+3 [Modules] No module updates available.
8/7/2025, 12:33:01 PM GMT+3 [Modules] Checking for host updates.
8/7/2025, 12:33:04 PM GMT+3 [Modules] Host is up to date.
8/7/2025, 12:33:04 PM GMT+3 [Modules] Checking for module updates at https://discord.com/api/modules/stable/versions.json
8/7/2025, 12:33:04 PM GMT+3 [Modules] No module updates available.
8/7/2025, 12:40:35 PM GMT+3 [Modules] Checking for host updates.
8/7/2025, 12:40:36 PM GMT+3 [Modules] Host is up to date.
8/7/2025, 12:40:36 PM GMT+3 [Modules] Checking for module updates at https://discord.com/api/modules/stable/versions.json
8/7/2025, 12:40:36 PM GMT+3 [Modules] No module updates available.
8/7/2025, 7:34:27 PM GMT+3 [Modules] Checking for host updates.
8/7/2025, 7:34:27 PM GMT+3 [Modules] Host is up to date.
8/7/2025, 7:34:27 PM GMT+3 [Modules] Checking for module updates at https://discord.com/api/modules/stable/versions.json
8/7/2025, 7:34:27 PM GMT+3 [Modules] No module updates available.
8/7/2025, 7:54:52 PM GMT+3 [Modules] Checking for host updates.
8/7/2025, 7:54:52 PM GMT+3 [Modules] Host is up to date.
8/7/2025, 7:54:52 PM GMT+3 [Modules] Checking for module updates at https://discord.com/api/modules/stable/versions.json
8/7/2025, 7:54:52 PM GMT+3 [Modules] No module updates available.
8/7/2025, 8:06:29 PM GMT+3 [Modules] Checking for host updates.
8/7/2025, 8:06:29 PM GMT+3 [Modules] Host is up to date.
8/7/2025, 8:06:29 PM GMT+3 [Modules] Checking for module updates at https://discord.com/api/modules/stable/versions.json
8/7/2025, 8:06:29 PM GMT+3 [Modules] No module updates available.
8/7/2025, 8:11:57 PM GMT+3 [Modules] Checking for host updates.
8/7/2025, 8:11:58 PM GMT+3 [Modules] Host is up to date.
8/7/2025, 8:11:58 PM GMT+3 [Modules] Checking for module updates at https://discord.com/api/modules/stable/versions.json
8/7/2025, 8:11:58 PM GMT+3 [Modules] No module updates available.
8/7/2025, 8:19:31 PM GMT+3 [Modules] Checking for host updates.
8/7/2025, 8:19:31 PM GMT+3 [Modules] Host is up to date.
8/7/2025, 8:19:31 PM GMT+3 [Modules] Checking for module updates at https://discord.com/api/modules/stable/versions.json
8/7/2025, 8:19:31 PM GMT+3 [Modules] No module updates available.
8/7/2025, 8:34:28 PM GMT+3 [Modules] Checking for host updates.
8/7/2025, 8:34:28 PM GMT+3 [Modules] Host is up to date.
8/7/2025, 8:34:28 PM GMT+3 [Modules] Checking for module updates at https://discord.com/api/modules/stable/versions.json
8/7/2025, 8:34:28 PM GMT+3 [Modules] No module updates available.
8/7/2025, 8:54:53 PM GMT+3 [Modules] Checking for host updates.
8/7/2025, 8:54:53 PM GMT+3 [Modules] Host is up to date.
8/7/2025, 8:54:53 PM GMT+3 [Modules] Checking for module updates at https://discord.com/api/modules/stable/versions.json
8/7/2025, 8:54:53 PM GMT+3 [Modules] No module updates available.
8/7/2025, 9:06:29 PM GMT+3 [Modules] Checking for host updates.
8/7/2025, 9:06:29 PM GMT+3 [Modules] Host is up to date.
8/7/2025, 9:06:29 PM GMT+3 [Modules] Checking for module updates at https://discord.com/api/modules/stable/versions.json
8/7/2025, 9:06:29 PM GMT+3 [Modules] No module updates available.
8/7/2025, 9:11:57 PM GMT+3 [Modules] Checking for host updates.
8/7/2025, 9:11:58 PM GMT+3 [Modules] Host is up to date.
8/7/2025, 9:11:58 PM GMT+3 [Modules] Checking for module updates at https://discord.com/api/modules/stable/versions.json
8/7/2025, 9:11:58 PM GMT+3 [Modules] No module updates available.
8/7/2025, 9:19:32 PM GMT+3 [Modules] Checking for host updates.
8/7/2025, 9:19:32 PM GMT+3 [Modules] Host is up to date.
8/7/2025, 9:19:32 PM GMT+3 [Modules] Checking for module updates at https://discord.com/api/modules/stable/versions.json
8/7/2025, 9:19:32 PM GMT+3 [Modules] No module updates available.
8/8/2025, 7:56:31 AM GMT+3 [Modules] Checking for host updates.
8/8/2025, 7:56:31 AM GMT+3 [Modules] Host is up to date.
8/8/2025, 7:56:31 AM GMT+3 [Modules] Checking for module updates at https://discord.com/api/modules/stable/versions.json
8/8/2025, 7:56:31 AM GMT+3 [Modules] No module updates available.
8/8/2025, 7:57:11 AM GMT+3 [Modules] Checking for host updates.
8/8/2025, 7:57:11 AM GMT+3 [Modules] Host is up to date.
8/8/2025, 7:57:11 AM GMT+3 [Modules] Checking for module updates at https://discord.com/api/modules/stable/versions.json
8/8/2025, 7:57:11 AM GMT+3 [Modules] No module updates available.
8/8/2025, 8:17:36 AM GMT+3 [Modules] Checking for host updates.
8/8/2025, 8:17:36 AM GMT+3 [Modules] Host is up to date.
8/8/2025, 8:17:36 AM GMT+3 [Modules] Checking for module updates at https://discord.com/api/modules/stable/versions.json
8/8/2025, 8:17:36 AM GMT+3 [Modules] No module updates available.
8/8/2025, 11:27:17 AM GMT+3 [Modules] Checking for host updates.
8/8/2025, 11:27:17 AM GMT+3 [Modules] Host is up to date.
8/8/2025, 11:27:17 AM GMT+3 [Modules] Checking for module updates at https://discord.com/api/modules/stable/versions.json
8/8/2025, 11:27:17 AM GMT+3 [Modules] No module updates available.
8/8/2025, 11:33:05 AM GMT+3 [Modules] Checking for host updates.
8/8/2025, 11:33:06 AM GMT+3 [Modules] Host is up to date.
8/8/2025, 11:33:06 AM GMT+3 [Modules] Checking for module updates at https://discord.com/api/modules/stable/versions.json
8/8/2025, 11:33:06 AM GMT+3 [Modules] No module updates available.
8/8/2025, 11:38:34 AM GMT+3 [Modules] Checking for host updates.
8/8/2025, 11:38:34 AM GMT+3 [Modules] Host is up to date.
8/8/2025, 11:38:34 AM GMT+3 [Modules] Checking for module updates at https://discord.com/api/modules/stable/versions.json
8/8/2025, 11:38:34 AM GMT+3 [Modules] No module updates available.
8/8/2025, 11:46:07 AM GMT+3 [Modules] Checking for host updates.
8/8/2025, 11:46:07 AM GMT+3 [Modules] Host is up to date.
8/8/2025, 11:46:07 AM GMT+3 [Modules] Checking for module updates at https://discord.com/api/modules/stable/versions.json
8/8/2025, 11:46:07 AM GMT+3 [Modules] No module updates available.
8/8/2025, 7:44:46 PM GMT+3 [Modules] Checking for host updates.
8/8/2025, 7:44:46 PM GMT+3 [Modules] Host is up to date.
8/8/2025, 7:44:46 PM GMT+3 [Modules] Checking for module updates at https://discord.com/api/modules/stable/versions.json
8/8/2025, 7:44:46 PM GMT+3 [Modules] No module updates available.
8/8/2025, 7:52:10 PM GMT+3 [Modules] Checking for host updates.
8/8/2025, 7:52:10 PM GMT+3 [Modules] Host is up to date.
8/8/2025, 7:52:10 PM GMT+3 [Modules] Checking for module updates at https://discord.com/api/modules/stable/versions.json
8/8/2025, 7:52:10 PM GMT+3 [Modules] No module updates available.
8/8/2025, 7:52:49 PM GMT+3 [Modules] Checking for host updates.
8/8/2025, 7:52:49 PM GMT+3 [Modules] Host is up to date.
8/8/2025, 7:52:49 PM GMT+3 [Modules] Checking for module updates at https://discord.com/api/modules/stable/versions.json
8/8/2025, 7:52:49 PM GMT+3 [Modules] No module updates available.
8/8/2025, 8:13:14 PM GMT+3 [Modules] Checking for host updates.
8/8/2025, 8:13:14 PM GMT+3 [Modules] Host is up to date.
8/8/2025, 8:13:14 PM GMT+3 [Modules] Checking for module updates at https://discord.com/api/modules/stable/versions.json
8/8/2025, 8:13:14 PM GMT+3 [Modules] No module updates available.
8/8/2025, 8:19:03 PM GMT+3 [Modules] Checking for host updates.
8/8/2025, 8:19:04 PM GMT+3 [Modules] Host is up to date.
8/8/2025, 8:19:04 PM GMT+3 [Modules] Checking for module updates at https://discord.com/api/modules/stable/versions.json
8/8/2025, 8:19:04 PM GMT+3 [Modules] No module updates available.
8/8/2025, 8:24:52 PM GMT+3 [Modules] Checking for host updates.
8/8/2025, 8:24:52 PM GMT+3 [Modules] Host is up to date.
8/8/2025, 8:24:52 PM GMT+3 [Modules] Checking for module updates at https://discord.com/api/modules/stable/versions.json
8/8/2025, 8:24:52 PM GMT+3 [Modules] No module updates available.
8/8/2025, 8:30:20 PM GMT+3 [Modules] Checking for host updates.
8/8/2025, 8:30:20 PM GMT+3 [Modules] Host is up to date.
8/8/2025, 8:30:20 PM GMT+3 [Modules] Checking for module updates at https://discord.com/api/modules/stable/versions.json
8/8/2025, 8:30:20 PM GMT+3 [Modules] No module updates available.
8/8/2025, 8:37:53 PM GMT+3 [Modules] Checking for host updates.
8/8/2025, 8:37:54 PM GMT+3 [Modules] Host is up to date.
8/8/2025, 8:37:54 PM GMT+3 [Modules] Checking for module updates at https://discord.com/api/modules/stable/versions.json
8/8/2025, 8:37:54 PM GMT+3 [Modules] No module updates available.
8/8/2025, 8:44:47 PM GMT+3 [Modules] Checking for host updates.
8/8/2025, 8:44:47 PM GMT+3 [Modules] Host is up to date.
8/8/2025, 8:44:47 PM GMT+3 [Modules] Checking for module updates at https://discord.com/api/modules/stable/versions.json
8/8/2025, 8:44:47 PM GMT+3 [Modules] No module updates available.
8/8/2025, 8:52:11 PM GMT+3 [Modules] Checking for host updates.
8/8/2025, 8:52:12 PM GMT+3 [Modules] Host is up to date.
8/8/2025, 8:52:12 PM GMT+3 [Modules] Checking for module updates at https://discord.com/api/modules/stable/versions.json
8/8/2025, 8:52:12 PM GMT+3 [Modules] No module updates available.
8/8/2025, 8:52:50 PM GMT+3 [Modules] Checking for host updates.
8/8/2025, 8:52:51 PM GMT+3 [Modules] Host is up to date.
8/8/2025, 8:52:51 PM GMT+3 [Modules] Checking for module updates at https://discord.com/api/modules/stable/versions.json
8/8/2025, 8:52:51 PM GMT+3 [Modules] No module updates available.
8/8/2025, 9:13:15 PM GMT+3 [Modules] Checking for host updates.
8/8/2025, 9:13:16 PM GMT+3 [Modules] Host is up to date.
8/8/2025, 9:13:16 PM GMT+3 [Modules] Checking for module updates at https://discord.com/api/modules/stable/versions.json
8/8/2025, 9:13:16 PM GMT+3 [Modules] No module updates available.
8/8/2025, 9:19:03 PM GMT+3 [Modules] Checking for host updates.
8/8/2025, 9:19:04 PM GMT+3 [Modules] Host is up to date.
8/8/2025, 9:19:04 PM GMT+3 [Modules] Checking for module updates at https://discord.com/api/modules/stable/versions.json
8/8/2025, 9:19:04 PM GMT+3 [Modules] No module updates available.
8/8/2025, 9:24:52 PM GMT+3 [Modules] Checking for host updates.
8/8/2025, 9:24:52 PM GMT+3 [Modules] Host is up to date.
8/8/2025, 9:24:52 PM GMT+3 [Modules] Checking for module updates at https://discord.com/api/modules/stable/versions.json
8/8/2025, 9:24:52 PM GMT+3 [Modules] No module updates available.
8/8/2025, 9:30:20 PM GMT+3 [Modules] Checking for host updates.
8/8/2025, 9:30:21 PM GMT+3 [Modules] Host is up to date.
8/8/2025, 9:30:21 PM GMT+3 [Modules] Checking for module updates at https://discord.com/api/modules/stable/versions.json
8/8/2025, 9:30:21 PM GMT+3 [Modules] No module updates available.
8/8/2025, 9:37:53 PM GMT+3 [Modules] Checking for host updates.
8/8/2025, 9:37:54 PM GMT+3 [Modules] Host is up to date.
8/8/2025, 9:37:54 PM GMT+3 [Modules] Checking for module updates at https://discord.com/api/modules/stable/versions.json
8/8/2025, 9:37:54 PM GMT+3 [Modules] No module updates available.
8/8/2025, 9:44:47 PM GMT+3 [Modules] Checking for host updates.
8/8/2025, 9:44:47 PM GMT+3 [Modules] Host is up to date.
8/8/2025, 9:44:47 PM GMT+3 [Modules] Checking for module updates at https://discord.com/api/modules/stable/versions.json
8/8/2025, 9:44:47 PM GMT+3 [Modules] No module updates available.
8/8/2025, 9:52:12 PM GMT+3 [Modules] Checking for host updates.
8/8/2025, 9:52:13 PM GMT+3 [Modules] Host is up to date.
8/8/2025, 9:52:13 PM GMT+3 [Modules] Checking for module updates at https://discord.com/api/modules/stable/versions.json
8/8/2025, 9:52:13 PM GMT+3 [Modules] No module updates available.
8/8/2025, 9:52:51 PM GMT+3 [Modules] Checking for host updates.
8/8/2025, 9:52:52 PM GMT+3 [Modules] Host is up to date.
8/8/2025, 9:52:52 PM GMT+3 [Modules] Checking for module updates at https://discord.com/api/modules/stable/versions.json
8/8/2025, 9:52:52 PM GMT+3 [Modules] No module updates available.
8/9/2025, 1:35:07 PM GMT+3 [Modules] Checking for host updates.
8/9/2025, 1:35:07 PM GMT+3 [Modules] Host is up to date.
8/9/2025, 1:35:07 PM GMT+3 [Modules] Checking for module updates at https://discord.com/api/modules/stable/versions.json
8/9/2025, 1:35:07 PM GMT+3 [Modules] No module updates available.
8/9/2025, 1:49:37 PM GMT+3 [Modules] Checking for host updates.
8/9/2025, 1:49:37 PM GMT+3 [Modules] Host is up to date.
8/9/2025, 1:49:37 PM GMT+3 [Modules] Checking for module updates at https://discord.com/api/modules/stable/versions.json
8/9/2025, 1:49:37 PM GMT+3 [Modules] No module updates available.
8/9/2025, 1:55:25 PM GMT+3 [Modules] Checking for host updates.
8/9/2025, 1:55:25 PM GMT+3 [Modules] Host is up to date.
8/9/2025, 1:55:25 PM GMT+3 [Modules] Checking for module updates at https://discord.com/api/modules/stable/versions.json
8/9/2025, 1:55:25 PM GMT+3 [Modules] No module updates available.
8/9/2025, 2:01:13 PM GMT+3 [Modules] Checking for host updates.
8/9/2025, 2:01:13 PM GMT+3 [Modules] Host is up to date.
8/9/2025, 2:01:13 PM GMT+3 [Modules] Checking for module updates at https://discord.com/api/modules/stable/versions.json
8/9/2025, 2:01:13 PM GMT+3 [Modules] No module updates available.
8/9/2025, 2:06:41 PM GMT+3 [Modules] Checking for host updates.
8/9/2025, 2:06:41 PM GMT+3 [Modules] Host is up to date.
8/9/2025, 2:06:41 PM GMT+3 [Modules] Checking for module updates at https://discord.com/api/modules/stable/versions.json
8/9/2025, 2:06:41 PM GMT+3 [Modules] No module updates available.
8/9/2025, 2:14:15 PM GMT+3 [Modules] Checking for host updates.
8/9/2025, 2:14:16 PM GMT+3 [Modules] Host is up to date.
8/9/2025, 2:14:16 PM GMT+3 [Modules] Checking for module updates at https://discord.com/api/modules/stable/versions.json
8/9/2025, 2:14:16 PM GMT+3 [Modules] No module updates available.
8/9/2025, 2:21:08 PM GMT+3 [Modules] Checking for host updates.
8/9/2025, 2:21:09 PM GMT+3 [Modules] Host is up to date.
8/9/2025, 2:21:09 PM GMT+3 [Modules] Checking for module updates at https://discord.com/api/modules/stable/versions.json
8/9/2025, 2:21:09 PM GMT+3 [Modules] No module updates available.
8/9/2025, 2:28:33 PM GMT+3 [Modules] Checking for host updates.
8/9/2025, 2:28:34 PM GMT+3 [Modules] Host is up to date.
8/9/2025, 2:28:34 PM GMT+3 [Modules] Checking for module updates at https://discord.com/api/modules/stable/versions.json
8/9/2025, 2:28:34 PM GMT+3 [Modules] No module updates available.
8/9/2025, 2:29:12 PM GMT+3 [Modules] Checking for host updates.
8/9/2025, 2:29:13 PM GMT+3 [Modules] Host is up to date.
8/9/2025, 2:29:13 PM GMT+3 [Modules] Checking for module updates at https://discord.com/api/modules/stable/versions.json
8/9/2025, 2:29:13 PM GMT+3 [Modules] No module updates available.
8/9/2025, 2:35:08 PM GMT+3 [Modules] Checking for host updates.
8/9/2025, 2:35:09 PM GMT+3 [Modules] Host is up to date.
8/9/2025, 2:35:09 PM GMT+3 [Modules] Checking for module updates at https://discord.com/api/modules/stable/versions.json
8/9/2025, 2:35:09 PM GMT+3 [Modules] No module updates available.
8/9/2025, 2:49:37 PM GMT+3 [Modules] Checking for host updates.
8/9/2025, 2:49:38 PM GMT+3 [Modules] Host is up to date.
8/9/2025, 2:49:38 PM GMT+3 [Modules] Checking for module updates at https://discord.com/api/modules/stable/versions.json
8/9/2025, 2:49:38 PM GMT+3 [Modules] No module updates available.
8/9/2025, 2:55:25 PM GMT+3 [Modules] Checking for host updates.
8/9/2025, 2:55:26 PM GMT+3 [Modules] Host is up to date.
8/9/2025, 2:55:26 PM GMT+3 [Modules] Checking for module updates at https://discord.com/api/modules/stable/versions.json
8/9/2025, 2:55:26 PM GMT+3 [Modules] No module updates available.
8/9/2025, 3:01:13 PM GMT+3 [Modules] Checking for host updates.
8/9/2025, 3:01:14 PM GMT+3 [Modules] Host is up to date.
8/9/2025, 3:01:14 PM GMT+3 [Modules] Checking for module updates at https://discord.com/api/modules/stable/versions.json
8/9/2025, 3:01:14 PM GMT+3 [Modules] No module updates available.
8/9/2025, 3:06:04 PM GMT+3 [Modules] Checking for host updates.
8/9/2025, 3:06:04 PM GMT+3 [Modules] Host is up to date.
8/9/2025, 3:06:04 PM GMT+3 [Modules] Checking for module updates at https://discord.com/api/modules/stable/versions.json
8/9/2025, 3:06:04 PM GMT+3 [Modules] No module updates available.
8/9/2025, 3:10:45 PM GMT+3 [Modules] Checking for host updates.
8/9/2025, 3:10:45 PM GMT+3 [Modules] Host is up to date.
8/9/2025, 3:10:45 PM GMT+3 [Modules] Checking for module updates at https://discord.com/api/modules/stable/versions.json
8/9/2025, 3:10:45 PM GMT+3 [Modules] No module updates available.
8/9/2025, 3:18:18 PM GMT+3 [Modules] Checking for host updates.
8/9/2025, 3:18:18 PM GMT+3 [Modules] Host is up to date.
8/9/2025, 3:18:18 PM GMT+3 [Modules] Checking for module updates at https://discord.com/api/modules/stable/versions.json
8/9/2025, 3:18:18 PM GMT+3 [Modules] No module updates available.
8/9/2025, 3:25:12 PM GMT+3 [Modules] Checking for host updates.
8/9/2025, 3:25:12 PM GMT+3 [Modules] Host is up to date.
8/9/2025, 3:25:12 PM GMT+3 [Modules] Checking for module updates at https://discord.com/api/modules/stable/versions.json
8/9/2025, 3:25:12 PM GMT+3 [Modules] No module updates available.
8/9/2025, 3:32:36 PM GMT+3 [Modules] Checking for host updates.
8/9/2025, 3:32:38 PM GMT+3 [Modules] Host is up to date.
8/9/2025, 3:32:38 PM GMT+3 [Modules] Checking for module updates at https://discord.com/api/modules/stable/versions.json
8/9/2025, 3:32:38 PM GMT+3 [Modules] No module updates available.
8/9/2025, 3:33:15 PM GMT+3 [Modules] Checking for host updates.
8/9/2025, 3:33:15 PM GMT+3 [Modules] Host is up to date.
8/9/2025, 3:33:15 PM GMT+3 [Modules] Checking for module updates at https://discord.com/api/modules/stable/versions.json
8/9/2025, 3:33:15 PM GMT+3 [Modules] No module updates available.
8/9/2025, 3:39:11 PM GMT+3 [Modules] Checking for host updates.
8/9/2025, 3:39:11 PM GMT+3 [Modules] Host is up to date.
8/9/2025, 3:39:11 PM GMT+3 [Modules] Checking for module updates at https://discord.com/api/modules/stable/versions.json
8/9/2025, 3:39:11 PM GMT+3 [Modules] No module updates available.
8/9/2025, 3:53:41 PM GMT+3 [Modules] Checking for host updates.
8/9/2025, 3:53:41 PM GMT+3 [Modules] Host is up to date.
8/9/2025, 3:53:41 PM GMT+3 [Modules] Checking for module updates at https://discord.com/api/modules/stable/versions.json
8/9/2025, 3:53:41 PM GMT+3 [Modules] No module updates available.
8/9/2025, 3:59:29 PM GMT+3 [Modules] Checking for host updates.
8/9/2025, 3:59:29 PM GMT+3 [Modules] Host is up to date.
8/9/2025, 3:59:29 PM GMT+3 [Modules] Checking for module updates at https://discord.com/api/modules/stable/versions.json
8/9/2025, 3:59:29 PM GMT+3 [Modules] No module updates available.
8/9/2025, 4:05:17 PM GMT+3 [Modules] Checking for host updates.
8/9/2025, 4:05:18 PM GMT+3 [Modules] Host is up to date.
8/9/2025, 4:05:18 PM GMT+3 [Modules] Checking for module updates at https://discord.com/api/modules/stable/versions.json
8/9/2025, 4:05:18 PM GMT+3 [Modules] No module updates available.
8/9/2025, 4:06:05 PM GMT+3 [Modules] Checking for host updates.
8/9/2025, 4:06:05 PM GMT+3 [Modules] Host is up to date.
8/9/2025, 4:06:05 PM GMT+3 [Modules] Checking for module updates at https://discord.com/api/modules/stable/versions.json
8/9/2025, 4:06:05 PM GMT+3 [Modules] No module updates available.
8/9/2025, 4:10:45 PM GMT+3 [Modules] Checking for host updates.
8/9/2025, 4:10:46 PM GMT+3 [Modules] Host is up to date.
8/9/2025, 4:10:46 PM GMT+3 [Modules] Checking for module updates at https://discord.com/api/modules/stable/versions.json
8/9/2025, 4:10:46 PM GMT+3 [Modules] No module updates available.
8/9/2025, 4:18:20 PM GMT+3 [Modules] Checking for host updates.
8/9/2025, 4:18:20 PM GMT+3 [Modules] Host is up to date.
8/9/2025, 4:18:20 PM GMT+3 [Modules] Checking for module updates at https://discord.com/api/modules/stable/versions.json
8/9/2025, 4:18:20 PM GMT+3 [Modules] No module updates available.
8/9/2025, 4:25:13 PM GMT+3 [Modules] Checking for host updates.
8/9/2025, 4:25:13 PM GMT+3 [Modules] Host is up to date.
8/9/2025, 4:25:13 PM GMT+3 [Modules] Checking for module updates at https://discord.com/api/modules/stable/versions.json
8/9/2025, 4:25:13 PM GMT+3 [Modules] No module updates available.
8/9/2025, 4:32:38 PM GMT+3 [Modules] Checking for host updates.
8/9/2025, 4:32:38 PM GMT+3 [Modules] Host is up to date.
8/9/2025, 4:32:38 PM GMT+3 [Modules] Checking for module updates at https://discord.com/api/modules/stable/versions.json
8/9/2025, 4:32:38 PM GMT+3 [Modules] No module updates available.
8/9/2025, 4:33:17 PM GMT+3 [Modules] Checking for host updates.
8/9/2025, 4:33:17 PM GMT+3 [Modules] Host is up to date.
8/9/2025, 4:33:17 PM GMT+3 [Modules] Checking for module updates at https://discord.com/api/modules/stable/versions.json
8/9/2025, 4:33:17 PM GMT+3 [Modules] No module updates available.
8/9/2025, 4:39:13 PM GMT+3 [Modules] Checking for host updates.
8/9/2025, 4:39:13 PM GMT+3 [Modules] Host is up to date.
8/9/2025, 4:39:13 PM GMT+3 [Modules] Checking for module updates at https://discord.com/api/modules/stable/versions.json
8/9/2025, 4:39:13 PM GMT+3 [Modules] No module updates available.
8/9/2025, 4:53:42 PM GMT+3 [Modules] Checking for host updates.
8/9/2025, 4:53:42 PM GMT+3 [Modules] Host is up to date.
8/9/2025, 4:53:42 PM GMT+3 [Modules] Checking for module updates at https://discord.com/api/modules/stable/versions.json
8/9/2025, 4:53:42 PM GMT+3 [Modules] No module updates available.
8/9/2025, 4:59:30 PM GMT+3 [Modules] Checking for host updates.
8/9/2025, 4:59:30 PM GMT+3 [Modules] Host is up to date.
8/9/2025, 4:59:30 PM GMT+3 [Modules] Checking for module updates at https://discord.com/api/modules/stable/versions.json
8/9/2025, 4:59:30 PM GMT+3 [Modules] No module updates available.
8/9/2025, 5:05:18 PM GMT+3 [Modules] Checking for host updates.
8/9/2025, 5:05:18 PM GMT+3 [Modules] Host is up to date.
8/9/2025, 5:05:18 PM GMT+3 [Modules] Checking for module updates at https://discord.com/api/modules/stable/versions.json
8/9/2025, 5:05:18 PM GMT+3 [Modules] No module updates available.
8/9/2025, 5:06:05 PM GMT+3 [Modules] Checking for host updates.
8/9/2025, 5:06:05 PM GMT+3 [Modules] Host is up to date.
8/9/2025, 5:06:05 PM GMT+3 [Modules] Checking for module updates at https://discord.com/api/modules/stable/versions.json
8/9/2025, 5:06:05 PM GMT+3 [Modules] No module updates available.
8/9/2025, 5:10:46 PM GMT+3 [Modules] Checking for host updates.
8/9/2025, 5:10:46 PM GMT+3 [Modules] Host is up to date.
8/9/2025, 5:10:46 PM GMT+3 [Modules] Checking for module updates at https://discord.com/api/modules/stable/versions.json
8/9/2025, 5:10:46 PM GMT+3 [Modules] No module updates available.
8/9/2025, 5:18:20 PM GMT+3 [Modules] Checking for host updates.
8/9/2025, 5:18:20 PM GMT+3 [Modules] Host is up to date.
8/9/2025, 5:18:20 PM GMT+3 [Modules] Checking for module updates at https://discord.com/api/modules/stable/versions.json
8/9/2025, 5:18:20 PM GMT+3 [Modules] No module updates available.
8/9/2025, 5:25:13 PM GMT+3 [Modules] Checking for host updates.
8/9/2025, 5:25:13 PM GMT+3 [Modules] Host is up to date.
8/9/2025, 5:25:13 PM GMT+3 [Modules] Checking for module updates at https://discord.com/api/modules/stable/versions.json
8/9/2025, 5:25:13 PM GMT+3 [Modules] No module updates available.
8/9/2025, 5:32:38 PM GMT+3 [Modules] Checking for host updates.
8/9/2025, 5:32:38 PM GMT+3 [Modules] Host is up to date.
8/9/2025, 5:32:38 PM GMT+3 [Modules] Checking for module updates at https://discord.com/api/modules/stable/versions.json
8/9/2025, 5:32:38 PM GMT+3 [Modules] No module updates available.
8/9/2025, 5:33:17 PM GMT+3 [Modules] Checking for host updates.
8/9/2025, 5:33:17 PM GMT+3 [Modules] Host is up to date.
8/9/2025, 5:33:17 PM GMT+3 [Modules] Checking for module updates at https://discord.com/api/modules/stable/versions.json
8/9/2025, 5:33:17 PM GMT+3 [Modules] No module updates available.
8/9/2025, 5:39:13 PM GMT+3 [Modules] Checking for host updates.
8/9/2025, 5:39:13 PM GMT+3 [Modules] Host is up to date.
8/9/2025, 5:39:13 PM GMT+3 [Modules] Checking for module updates at https://discord.com/api/modules/stable/versions.json
8/9/2025, 5:39:13 PM GMT+3 [Modules] No module updates available.
8/9/2025, 5:53:41 PM GMT+3 [Modules] Checking for host updates.
8/9/2025, 5:53:41 PM GMT+3 [Modules] Host is up to date.
8/9/2025, 5:53:41 PM GMT+3 [Modules] Checking for module updates at https://discord.com/api/modules/stable/versions.json
8/9/2025, 5:53:41 PM GMT+3 [Modules] No module updates available.
8/9/2025, 5:59:30 PM GMT+3 [Modules] Checking for host updates.
8/9/2025, 5:59:30 PM GMT+3 [Modules] Host is up to date.
8/9/2025, 5:59:30 PM GMT+3 [Modules] Checking for module updates at https://discord.com/api/modules/stable/versions.json
8/9/2025, 5:59:30 PM GMT+3 [Modules] No module updates available.
8/9/2025, 6:05:18 PM GMT+3 [Modules] Checking for host updates.
8/9/2025, 6:05:18 PM GMT+3 [Modules] Host is up to date.
8/9/2025, 6:05:18 PM GMT+3 [Modules] Checking for module updates at https://discord.com/api/modules/stable/versions.json
8/9/2025, 6:05:18 PM GMT+3 [Modules] No module updates available.
8/9/2025, 6:06:05 PM GMT+3 [Modules] Checking for host updates.
8/9/2025, 6:06:05 PM GMT+3 [Modules] Host is up to date.
8/9/2025, 6:06:05 PM GMT+3 [Modules] Checking for module updates at https://discord.com/api/modules/stable/versions.json
8/9/2025, 6:06:05 PM GMT+3 [Modules] No module updates available.
8/9/2025, 6:10:46 PM GMT+3 [Modules] Checking for host updates.
8/9/2025, 6:10:46 PM GMT+3 [Modules] Host is up to date.
8/9/2025, 6:10:46 PM GMT+3 [Modules] Checking for module updates at https://discord.com/api/modules/stable/versions.json
8/9/2025, 6:10:46 PM GMT+3 [Modules] No module updates available.
8/9/2025, 6:18:20 PM GMT+3 [Modules] Checking for host updates.
8/9/2025, 6:18:20 PM GMT+3 [Modules] Host is up to date.
8/9/2025, 6:18:20 PM GMT+3 [Modules] Checking for module updates at https://discord.com/api/modules/stable/versions.json
8/9/2025, 6:18:20 PM GMT+3 [Modules] No module updates available.
8/9/2025, 6:25:13 PM GMT+3 [Modules] Checking for host updates.
8/9/2025, 6:25:13 PM GMT+3 [Modules] Host is up to date.
8/9/2025, 6:25:13 PM GMT+3 [Modules] Checking for module updates at https://discord.com/api/modules/stable/versions.json
8/9/2025, 6:25:13 PM GMT+3 [Modules] No module updates available.
8/9/2025, 6:32:38 PM GMT+3 [Modules] Checking for host updates.
8/9/2025, 6:32:38 PM GMT+3 [Modules] Host is up to date.
8/9/2025, 6:32:38 PM GMT+3 [Modules] Checking for module updates at https://discord.com/api/modules/stable/versions.json
8/9/2025, 6:32:38 PM GMT+3 [Modules] No module updates available.
8/9/2025, 6:33:17 PM GMT+3 [Modules] Checking for host updates.
8/9/2025, 6:33:17 PM GMT+3 [Modules] Host is up to date.
8/9/2025, 6:33:17 PM GMT+3 [Modules] Checking for module updates at https://discord.com/api/modules/stable/versions.json
8/9/2025, 6:33:17 PM GMT+3 [Modules] No module updates available.
8/9/2025, 6:39:13 PM GMT+3 [Modules] Checking for host updates.
8/9/2025, 6:39:14 PM GMT+3 [Modules] Host is up to date.
8/9/2025, 6:39:14 PM GMT+3 [Modules] Checking for module updates at https://discord.com/api/modules/stable/versions.json
8/9/2025, 6:39:14 PM GMT+3 [Modules] No module updates available.
8/9/2025, 6:53:42 PM GMT+3 [Modules] Checking for host updates.
8/9/2025, 6:53:42 PM GMT+3 [Modules] Host is up to date.
8/9/2025, 6:53:42 PM GMT+3 [Modules] Checking for module updates at https://discord.com/api/modules/stable/versions.json
8/9/2025, 6:53:42 PM GMT+3 [Modules] No module updates available.
8/9/2025, 6:59:30 PM GMT+3 [Modules] Checking for host updates.
8/9/2025, 6:59:30 PM GMT+3 [Modules] Host is up to date.
8/9/2025, 6:59:30 PM GMT+3 [Modules] Checking for module updates at https://discord.com/api/modules/stable/versions.json
8/9/2025, 6:59:30 PM GMT+3 [Modules] No module updates available.
8/9/2025, 7:05:17 PM GMT+3 [Modules] Checking for host updates.
8/9/2025, 7:05:17 PM GMT+3 [Modules] Host is up to date.
8/9/2025, 7:05:17 PM GMT+3 [Modules] Checking for module updates at https://discord.com/api/modules/stable/versions.json
8/9/2025, 7:05:17 PM GMT+3 [Modules] No module updates available.
8/9/2025, 7:06:05 PM GMT+3 [Modules] Checking for host updates.
8/9/2025, 7:06:05 PM GMT+3 [Modules] Host is up to date.
8/9/2025, 7:06:05 PM GMT+3 [Modules] Checking for module updates at https://discord.com/api/modules/stable/versions.json
8/9/2025, 7:06:05 PM GMT+3 [Modules] No module updates available.
8/9/2025, 7:10:45 PM GMT+3 [Modules] Checking for host updates.
8/9/2025, 7:10:46 PM GMT+3 [Modules] Host is up to date.
8/9/2025, 7:10:46 PM GMT+3 [Modules] Checking for module updates at https://discord.com/api/modules/stable/versions.json
8/9/2025, 7:10:46 PM GMT+3 [Modules] No module updates available.
8/9/2025, 7:18:19 PM GMT+3 [Modules] Checking for host updates.
8/9/2025, 7:18:19 PM GMT+3 [Modules] Host is up to date.
8/9/2025, 7:18:19 PM GMT+3 [Modules] Checking for module updates at https://discord.com/api/modules/stable/versions.json
8/9/2025, 7:18:19 PM GMT+3 [Modules] No module updates available.
8/9/2025, 7:25:12 PM GMT+3 [Modules] Checking for host updates.
8/9/2025, 7:25:13 PM GMT+3 [Modules] Host is up to date.
8/9/2025, 7:25:13 PM GMT+3 [Modules] Checking for module updates at https://discord.com/api/modules/stable/versions.json
8/9/2025, 7:25:13 PM GMT+3 [Modules] No module updates available.
8/9/2025, 7:32:37 PM GMT+3 [Modules] Checking for host updates.
8/9/2025, 7:32:37 PM GMT+3 [Modules] Host is up to date.
8/9/2025, 7:32:37 PM GMT+3 [Modules] Checking for module updates at https://discord.com/api/modules/stable/versions.json
8/9/2025, 7:32:37 PM GMT+3 [Modules] No module updates available.
8/9/2025, 7:33:16 PM GMT+3 [Modules] Checking for host updates.
8/9/2025, 7:33:16 PM GMT+3 [Modules] Host is up to date.
8/9/2025, 7:33:16 PM GMT+3 [Modules] Checking for module updates at https://discord.com/api/modules/stable/versions.json
8/9/2025, 7:33:16 PM GMT+3 [Modules] No module updates available.
8/9/2025, 7:39:12 PM GMT+3 [Modules] Checking for host updates.
8/9/2025, 7:39:12 PM GMT+3 [Modules] Host is up to date.
8/9/2025, 7:39:12 PM GMT+3 [Modules] Checking for module updates at https://discord.com/api/modules/stable/versions.json
8/9/2025, 7:39:12 PM GMT+3 [Modules] No module updates available.
8/9/2025, 7:53:41 PM GMT+3 [Modules] Checking for host updates.
8/9/2025, 7:53:41 PM GMT+3 [Modules] Host is up to date.
8/9/2025, 7:53:41 PM GMT+3 [Modules] Checking for module updates at https://discord.com/api/modules/stable/versions.json
8/9/2025, 7:53:41 PM GMT+3 [Modules] No module updates available.
8/9/2025, 7:59:29 PM GMT+3 [Modules] Checking for host updates.
8/9/2025, 7:59:29 PM GMT+3 [Modules] Host is up to date.
8/9/2025, 7:59:29 PM GMT+3 [Modules] Checking for module updates at https://discord.com/api/modules/stable/versions.json
8/9/2025, 7:59:29 PM GMT+3 [Modules] No module updates available.
8/9/2025, 8:05:17 PM GMT+3 [Modules] Checking for host updates.
8/9/2025, 8:05:17 PM GMT+3 [Modules] Host is up to date.
8/9/2025, 8:05:17 PM GMT+3 [Modules] Checking for module updates at https://discord.com/api/modules/stable/versions.json
8/9/2025, 8:05:17 PM GMT+3 [Modules] No module updates available.
8/9/2025, 8:06:05 PM GMT+3 [Modules] Checking for host updates.
8/9/2025, 8:06:05 PM GMT+3 [Modules] Host is up to date.
8/9/2025, 8:06:05 PM GMT+3 [Modules] Checking for module updates at https://discord.com/api/modules/stable/versions.json
8/9/2025, 8:06:05 PM GMT+3 [Modules] No module updates available.
8/9/2025, 8:10:45 PM GMT+3 [Modules] Checking for host updates.
8/9/2025, 8:10:46 PM GMT+3 [Modules] Host is up to date.
8/9/2025, 8:10:46 PM GMT+3 [Modules] Checking for module updates at https://discord.com/api/modules/stable/versions.json
8/9/2025, 8:10:46 PM GMT+3 [Modules] No module updates available.
8/9/2025, 8:18:19 PM GMT+3 [Modules] Checking for host updates.
8/9/2025, 8:18:19 PM GMT+3 [Modules] Host is up to date.
8/9/2025, 8:18:19 PM GMT+3 [Modules] Checking for module updates at https://discord.com/api/modules/stable/versions.json
8/9/2025, 8:18:19 PM GMT+3 [Modules] No module updates available.
8/9/2025, 8:25:12 PM GMT+3 [Modules] Checking for host updates.
8/9/2025, 8:25:12 PM GMT+3 [Modules] Host is up to date.
8/9/2025, 8:25:12 PM GMT+3 [Modules] Checking for module updates at https://discord.com/api/modules/stable/versions.json
8/9/2025, 8:25:12 PM GMT+3 [Modules] No module updates available.
8/9/2025, 8:32:37 PM GMT+3 [Modules] Checking for host updates.
8/9/2025, 8:32:37 PM GMT+3 [Modules] Host is up to date.
8/9/2025, 8:32:37 PM GMT+3 [Modules] Checking for module updates at https://discord.com/api/modules/stable/versions.json
8/9/2025, 8:32:37 PM GMT+3 [Modules] No module updates available.
8/9/2025, 8:33:16 PM GMT+3 [Modules] Checking for host updates.
8/9/2025, 8:33:16 PM GMT+3 [Modules] Host is up to date.
8/9/2025, 8:33:16 PM GMT+3 [Modules] Checking for module updates at https://discord.com/api/modules/stable/versions.json
8/9/2025, 8:33:16 PM GMT+3 [Modules] No module updates available.
8/9/2025, 8:39:12 PM GMT+3 [Modules] Checking for host updates.
8/9/2025, 8:39:12 PM GMT+3 [Modules] Host is up to date.
8/9/2025, 8:39:12 PM GMT+3 [Modules] Checking for module updates at https://discord.com/api/modules/stable/versions.json
8/9/2025, 8:39:12 PM GMT+3 [Modules] No module updates available.
8/9/2025, 8:53:41 PM GMT+3 [Modules] Checking for host updates.
8/9/2025, 8:53:41 PM GMT+3 [Modules] Host is up to date.
8/9/2025, 8:53:41 PM GMT+3 [Modules] Checking for module updates at https://discord.com/api/modules/stable/versions.json
8/9/2025, 8:53:41 PM GMT+3 [Modules] No module updates available.
8/9/2025, 8:59:29 PM GMT+3 [Modules] Checking for host updates.
8/9/2025, 8:59:29 PM GMT+3 [Modules] Host is up to date.
8/9/2025, 8:59:29 PM GMT+3 [Modules] Checking for module updates at https://discord.com/api/modules/stable/versions.json
8/9/2025, 8:59:29 PM GMT+3 [Modules] No module updates available.
8/9/2025, 9:05:17 PM GMT+3 [Modules] Checking for host updates.
8/9/2025, 9:05:17 PM GMT+3 [Modules] Host is up to date.
8/9/2025, 9:05:17 PM GMT+3 [Modules] Checking for module updates at https://discord.com/api/modules/stable/versions.json
8/9/2025, 9:05:18 PM GMT+3 [Modules] No module updates available.
8/9/2025, 9:06:05 PM GMT+3 [Modules] Checking for host updates.
8/9/2025, 9:06:05 PM GMT+3 [Modules] Host is up to date.
8/9/2025, 9:06:05 PM GMT+3 [Modules] Checking for module updates at https://discord.com/api/modules/stable/versions.json
8/9/2025, 9:06:05 PM GMT+3 [Modules] No module updates available.
8/9/2025, 9:10:45 PM GMT+3 [Modules] Checking for host updates.
8/9/2025, 9:10:46 PM GMT+3 [Modules] Host is up to date.
8/9/2025, 9:10:46 PM GMT+3 [Modules] Checking for module updates at https://discord.com/api/modules/stable/versions.json
8/9/2025, 9:10:46 PM GMT+3 [Modules] No module updates available.
8/9/2025, 9:18:19 PM GMT+3 [Modules] Checking for host updates.
8/9/2025, 9:18:19 PM GMT+3 [Modules] Host is up to date.
8/9/2025, 9:18:19 PM GMT+3 [Modules] Checking for module updates at https://discord.com/api/modules/stable/versions.json
8/9/2025, 9:18:19 PM GMT+3 [Modules] No module updates available.
8/9/2025, 9:25:12 PM GMT+3 [Modules] Checking for host updates.
8/9/2025, 9:25:12 PM GMT+3 [Modules] Host is up to date.
8/9/2025, 9:25:12 PM GMT+3 [Modules] Checking for module updates at https://discord.com/api/modules/stable/versions.json
8/9/2025, 9:25:12 PM GMT+3 [Modules] No module updates available.
8/9/2025, 9:32:37 PM GMT+3 [Modules] Checking for host updates.
8/9/2025, 9:32:37 PM GMT+3 [Modules] Host is up to date.
8/9/2025, 9:32:37 PM GMT+3 [Modules] Checking for module updates at https://discord.com/api/modules/stable/versions.json
8/9/2025, 9:32:37 PM GMT+3 [Modules] No module updates available.
8/9/2025, 9:33:16 PM GMT+3 [Modules] Checking for host updates.
8/9/2025, 9:33:16 PM GMT+3 [Modules] Host is up to date.
8/9/2025, 9:33:16 PM GMT+3 [Modules] Checking for module updates at https://discord.com/api/modules/stable/versions.json
8/9/2025, 9:33:16 PM GMT+3 [Modules] No module updates available.
8/9/2025, 9:39:12 PM GMT+3 [Modules] Checking for host updates.
8/9/2025, 9:39:12 PM GMT+3 [Modules] Host is up to date.
8/9/2025, 9:39:12 PM GMT+3 [Modules] Checking for module updates at https://discord.com/api/modules/stable/versions.json
8/9/2025, 9:39:12 PM GMT+3 [Modules] No module updates available.
8/10/2025, 11:18:12 AM GMT+3 [Modules] Checking for host updates.
8/10/2025, 11:18:12 AM GMT+3 [Modules] Host is up to date.
8/10/2025, 11:18:12 AM GMT+3 [Modules] Checking for module updates at https://discord.com/api/modules/stable/versions.json
8/10/2025, 11:18:12 AM GMT+3 [Modules] No module updates available.
8/10/2025, 11:19:00 AM GMT+3 [Modules] Checking for host updates.
8/10/2025, 11:19:00 AM GMT+3 [Modules] Host is up to date.
8/10/2025, 11:19:00 AM GMT+3 [Modules] Checking for module updates at https://discord.com/api/modules/stable/versions.json
8/10/2025, 11:19:00 AM GMT+3 [Modules] No module updates available.
8/10/2025, 11:24:48 AM GMT+3 [Modules] Checking for host updates.
8/10/2025, 11:24:48 AM GMT+3 [Modules] Host is up to date.
8/10/2025, 11:24:48 AM GMT+3 [Modules] Checking for module updates at https://discord.com/api/modules/stable/versions.json
8/10/2025, 11:24:48 AM GMT+3 [Modules] No module updates available.
8/10/2025, 11:30:37 AM GMT+3 [Modules] Checking for host updates.
8/10/2025, 11:30:37 AM GMT+3 [Modules] Host is up to date.
8/10/2025, 11:30:37 AM GMT+3 [Modules] Checking for module updates at https://discord.com/api/modules/stable/versions.json
8/10/2025, 11:30:37 AM GMT+3 [Modules] No module updates available.
8/10/2025, 11:31:24 AM GMT+3 [Modules] Checking for host updates.
8/10/2025, 11:31:24 AM GMT+3 [Modules] Host is up to date.
8/10/2025, 11:31:24 AM GMT+3 [Modules] Checking for module updates at https://discord.com/api/modules/stable/versions.json
8/10/2025, 11:31:24 AM GMT+3 [Modules] No module updates available.
8/10/2025, 11:36:05 AM GMT+3 [Modules] Checking for host updates.
8/10/2025, 11:36:05 AM GMT+3 [Modules] Host is up to date.
8/10/2025, 11:36:05 AM GMT+3 [Modules] Checking for module updates at https://discord.com/api/modules/stable/versions.json
8/10/2025, 11:36:05 AM GMT+3 [Modules] No module updates available.
8/10/2025, 11:43:38 AM GMT+3 [Modules] Checking for host updates.
8/10/2025, 11:43:38 AM GMT+3 [Modules] Host is up to date.
8/10/2025, 11:43:38 AM GMT+3 [Modules] Checking for module updates at https://discord.com/api/modules/stable/versions.json
8/10/2025, 11:43:38 AM GMT+3 [Modules] No module updates available.
8/10/2025, 11:50:32 AM GMT+3 [Modules] Checking for host updates.
8/10/2025, 11:50:32 AM GMT+3 [Modules] Host is up to date.
8/10/2025, 11:50:32 AM GMT+3 [Modules] Checking for module updates at https://discord.com/api/modules/stable/versions.json
8/10/2025, 11:50:32 AM GMT+3 [Modules] No module updates available.
8/10/2025, 11:57:56 AM GMT+3 [Modules] Checking for host updates.
8/10/2025, 11:57:56 AM GMT+3 [Modules] Host is up to date.
8/10/2025, 11:57:56 AM GMT+3 [Modules] Checking for module updates at https://discord.com/api/modules/stable/versions.json
8/10/2025, 11:57:56 AM GMT+3 [Modules] No module updates available.
8/10/2025, 11:58:35 AM GMT+3 [Modules] Checking for host updates.
8/10/2025, 11:58:35 AM GMT+3 [Modules] Host is up to date.
8/10/2025, 11:58:35 AM GMT+3 [Modules] Checking for module updates at https://discord.com/api/modules/stable/versions.json
8/10/2025, 11:58:35 AM GMT+3 [Modules] No module updates available.
8/10/2025, 12:04:31 PM GMT+3 [Modules] Checking for host updates.
8/10/2025, 12:04:31 PM GMT+3 [Modules] Host is up to date.
8/10/2025, 12:04:31 PM GMT+3 [Modules] Checking for module updates at https://discord.com/api/modules/stable/versions.json
8/10/2025, 12:04:31 PM GMT+3 [Modules] No module updates available.
8/10/2025, 12:18:12 PM GMT+3 [Modules] Checking for host updates.
8/10/2025, 12:18:12 PM GMT+3 [Modules] Host is up to date.
8/10/2025, 12:18:12 PM GMT+3 [Modules] Checking for module updates at https://discord.com/api/modules/stable/versions.json
8/10/2025, 12:18:12 PM GMT+3 [Modules] No module updates available.
8/10/2025, 12:19:00 PM GMT+3 [Modules] Checking for host updates.
8/10/2025, 12:19:00 PM GMT+3 [Modules] Host is up to date.
8/10/2025, 12:19:00 PM GMT+3 [Modules] Checking for module updates at https://discord.com/api/modules/stable/versions.json
8/10/2025, 12:19:00 PM GMT+3 [Modules] No module updates available.
8/10/2025, 12:24:48 PM GMT+3 [Modules] Checking for host updates.
8/10/2025, 12:24:48 PM GMT+3 [Modules] Host is up to date.
8/10/2025, 12:24:48 PM GMT+3 [Modules] Checking for module updates at https://discord.com/api/modules/stable/versions.json
8/10/2025, 12:24:48 PM GMT+3 [Modules] No module updates available.
8/10/2025, 12:30:37 PM GMT+3 [Modules] Checking for host updates.
8/10/2025, 12:30:37 PM GMT+3 [Modules] Host is up to date.
8/10/2025, 12:30:37 PM GMT+3 [Modules] Checking for module updates at https://discord.com/api/modules/stable/versions.json
8/10/2025, 12:30:37 PM GMT+3 [Modules] No module updates available.
8/10/2025, 12:31:24 PM GMT+3 [Modules] Checking for host updates.
8/10/2025, 12:31:24 PM GMT+3 [Modules] Host is up to date.
8/10/2025, 12:31:24 PM GMT+3 [Modules] Checking for module updates at https://discord.com/api/modules/stable/versions.json
8/10/2025, 12:31:24 PM GMT+3 [Modules] No module updates available.
8/10/2025, 12:36:05 PM GMT+3 [Modules] Checking for host updates.
8/10/2025, 12:36:05 PM GMT+3 [Modules] Host is up to date.
8/10/2025, 12:36:05 PM GMT+3 [Modules] Checking for module updates at https://discord.com/api/modules/stable/versions.json
8/10/2025, 12:36:05 PM GMT+3 [Modules] No module updates available.
8/10/2025, 12:43:38 PM GMT+3 [Modules] Checking for host updates.
8/10/2025, 12:43:38 PM GMT+3 [Modules] Host is up to date.
8/10/2025, 12:43:38 PM GMT+3 [Modules] Checking for module updates at https://discord.com/api/modules/stable/versions.json
8/10/2025, 12:43:38 PM GMT+3 [Modules] No module updates available.
8/10/2025, 12:50:32 PM GMT+3 [Modules] Checking for host updates.
8/10/2025, 12:50:32 PM GMT+3 [Modules] Host is up to date.
8/10/2025, 12:50:32 PM GMT+3 [Modules] Checking for module updates at https://discord.com/api/modules/stable/versions.json
8/10/2025, 12:50:32 PM GMT+3 [Modules] No module updates available.
8/10/2025, 12:57:56 PM GMT+3 [Modules] Checking for host updates.
8/10/2025, 12:57:56 PM GMT+3 [Modules] Host is up to date.
8/10/2025, 12:57:56 PM GMT+3 [Modules] Checking for module updates at https://discord.com/api/modules/stable/versions.json
8/10/2025, 12:57:56 PM GMT+3 [Modules] No module updates available.
8/10/2025, 12:58:35 PM GMT+3 [Modules] Checking for host updates.
8/10/2025, 12:58:35 PM GMT+3 [Modules] Host is up to date.
8/10/2025, 12:58:35 PM GMT+3 [Modules] Checking for module updates at https://discord.com/api/modules/stable/versions.json
8/10/2025, 12:58:35 PM GMT+3 [Modules] No module updates available.
8/10/2025, 1:04:31 PM GMT+3 [Modules] Checking for host updates.
8/10/2025, 1:04:31 PM GMT+3 [Modules] Host is up to date.
8/10/2025, 1:04:31 PM GMT+3 [Modules] Checking for module updates at https://discord.com/api/modules/stable/versions.json
8/10/2025, 1:04:31 PM GMT+3 [Modules] No module updates available.
8/10/2025, 1:18:12 PM GMT+3 [Modules] Checking for host updates.
8/10/2025, 1:18:12 PM GMT+3 [Modules] Host is up to date.
8/10/2025, 1:18:12 PM GMT+3 [Modules] Checking for module updates at https://discord.com/api/modules/stable/versions.json
8/10/2025, 1:18:12 PM GMT+3 [Modules] No module updates available.
8/10/2025, 1:19:00 PM GMT+3 [Modules] Checking for host updates.
8/10/2025, 1:19:00 PM GMT+3 [Modules] Host is up to date.
8/10/2025, 1:19:00 PM GMT+3 [Modules] Checking for module updates at https://discord.com/api/modules/stable/versions.json
8/10/2025, 1:19:00 PM GMT+3 [Modules] No module updates available.
8/10/2025, 7:43:44 PM GMT+3 [Modules] Checking for host updates.
8/10/2025, 7:43:45 PM GMT+3 [Modules] Host is up to date.
8/10/2025, 7:43:45 PM GMT+3 [Modules] Checking for module updates at https://discord.com/api/modules/stable/versions.json
8/10/2025, 7:43:45 PM GMT+3 [Modules] No module updates available.
8/10/2025, 7:44:18 PM GMT+3 [Modules] Checking for host updates.
8/10/2025, 7:44:18 PM GMT+3 [Modules] Host is up to date.
8/10/2025, 7:44:18 PM GMT+3 [Modules] Checking for module updates at https://discord.com/api/modules/stable/versions.json
8/10/2025, 7:44:18 PM GMT+3 [Modules] No module updates available.
8/10/2025, 7:50:07 PM GMT+3 [Modules] Checking for host updates.
8/10/2025, 7:50:07 PM GMT+3 [Modules] Host is up to date.
8/10/2025, 7:50:07 PM GMT+3 [Modules] Checking for module updates at https://discord.com/api/modules/stable/versions.json
8/10/2025, 7:50:07 PM GMT+3 [Modules] No module updates available.
8/10/2025, 7:50:54 PM GMT+3 [Modules] Checking for host updates.
8/10/2025, 7:50:54 PM GMT+3 [Modules] Host is up to date.
8/10/2025, 7:50:54 PM GMT+3 [Modules] Checking for module updates at https://discord.com/api/modules/stable/versions.json
8/10/2025, 7:50:54 PM GMT+3 [Modules] No module updates available.
8/10/2025, 7:55:35 PM GMT+3 [Modules] Checking for host updates.
8/10/2025, 7:55:35 PM GMT+3 [Modules] Host is up to date.
8/10/2025, 7:55:35 PM GMT+3 [Modules] Checking for module updates at https://discord.com/api/modules/stable/versions.json
8/10/2025, 7:55:35 PM GMT+3 [Modules] No module updates available.
8/10/2025, 8:03:08 PM GMT+3 [Modules] Checking for host updates.
8/10/2025, 8:03:08 PM GMT+3 [Modules] Host is up to date.
8/10/2025, 8:03:08 PM GMT+3 [Modules] Checking for module updates at https://discord.com/api/modules/stable/versions.json
8/10/2025, 8:03:08 PM GMT+3 [Modules] No module updates available.
8/10/2025, 8:10:02 PM GMT+3 [Modules] Checking for host updates.
8/10/2025, 8:10:02 PM GMT+3 [Modules] Host is up to date.
8/10/2025, 8:10:02 PM GMT+3 [Modules] Checking for module updates at https://discord.com/api/modules/stable/versions.json
8/10/2025, 8:10:02 PM GMT+3 [Modules] No module updates available.
8/10/2025, 8:17:26 PM GMT+3 [Modules] Checking for host updates.
8/10/2025, 8:17:27 PM GMT+3 [Modules] Host is up to date.
8/10/2025, 8:17:27 PM GMT+3 [Modules] Checking for module updates at https://discord.com/api/modules/stable/versions.json
8/10/2025, 8:17:27 PM GMT+3 [Modules] No module updates available.
8/10/2025, 8:18:06 PM GMT+3 [Modules] Checking for host updates.
8/10/2025, 8:18:06 PM GMT+3 [Modules] Host is up to date.
8/10/2025, 8:18:06 PM GMT+3 [Modules] Checking for module updates at https://discord.com/api/modules/stable/versions.json
8/10/2025, 8:18:06 PM GMT+3 [Modules] No module updates available.
8/10/2025, 8:24:02 PM GMT+3 [Modules] Checking for host updates.
8/10/2025, 8:24:02 PM GMT+3 [Modules] Host is up to date.
8/10/2025, 8:24:02 PM GMT+3 [Modules] Checking for module updates at https://discord.com/api/modules/stable/versions.json
8/10/2025, 8:24:02 PM GMT+3 [Modules] No module updates available.
8/10/2025, 8:37:43 PM GMT+3 [Modules] Checking for host updates.
8/10/2025, 8:37:43 PM GMT+3 [Modules] Host is up to date.
8/10/2025, 8:37:43 PM GMT+3 [Modules] Checking for module updates at https://discord.com/api/modules/stable/versions.json
8/10/2025, 8:37:43 PM GMT+3 [Modules] No module updates available.
8/10/2025, 8:38:31 PM GMT+3 [Modules] Checking for host updates.
8/10/2025, 8:38:31 PM GMT+3 [Modules] Host is up to date.
8/10/2025, 8:38:31 PM GMT+3 [Modules] Checking for module updates at https://discord.com/api/modules/stable/versions.json
8/10/2025, 8:38:31 PM GMT+3 [Modules] No module updates available.
8/10/2025, 8:43:45 PM GMT+3 [Modules] Checking for host updates.
8/10/2025, 8:43:45 PM GMT+3 [Modules] Host is up to date.
8/10/2025, 8:43:45 PM GMT+3 [Modules] Checking for module updates at https://discord.com/api/modules/stable/versions.json
8/10/2025, 8:43:45 PM GMT+3 [Modules] No module updates available.
8/10/2025, 8:44:19 PM GMT+3 [Modules] Checking for host updates.
8/10/2025, 8:44:20 PM GMT+3 [Modules] Host is up to date.
8/10/2025, 8:44:20 PM GMT+3 [Modules] Checking for module updates at https://discord.com/api/modules/stable/versions.json
8/10/2025, 8:44:20 PM GMT+3 [Modules] No module updates available.
8/13/2025, 8:07:11 PM GMT+3 [Modules] Modules initializing
8/13/2025, 8:07:11 PM GMT+3 [Modules] Distribution: remote
8/13/2025, 8:07:11 PM GMT+3 [Modules] Host updates: enabled
8/13/2025, 8:07:11 PM GMT+3 [Modules] Module updates: enabled
8/13/2025, 8:07:11 PM GMT+3 [Modules] Module install path: /home/dmtr/.config/discord/0.0.104/modules
8/13/2025, 8:07:11 PM GMT+3 [Modules] Module installed file path: /home/dmtr/.config/discord/0.0.104/modules/installed.json
8/13/2025, 8:07:11 PM GMT+3 [Modules] Module download path: /home/dmtr/.config/discord/0.0.104/modules/pending
8/13/2025, 8:07:11 PM GMT+3 [Modules] No updates to install
8/13/2025, 8:07:11 PM GMT+3 [Modules] Checking for host updates.
8/13/2025, 8:07:12 PM GMT+3 [Modules] Host is up to date.
8/13/2025, 8:07:12 PM GMT+3 [Modules] Checking for module updates at https://discord.com/api/modules/stable/versions.json
8/13/2025, 8:07:12 PM GMT+3 [Modules] No module updates available.
8/13/2025, 8:07:23 PM GMT+3 [Modules] Checking for host updates.
8/13/2025, 8:07:23 PM GMT+3 [Modules] Host is up to date.
8/13/2025, 8:07:23 PM GMT+3 [Modules] Checking for module updates at https://discord.com/api/modules/stable/versions.json
8/13/2025, 8:07:23 PM GMT+3 [Modules] No module updates available.
8/13/2025, 9:07:21 PM GMT+3 [Modules] Checking for host updates.
8/13/2025, 9:07:22 PM GMT+3 [Modules] Host is up to date.
8/13/2025, 9:07:22 PM GMT+3 [Modules] Checking for module updates at https://discord.com/api/modules/stable/versions.json
8/13/2025, 9:07:22 PM GMT+3 [Modules] No module updates available.
8/14/2025, 7:31:54 PM GMT+3 [Modules] Modules initializing
8/14/2025, 7:31:54 PM GMT+3 [Modules] Distribution: remote
8/14/2025, 7:31:54 PM GMT+3 [Modules] Host updates: enabled
8/14/2025, 7:31:54 PM GMT+3 [Modules] Module updates: enabled
8/14/2025, 7:31:54 PM GMT+3 [Modules] Module install path: /home/dmtr/.config/discord/0.0.104/modules
8/14/2025, 7:31:54 PM GMT+3 [Modules] Module installed file path: /home/dmtr/.config/discord/0.0.104/modules/installed.json
8/14/2025, 7:31:54 PM GMT+3 [Modules] Module download path: /home/dmtr/.config/discord/0.0.104/modules/pending
8/14/2025, 7:31:54 PM GMT+3 [Modules] No updates to install
8/14/2025, 7:31:54 PM GMT+3 [Modules] Checking for host updates.
8/14/2025, 7:31:54 PM GMT+3 [Modules] Host is up to date.
8/14/2025, 7:31:54 PM GMT+3 [Modules] Checking for module updates at https://discord.com/api/modules/stable/versions.json
8/14/2025, 7:31:54 PM GMT+3 [Modules] No module updates available.
8/14/2025, 7:32:05 PM GMT+3 [Modules] Checking for host updates.
8/14/2025, 7:32:05 PM GMT+3 [Modules] Host is up to date.
8/14/2025, 7:32:05 PM GMT+3 [Modules] Checking for module updates at https://discord.com/api/modules/stable/versions.json
8/14/2025, 7:32:05 PM GMT+3 [Modules] No module updates available.
8/14/2025, 8:32:04 PM GMT+3 [Modules] Checking for host updates.
8/14/2025, 8:32:04 PM GMT+3 [Modules] Host is up to date.
8/14/2025, 8:32:04 PM GMT+3 [Modules] Checking for module updates at https://discord.com/api/modules/stable/versions.json
8/14/2025, 8:32:04 PM GMT+3 [Modules] No module updates available.
8/14/2025, 9:32:04 PM GMT+3 [Modules] Checking for host updates.
8/14/2025, 9:32:04 PM GMT+3 [Modules] Host is up to date.
8/14/2025, 9:32:04 PM GMT+3 [Modules] Checking for module updates at https://discord.com/api/modules/stable/versions.json
8/14/2025, 9:32:04 PM GMT+3 [Modules] No module updates available.
8/14/2025, 10:32:04 PM GMT+3 [Modules] Checking for host updates.
8/14/2025, 10:32:04 PM GMT+3 [Modules] Host is up to date.
8/14/2025, 10:32:04 PM GMT+3 [Modules] Checking for module updates at https://discord.com/api/modules/stable/versions.json
8/14/2025, 10:32:04 PM GMT+3 [Modules] No module updates available.
8/15/2025, 7:36:35 AM GMT+3 [Modules] Checking for host updates.
8/15/2025, 7:36:35 AM GMT+3 [Modules] Host is up to date.
8/15/2025, 7:36:35 AM GMT+3 [Modules] Checking for module updates at https://discord.com/api/modules/stable/versions.json
8/15/2025, 7:36:35 AM GMT+3 [Modules] No module updates available.
8/15/2025, 8:32:47 AM GMT+3 [Modules] Checking for host updates.
8/15/2025, 8:32:47 AM GMT+3 [Modules] Host is up to date.
8/15/2025, 8:32:47 AM GMT+3 [Modules] Checking for module updates at https://discord.com/api/modules/stable/versions.json
8/15/2025, 8:32:47 AM GMT+3 [Modules] No module updates available.
8/15/2025, 8:36:36 AM GMT+3 [Modules] Checking for host updates.
8/15/2025, 8:36:36 AM GMT+3 [Modules] Host is up to date.
8/15/2025, 8:36:36 AM GMT+3 [Modules] Checking for module updates at https://discord.com/api/modules/stable/versions.json
8/15/2025, 8:36:36 AM GMT+3 [Modules] No module updates available.
8/15/2025, 9:00:48 AM GMT+3 [Modules] Checking for host updates.
8/15/2025, 9:00:48 AM GMT+3 [Modules] Host is up to date.
8/15/2025, 9:00:48 AM GMT+3 [Modules] Checking for module updates at https://discord.com/api/modules/stable/versions.json
8/15/2025, 9:00:48 AM GMT+3 [Modules] No module updates available.
8/15/2025, 11:13:18 PM GMT+3 [Modules] Checking for host updates.
8/15/2025, 11:13:18 PM GMT+3 [Modules] Host is up to date.
8/15/2025, 11:13:18 PM GMT+3 [Modules] Checking for module updates at https://discord.com/api/modules/stable/versions.json
8/15/2025, 11:13:18 PM GMT+3 [Modules] No module updates available.
8/16/2025, 10:58:40 PM GMT+3 [Modules] Checking for host updates.
8/16/2025, 10:58:40 PM GMT+3 [Modules] Host is up to date.
8/16/2025, 10:58:40 PM GMT+3 [Modules] Checking for module updates at https://discord.com/api/modules/stable/versions.json
8/16/2025, 10:58:40 PM GMT+3 [Modules] No module updates available.
8/16/2025, 11:19:10 PM GMT+3 [Modules] Checking for host updates.
8/16/2025, 11:19:10 PM GMT+3 [Modules] Host is up to date.
8/16/2025, 11:19:10 PM GMT+3 [Modules] Checking for module updates at https://discord.com/api/modules/stable/versions.json
8/16/2025, 11:19:10 PM GMT+3 [Modules] No module updates available.
8/17/2025, 10:01:03 AM GMT+3 [Modules] Checking for host updates.
8/17/2025, 10:01:04 AM GMT+3 [Modules] Host is up to date.
8/17/2025, 10:01:04 AM GMT+3 [Modules] Checking for module updates at https://discord.com/api/modules/stable/versions.json
8/17/2025, 10:01:04 AM GMT+3 [Modules] No module updates available.
8/17/2025, 10:03:51 AM GMT+3 [Modules] Checking for host updates.
8/17/2025, 10:03:52 AM GMT+3 [Modules] Host is up to date.
8/17/2025, 10:03:52 AM GMT+3 [Modules] Checking for module updates at https://discord.com/api/modules/stable/versions.json
8/17/2025, 10:03:52 AM GMT+3 [Modules] No module updates available.
8/17/2025, 10:06:00 AM GMT+3 [Modules] Checking for host updates.
8/17/2025, 10:06:01 AM GMT+3 [Modules] Host is up to date.
8/17/2025, 10:06:01 AM GMT+3 [Modules] Checking for module updates at https://discord.com/api/modules/stable/versions.json
8/17/2025, 10:06:01 AM GMT+3 [Modules] No module updates available.
8/17/2025, 10:21:39 AM GMT+3 [Modules] Checking for host updates.
8/17/2025, 10:21:40 AM GMT+3 [Modules] Host is up to date.
8/17/2025, 10:21:40 AM GMT+3 [Modules] Checking for module updates at https://discord.com/api/modules/stable/versions.json
8/17/2025, 10:21:40 AM GMT+3 [Modules] No module updates available.
8/17/2025, 10:39:35 AM GMT+3 [Modules] Checking for host updates.
8/17/2025, 10:39:35 AM GMT+3 [Modules] Host is up to date.
8/17/2025, 10:39:35 AM GMT+3 [Modules] Checking for module updates at https://discord.com/api/modules/stable/versions.json
8/17/2025, 10:39:35 AM GMT+3 [Modules] No module updates available.
8/17/2025, 7:21:47 PM GMT+3 [Modules] Checking for host updates.
8/17/2025, 7:21:47 PM GMT+3 [Modules] Host is up to date.
8/17/2025, 7:21:47 PM GMT+3 [Modules] Checking for module updates at https://discord.com/api/modules/stable/versions.json
8/17/2025, 7:21:47 PM GMT+3 [Modules] No module updates available.
8/17/2025, 7:39:53 PM GMT+3 [Modules] Checking for host updates.
8/17/2025, 7:39:54 PM GMT+3 [Modules] Host is up to date.
8/17/2025, 7:39:54 PM GMT+3 [Modules] Checking for module updates at https://discord.com/api/modules/stable/versions.json
8/17/2025, 7:39:54 PM GMT+3 [Modules] No module updates available.
8/17/2025, 7:40:55 PM GMT+3 [Modules] Checking for host updates.
8/17/2025, 7:40:55 PM GMT+3 [Modules] Host is up to date.
8/17/2025, 7:40:55 PM GMT+3 [Modules] Checking for module updates at https://discord.com/api/modules/stable/versions.json
8/17/2025, 7:40:55 PM GMT+3 [Modules] No module updates available.
8/17/2025, 7:43:42 PM GMT+3 [Modules] Checking for host updates.
8/17/2025, 7:43:42 PM GMT+3 [Modules] Host is up to date.
8/17/2025, 7:43:42 PM GMT+3 [Modules] Checking for module updates at https://discord.com/api/modules/stable/versions.json
8/17/2025, 7:43:42 PM GMT+3 [Modules] No module updates available.
8/17/2025, 7:45:51 PM GMT+3 [Modules] Checking for host updates.
8/17/2025, 7:45:51 PM GMT+3 [Modules] Host is up to date.
8/17/2025, 7:45:51 PM GMT+3 [Modules] Checking for module updates at https://discord.com/api/modules/stable/versions.json
8/17/2025, 7:45:51 PM GMT+3 [Modules] No module updates available.
8/17/2025, 8:01:30 PM GMT+3 [Modules] Checking for host updates.
8/17/2025, 8:01:30 PM GMT+3 [Modules] Host is up to date.
8/17/2025, 8:01:30 PM GMT+3 [Modules] Checking for module updates at https://discord.com/api/modules/stable/versions.json
8/17/2025, 8:01:30 PM GMT+3 [Modules] No module updates available.
8/17/2025, 8:19:24 PM GMT+3 [Modules] Checking for host updates.
8/17/2025, 8:19:24 PM GMT+3 [Modules] Host is up to date.
8/17/2025, 8:19:24 PM GMT+3 [Modules] Checking for module updates at https://discord.com/api/modules/stable/versions.json
8/17/2025, 8:19:24 PM GMT+3 [Modules] No module updates available.
8/17/2025, 8:21:47 PM GMT+3 [Modules] Checking for host updates.
8/17/2025, 8:21:47 PM GMT+3 [Modules] Host is up to date.
8/17/2025, 8:21:47 PM GMT+3 [Modules] Checking for module updates at https://discord.com/api/modules/stable/versions.json
8/17/2025, 8:21:47 PM GMT+3 [Modules] No module updates available.
8/17/2025, 8:39:53 PM GMT+3 [Modules] Checking for host updates.
8/17/2025, 8:39:54 PM GMT+3 [Modules] Host is up to date.
8/17/2025, 8:39:54 PM GMT+3 [Modules] Checking for module updates at https://discord.com/api/modules/stable/versions.json
8/17/2025, 8:39:54 PM GMT+3 [Modules] No module updates available.
8/17/2025, 8:40:55 PM GMT+3 [Modules] Checking for host updates.
8/17/2025, 8:40:55 PM GMT+3 [Modules] Host is up to date.
8/17/2025, 8:40:55 PM GMT+3 [Modules] Checking for module updates at https://discord.com/api/modules/stable/versions.json
8/17/2025, 8:40:55 PM GMT+3 [Modules] No module updates available.
8/17/2025, 8:43:42 PM GMT+3 [Modules] Checking for host updates.
8/17/2025, 8:43:42 PM GMT+3 [Modules] Host is up to date.
8/17/2025, 8:43:42 PM GMT+3 [Modules] Checking for module updates at https://discord.com/api/modules/stable/versions.json
8/17/2025, 8:43:42 PM GMT+3 [Modules] No module updates available.
8/17/2025, 8:45:51 PM GMT+3 [Modules] Checking for host updates.
8/17/2025, 8:45:51 PM GMT+3 [Modules] Host is up to date.
8/17/2025, 8:45:51 PM GMT+3 [Modules] Checking for module updates at https://discord.com/api/modules/stable/versions.json
8/17/2025, 8:45:51 PM GMT+3 [Modules] No module updates available.
8/17/2025, 9:01:30 PM GMT+3 [Modules] Checking for host updates.
8/17/2025, 9:01:30 PM GMT+3 [Modules] Host is up to date.
8/17/2025, 9:01:30 PM GMT+3 [Modules] Checking for module updates at https://discord.com/api/modules/stable/versions.json
8/17/2025, 9:01:30 PM GMT+3 [Modules] No module updates available.
8/18/2025, 8:30:52 PM GMT+3 [Modules] Modules initializing
8/18/2025, 8:30:52 PM GMT+3 [Modules] Distribution: remote
8/18/2025, 8:30:52 PM GMT+3 [Modules] Host updates: enabled
8/18/2025, 8:30:52 PM GMT+3 [Modules] Module updates: enabled
8/18/2025, 8:30:52 PM GMT+3 [Modules] Module install path: /home/dmtr/.config/discord/0.0.104/modules
8/18/2025, 8:30:52 PM GMT+3 [Modules] Module installed file path: /home/dmtr/.config/discord/0.0.104/modules/installed.json
8/18/2025, 8:30:52 PM GMT+3 [Modules] Module download path: /home/dmtr/.config/discord/0.0.104/modules/pending
8/18/2025, 8:30:52 PM GMT+3 [Modules] No updates to install
8/18/2025, 8:30:52 PM GMT+3 [Modules] Checking for host updates.
8/18/2025, 8:30:52 PM GMT+3 [Modules] Host is up to date.
8/18/2025, 8:30:52 PM GMT+3 [Modules] Checking for module updates at https://discord.com/api/modules/stable/versions.json
8/18/2025, 8:30:52 PM GMT+3 [Modules] No module updates available.
8/18/2025, 8:31:01 PM GMT+3 [Modules] Checking for host updates.
8/18/2025, 8:31:01 PM GMT+3 [Modules] Host is up to date.
8/18/2025, 8:31:01 PM GMT+3 [Modules] Checking for module updates at https://discord.com/api/modules/stable/versions.json
8/18/2025, 8:31:01 PM GMT+3 [Modules] No module updates available.
8/18/2025, 9:31:01 PM GMT+3 [Modules] Checking for host updates.
8/18/2025, 9:31:01 PM GMT+3 [Modules] Host is up to date.
8/18/2025, 9:31:01 PM GMT+3 [Modules] Checking for module updates at https://discord.com/api/modules/stable/versions.json
8/18/2025, 9:31:01 PM GMT+3 [Modules] No module updates available.
8/18/2025, 10:31:01 PM GMT+3 [Modules] Checking for host updates.
8/18/2025, 10:31:01 PM GMT+3 [Modules] Host is up to date.
8/18/2025, 10:31:01 PM GMT+3 [Modules] Checking for module updates at https://discord.com/api/modules/stable/versions.json
8/18/2025, 10:31:01 PM GMT+3 [Modules] No module updates available.
8/19/2025, 8:55:35 AM GMT+3 [Modules] Checking for host updates.
8/19/2025, 8:55:35 AM GMT+3 [Modules] Host is up to date.
8/19/2025, 8:55:35 AM GMT+3 [Modules] Checking for module updates at https://discord.com/api/modules/stable/versions.json
8/19/2025, 8:55:35 AM GMT+3 [Modules] No module updates available.
8/19/2025, 8:35:15 PM GMT+3 [Modules] Checking for host updates.
8/19/2025, 8:35:16 PM GMT+3 [Modules] Host is up to date.
8/19/2025, 8:35:16 PM GMT+3 [Modules] Checking for module updates at https://discord.com/api/modules/stable/versions.json
8/19/2025, 8:35:16 PM GMT+3 [Modules] No module updates available.
8/19/2025, 9:29:50 PM GMT+3 [Modules] Checking for host updates.
8/19/2025, 9:29:50 PM GMT+3 [Modules] Host is up to date.
8/19/2025, 9:29:50 PM GMT+3 [Modules] Checking for module updates at https://discord.com/api/modules/stable/versions.json
8/19/2025, 9:29:50 PM GMT+3 [Modules] No module updates available.
8/19/2025, 9:34:46 PM GMT+3 [Modules] Checking for host updates.
8/19/2025, 9:34:46 PM GMT+3 [Modules] Host is up to date.
8/19/2025, 9:34:46 PM GMT+3 [Modules] Checking for module updates at https://discord.com/api/modules/stable/versions.json
8/19/2025, 9:34:46 PM GMT+3 [Modules] No module updates available.
8/19/2025, 9:35:16 PM GMT+3 [Modules] Checking for host updates.
8/19/2025, 9:35:16 PM GMT+3 [Modules] Host is up to date.
8/19/2025, 9:35:16 PM GMT+3 [Modules] Checking for module updates at https://discord.com/api/modules/stable/versions.json
8/19/2025, 9:35:16 PM GMT+3 [Modules] No module updates available.
8/20/2025, 7:24:23 PM GMT+3 [Modules] Modules initializing
8/20/2025, 7:24:23 PM GMT+3 [Modules] Distribution: remote
8/20/2025, 7:24:23 PM GMT+3 [Modules] Host updates: enabled
8/20/2025, 7:24:23 PM GMT+3 [Modules] Module updates: enabled
8/20/2025, 7:24:23 PM GMT+3 [Modules] Module install path: /home/dmtr/.config/discord/0.0.104/modules
8/20/2025, 7:24:23 PM GMT+3 [Modules] Module installed file path: /home/dmtr/.config/discord/0.0.104/modules/installed.json
8/20/2025, 7:24:23 PM GMT+3 [Modules] Module download path: /home/dmtr/.config/discord/0.0.104/modules/pending
8/20/2025, 7:24:23 PM GMT+3 [Modules] No updates to install
8/20/2025, 7:24:23 PM GMT+3 [Modules] Checking for host updates.
8/20/2025, 7:24:24 PM GMT+3 [Modules] Host update is available. Manual update required!
8/20/2025, 7:25:07 PM GMT+3 [Modules] Modules initializing
8/20/2025, 7:25:08 PM GMT+3 [Modules] Distribution: remote
8/20/2025, 7:25:08 PM GMT+3 [Modules] Host updates: enabled
8/20/2025, 7:25:08 PM GMT+3 [Modules] Module updates: enabled
8/20/2025, 7:25:08 PM GMT+3 [Modules] Module install path: /home/dmtr/.config/discord/0.0.105/modules
8/20/2025, 7:25:08 PM GMT+3 [Modules] Module installed file path: /home/dmtr/.config/discord/0.0.105/modules/installed.json
8/20/2025, 7:25:08 PM GMT+3 [Modules] Module download path: /home/dmtr/.config/discord/0.0.105/modules/pending
8/20/2025, 7:25:08 PM GMT+3 [Modules] Bootstrapping...
8/20/2025, 7:25:08 PM GMT+3 [Modules] Installing discord_desktop_core@0 from /opt/discord/resources/bootstrap/discord_desktop_core.zip
8/20/2025, 7:25:08 PM GMT+3 [Modules] Failed installing discord_desktop_core@0: Error: ENOENT: no such file or directory, open '/opt/discord/resources/bootstrap/discord_desktop_core.zip'
8/20/2025, 7:25:08 PM GMT+3 [Modules] Installing discord_erlpack@0 from /opt/discord/resources/bootstrap/discord_erlpack.zip
8/20/2025, 7:25:08 PM GMT+3 [Modules] Failed installing discord_erlpack@0: Error: ENOENT: no such file or directory, open '/opt/discord/resources/bootstrap/discord_erlpack.zip'
8/20/2025, 7:25:08 PM GMT+3 [Modules] Installing discord_spellcheck@0 from /opt/discord/resources/bootstrap/discord_spellcheck.zip
8/20/2025, 7:25:08 PM GMT+3 [Modules] Failed installing discord_spellcheck@0: Error: ENOENT: no such file or directory, open '/opt/discord/resources/bootstrap/discord_spellcheck.zip'
8/20/2025, 7:25:08 PM GMT+3 [Modules] Installing discord_utils@0 from /opt/discord/resources/bootstrap/discord_utils.zip
8/20/2025, 7:25:08 PM GMT+3 [Modules] Failed installing discord_utils@0: Error: ENOENT: no such file or directory, open '/opt/discord/resources/bootstrap/discord_utils.zip'
8/20/2025, 7:25:08 PM GMT+3 [Modules] Installing discord_voice@0 from /opt/discord/resources/bootstrap/discord_voice.zip
8/20/2025, 7:25:08 PM GMT+3 [Modules] Failed installing discord_voice@0: Error: ENOENT: no such file or directory, open '/opt/discord/resources/bootstrap/discord_voice.zip'
8/20/2025, 7:25:08 PM GMT+3 [Modules] Installing discord_zstd@0 from /opt/discord/resources/bootstrap/discord_zstd.zip
8/20/2025, 7:25:08 PM GMT+3 [Modules] Failed installing discord_zstd@0: Error: ENOENT: no such file or directory, open '/opt/discord/resources/bootstrap/discord_zstd.zip'
8/20/2025, 7:25:08 PM GMT+3 [Modules] Finished module installations. [success: 0] [failure: 6]
8/20/2025, 7:25:08 PM GMT+3 [Modules] Checking for host updates.
8/20/2025, 7:25:08 PM GMT+3 [Modules] Host is up to date.
8/20/2025, 7:25:08 PM GMT+3 [Modules] Checking for module updates at https://discord.com/api/modules/stable/versions.json
8/20/2025, 7:25:08 PM GMT+3 [Modules] Module update available: discord_desktop_core@1 [installed: 0]
8/20/2025, 7:25:08 PM GMT+3 [Modules] Module update available: discord_erlpack@1 [installed: 0]
8/20/2025, 7:25:08 PM GMT+3 [Modules] Module update available: discord_spellcheck@1 [installed: 0]
8/20/2025, 7:25:08 PM GMT+3 [Modules] Module update available: discord_utils@1 [installed: 0]
8/20/2025, 7:25:08 PM GMT+3 [Modules] Module update available: discord_voice@1 [installed: 0]
8/20/2025, 7:25:08 PM GMT+3 [Modules] Module update available: discord_zstd@1 [installed: 0]
8/20/2025, 7:25:08 PM GMT+3 [Modules] Fetching discord_desktop_core@1 from https://discord.com/api/modules/stable/discord_desktop_core/1
8/20/2025, 7:25:08 PM GMT+3 [Modules] Streaming discord_desktop_core@1 to /home/dmtr/.config/discord/0.0.105/modules/pending/discord_desktop_core-1.zip
8/20/2025, 7:25:09 PM GMT+3 [Modules] Streaming discord_desktop_core@1 to /home/dmtr/.config/discord/0.0.105/modules/pending/discord_desktop_core-1.zip: 1%
8/20/2025, 7:25:09 PM GMT+3 [Modules] Streaming discord_desktop_core@1 to /home/dmtr/.config/discord/0.0.105/modules/pending/discord_desktop_core-1.zip: 2%
8/20/2025, 7:25:09 PM GMT+3 [Modules] Streaming discord_desktop_core@1 to /home/dmtr/.config/discord/0.0.105/modules/pending/discord_desktop_core-1.zip: 3%
8/20/2025, 7:25:09 PM GMT+3 [Modules] Streaming discord_desktop_core@1 to /home/dmtr/.config/discord/0.0.105/modules/pending/discord_desktop_core-1.zip: 4%
8/20/2025, 7:25:09 PM GMT+3 [Modules] Streaming discord_desktop_core@1 to /home/dmtr/.config/discord/0.0.105/modules/pending/discord_desktop_core-1.zip: 5%
8/20/2025, 7:25:09 PM GMT+3 [Modules] Streaming discord_desktop_core@1 to /home/dmtr/.config/discord/0.0.105/modules/pending/discord_desktop_core-1.zip: 6%
8/20/2025, 7:25:09 PM GMT+3 [Modules] Streaming discord_desktop_core@1 to /home/dmtr/.config/discord/0.0.105/modules/pending/discord_desktop_core-1.zip: 7%
8/20/2025, 7:25:09 PM GMT+3 [Modules] Streaming discord_desktop_core@1 to /home/dmtr/.config/discord/0.0.105/modules/pending/discord_desktop_core-1.zip: 8%
8/20/2025, 7:25:09 PM GMT+3 [Modules] Streaming discord_desktop_core@1 to /home/dmtr/.config/discord/0.0.105/modules/pending/discord_desktop_core-1.zip: 10%
8/20/2025, 7:25:09 PM GMT+3 [Modules] Streaming discord_desktop_core@1 to /home/dmtr/.config/discord/0.0.105/modules/pending/discord_desktop_core-1.zip: 11%
8/20/2025, 7:25:09 PM GMT+3 [Modules] Streaming discord_desktop_core@1 to /home/dmtr/.config/discord/0.0.105/modules/pending/discord_desktop_core-1.zip: 13%
8/20/2025, 7:25:09 PM GMT+3 [Modules] Streaming discord_desktop_core@1 to /home/dmtr/.config/discord/0.0.105/modules/pending/discord_desktop_core-1.zip: 14%
8/20/2025, 7:25:09 PM GMT+3 [Modules] Streaming discord_desktop_core@1 to /home/dmtr/.config/discord/0.0.105/modules/pending/discord_desktop_core-1.zip: 15%
8/20/2025, 7:25:09 PM GMT+3 [Modules] Streaming discord_desktop_core@1 to /home/dmtr/.config/discord/0.0.105/modules/pending/discord_desktop_core-1.zip: 16%
8/20/2025, 7:25:09 PM GMT+3 [Modules] Streaming discord_desktop_core@1 to /home/dmtr/.config/discord/0.0.105/modules/pending/discord_desktop_core-1.zip: 17%
8/20/2025, 7:25:09 PM GMT+3 [Modules] Streaming discord_desktop_core@1 to /home/dmtr/.config/discord/0.0.105/modules/pending/discord_desktop_core-1.zip: 18%
8/20/2025, 7:25:09 PM GMT+3 [Modules] Streaming discord_desktop_core@1 to /home/dmtr/.config/discord/0.0.105/modules/pending/discord_desktop_core-1.zip: 19%
8/20/2025, 7:25:09 PM GMT+3 [Modules] Streaming discord_desktop_core@1 to /home/dmtr/.config/discord/0.0.105/modules/pending/discord_desktop_core-1.zip: 21%
8/20/2025, 7:25:09 PM GMT+3 [Modules] Streaming discord_desktop_core@1 to /home/dmtr/.config/discord/0.0.105/modules/pending/discord_desktop_core-1.zip: 24%
8/20/2025, 7:25:09 PM GMT+3 [Modules] Streaming discord_desktop_core@1 to /home/dmtr/.config/discord/0.0.105/modules/pending/discord_desktop_core-1.zip: 26%
8/20/2025, 7:25:09 PM GMT+3 [Modules] Streaming discord_desktop_core@1 to /home/dmtr/.config/discord/0.0.105/modules/pending/discord_desktop_core-1.zip: 27%
8/20/2025, 7:25:09 PM GMT+3 [Modules] Streaming discord_desktop_core@1 to /home/dmtr/.config/discord/0.0.105/modules/pending/discord_desktop_core-1.zip: 28%
8/20/2025, 7:25:09 PM GMT+3 [Modules] Streaming discord_desktop_core@1 to /home/dmtr/.config/discord/0.0.105/modules/pending/discord_desktop_core-1.zip: 29%
8/20/2025, 7:25:09 PM GMT+3 [Modules] Streaming discord_desktop_core@1 to /home/dmtr/.config/discord/0.0.105/modules/pending/discord_desktop_core-1.zip: 31%
8/20/2025, 7:25:09 PM GMT+3 [Modules] Streaming discord_desktop_core@1 to /home/dmtr/.config/discord/0.0.105/modules/pending/discord_desktop_core-1.zip: 33%
8/20/2025, 7:25:09 PM GMT+3 [Modules] Streaming discord_desktop_core@1 to /home/dmtr/.config/discord/0.0.105/modules/pending/discord_desktop_core-1.zip: 34%
8/20/2025, 7:25:09 PM GMT+3 [Modules] Streaming discord_desktop_core@1 to /home/dmtr/.config/discord/0.0.105/modules/pending/discord_desktop_core-1.zip: 37%
8/20/2025, 7:25:09 PM GMT+3 [Modules] Streaming discord_desktop_core@1 to /home/dmtr/.config/discord/0.0.105/modules/pending/discord_desktop_core-1.zip: 40%
8/20/2025, 7:25:09 PM GMT+3 [Modules] Streaming discord_desktop_core@1 to /home/dmtr/.config/discord/0.0.105/modules/pending/discord_desktop_core-1.zip: 42%
8/20/2025, 7:25:09 PM GMT+3 [Modules] Streaming discord_desktop_core@1 to /home/dmtr/.config/discord/0.0.105/modules/pending/discord_desktop_core-1.zip: 46%
8/20/2025, 7:25:09 PM GMT+3 [Modules] Streaming discord_desktop_core@1 to /home/dmtr/.config/discord/0.0.105/modules/pending/discord_desktop_core-1.zip: 47%
8/20/2025, 7:25:09 PM GMT+3 [Modules] Streaming discord_desktop_core@1 to /home/dmtr/.config/discord/0.0.105/modules/pending/discord_desktop_core-1.zip: 53%
8/20/2025, 7:25:09 PM GMT+3 [Modules] Streaming discord_desktop_core@1 to /home/dmtr/.config/discord/0.0.105/modules/pending/discord_desktop_core-1.zip: 56%
8/20/2025, 7:25:09 PM GMT+3 [Modules] Streaming discord_desktop_core@1 to /home/dmtr/.config/discord/0.0.105/modules/pending/discord_desktop_core-1.zip: 58%
8/20/2025, 7:25:09 PM GMT+3 [Modules] Streaming discord_desktop_core@1 to /home/dmtr/.config/discord/0.0.105/modules/pending/discord_desktop_core-1.zip: 60%
8/20/2025, 7:25:09 PM GMT+3 [Modules] Streaming discord_desktop_core@1 to /home/dmtr/.config/discord/0.0.105/modules/pending/discord_desktop_core-1.zip: 61%
8/20/2025, 7:25:09 PM GMT+3 [Modules] Streaming discord_desktop_core@1 to /home/dmtr/.config/discord/0.0.105/modules/pending/discord_desktop_core-1.zip: 66%
8/20/2025, 7:25:09 PM GMT+3 [Modules] Streaming discord_desktop_core@1 to /home/dmtr/.config/discord/0.0.105/modules/pending/discord_desktop_core-1.zip: 72%
8/20/2025, 7:25:09 PM GMT+3 [Modules] Streaming discord_desktop_core@1 to /home/dmtr/.config/discord/0.0.105/modules/pending/discord_desktop_core-1.zip: 77%
8/20/2025, 7:25:09 PM GMT+3 [Modules] Streaming discord_desktop_core@1 to /home/dmtr/.config/discord/0.0.105/modules/pending/discord_desktop_core-1.zip: 81%
8/20/2025, 7:25:09 PM GMT+3 [Modules] Streaming discord_desktop_core@1 to /home/dmtr/.config/discord/0.0.105/modules/pending/discord_desktop_core-1.zip: 86%
8/20/2025, 7:25:09 PM GMT+3 [Modules] Streaming discord_desktop_core@1 to /home/dmtr/.config/discord/0.0.105/modules/pending/discord_desktop_core-1.zip: 90%
8/20/2025, 7:25:09 PM GMT+3 [Modules] Streaming discord_desktop_core@1 to /home/dmtr/.config/discord/0.0.105/modules/pending/discord_desktop_core-1.zip: 95%
8/20/2025, 7:25:09 PM GMT+3 [Modules] Streaming discord_desktop_core@1 to /home/dmtr/.config/discord/0.0.105/modules/pending/discord_desktop_core-1.zip: 98%
8/20/2025, 7:25:09 PM GMT+3 [Modules] Streaming discord_desktop_core@1 to /home/dmtr/.config/discord/0.0.105/modules/pending/discord_desktop_core-1.zip: 100%
8/20/2025, 7:25:09 PM GMT+3 [Modules] Fetching discord_erlpack@1 from https://discord.com/api/modules/stable/discord_erlpack/1
8/20/2025, 7:25:09 PM GMT+3 [Modules] Streaming discord_erlpack@1 to /home/dmtr/.config/discord/0.0.105/modules/pending/discord_erlpack-1.zip
8/20/2025, 7:25:09 PM GMT+3 [Modules] Streaming discord_erlpack@1 to /home/dmtr/.config/discord/0.0.105/modules/pending/discord_erlpack-1.zip: 1%
8/20/2025, 7:25:09 PM GMT+3 [Modules] Streaming discord_erlpack@1 to /home/dmtr/.config/discord/0.0.105/modules/pending/discord_erlpack-1.zip: 3%
8/20/2025, 7:25:09 PM GMT+3 [Modules] Streaming discord_erlpack@1 to /home/dmtr/.config/discord/0.0.105/modules/pending/discord_erlpack-1.zip: 5%
8/20/2025, 7:25:09 PM GMT+3 [Modules] Streaming discord_erlpack@1 to /home/dmtr/.config/discord/0.0.105/modules/pending/discord_erlpack-1.zip: 6%
8/20/2025, 7:25:09 PM GMT+3 [Modules] Streaming discord_erlpack@1 to /home/dmtr/.config/discord/0.0.105/modules/pending/discord_erlpack-1.zip: 8%
8/20/2025, 7:25:09 PM GMT+3 [Modules] Streaming discord_erlpack@1 to /home/dmtr/.config/discord/0.0.105/modules/pending/discord_erlpack-1.zip: 10%
8/20/2025, 7:25:09 PM GMT+3 [Modules] Streaming discord_erlpack@1 to /home/dmtr/.config/discord/0.0.105/modules/pending/discord_erlpack-1.zip: 15%
8/20/2025, 7:25:09 PM GMT+3 [Modules] Streaming discord_erlpack@1 to /home/dmtr/.config/discord/0.0.105/modules/pending/discord_erlpack-1.zip: 18%
8/20/2025, 7:25:09 PM GMT+3 [Modules] Streaming discord_erlpack@1 to /home/dmtr/.config/discord/0.0.105/modules/pending/discord_erlpack-1.zip: 20%
8/20/2025, 7:25:09 PM GMT+3 [Modules] Streaming discord_erlpack@1 to /home/dmtr/.config/discord/0.0.105/modules/pending/discord_erlpack-1.zip: 22%
8/20/2025, 7:25:09 PM GMT+3 [Modules] Streaming discord_erlpack@1 to /home/dmtr/.config/discord/0.0.105/modules/pending/discord_erlpack-1.zip: 25%
8/20/2025, 7:25:09 PM GMT+3 [Modules] Streaming discord_erlpack@1 to /home/dmtr/.config/discord/0.0.105/modules/pending/discord_erlpack-1.zip: 29%
8/20/2025, 7:25:09 PM GMT+3 [Modules] Streaming discord_erlpack@1 to /home/dmtr/.config/discord/0.0.105/modules/pending/discord_erlpack-1.zip: 32%
8/20/2025, 7:25:09 PM GMT+3 [Modules] Streaming discord_erlpack@1 to /home/dmtr/.config/discord/0.0.105/modules/pending/discord_erlpack-1.zip: 36%
8/20/2025, 7:25:09 PM GMT+3 [Modules] Streaming discord_erlpack@1 to /home/dmtr/.config/discord/0.0.105/modules/pending/discord_erlpack-1.zip: 39%
8/20/2025, 7:25:09 PM GMT+3 [Modules] Streaming discord_erlpack@1 to /home/dmtr/.config/discord/0.0.105/modules/pending/discord_erlpack-1.zip: 43%
8/20/2025, 7:25:09 PM GMT+3 [Modules] Streaming discord_erlpack@1 to /home/dmtr/.config/discord/0.0.105/modules/pending/discord_erlpack-1.zip: 48%
8/20/2025, 7:25:09 PM GMT+3 [Modules] Streaming discord_erlpack@1 to /home/dmtr/.config/discord/0.0.105/modules/pending/discord_erlpack-1.zip: 50%
8/20/2025, 7:25:09 PM GMT+3 [Modules] Streaming discord_erlpack@1 to /home/dmtr/.config/discord/0.0.105/modules/pending/discord_erlpack-1.zip: 51%
8/20/2025, 7:25:09 PM GMT+3 [Modules] Streaming discord_erlpack@1 to /home/dmtr/.config/discord/0.0.105/modules/pending/discord_erlpack-1.zip: 53%
8/20/2025, 7:25:09 PM GMT+3 [Modules] Streaming discord_erlpack@1 to /home/dmtr/.config/discord/0.0.105/modules/pending/discord_erlpack-1.zip: 57%
8/20/2025, 7:25:09 PM GMT+3 [Modules] Streaming discord_erlpack@1 to /home/dmtr/.config/discord/0.0.105/modules/pending/discord_erlpack-1.zip: 58%
8/20/2025, 7:25:09 PM GMT+3 [Modules] Streaming discord_erlpack@1 to /home/dmtr/.config/discord/0.0.105/modules/pending/discord_erlpack-1.zip: 60%
8/20/2025, 7:25:09 PM GMT+3 [Modules] Streaming discord_erlpack@1 to /home/dmtr/.config/discord/0.0.105/modules/pending/discord_erlpack-1.zip: 62%
8/20/2025, 7:25:09 PM GMT+3 [Modules] Streaming discord_erlpack@1 to /home/dmtr/.config/discord/0.0.105/modules/pending/discord_erlpack-1.zip: 64%
8/20/2025, 7:25:09 PM GMT+3 [Modules] Streaming discord_erlpack@1 to /home/dmtr/.config/discord/0.0.105/modules/pending/discord_erlpack-1.zip: 65%
8/20/2025, 7:25:09 PM GMT+3 [Modules] Streaming discord_erlpack@1 to /home/dmtr/.config/discord/0.0.105/modules/pending/discord_erlpack-1.zip: 67%
8/20/2025, 7:25:09 PM GMT+3 [Modules] Streaming discord_erlpack@1 to /home/dmtr/.config/discord/0.0.105/modules/pending/discord_erlpack-1.zip: 69%
8/20/2025, 7:25:09 PM GMT+3 [Modules] Streaming discord_erlpack@1 to /home/dmtr/.config/discord/0.0.105/modules/pending/discord_erlpack-1.zip: 70%
8/20/2025, 7:25:09 PM GMT+3 [Modules] Streaming discord_erlpack@1 to /home/dmtr/.config/discord/0.0.105/modules/pending/discord_erlpack-1.zip: 71%
8/20/2025, 7:25:09 PM GMT+3 [Modules] Streaming discord_erlpack@1 to /home/dmtr/.config/discord/0.0.105/modules/pending/discord_erlpack-1.zip: 73%
8/20/2025, 7:25:09 PM GMT+3 [Modules] Streaming discord_erlpack@1 to /home/dmtr/.config/discord/0.0.105/modules/pending/discord_erlpack-1.zip: 77%
8/20/2025, 7:25:09 PM GMT+3 [Modules] Streaming discord_erlpack@1 to /home/dmtr/.config/discord/0.0.105/modules/pending/discord_erlpack-1.zip: 78%
8/20/2025, 7:25:09 PM GMT+3 [Modules] Streaming discord_erlpack@1 to /home/dmtr/.config/discord/0.0.105/modules/pending/discord_erlpack-1.zip: 80%
8/20/2025, 7:25:09 PM GMT+3 [Modules] Streaming discord_erlpack@1 to /home/dmtr/.config/discord/0.0.105/modules/pending/discord_erlpack-1.zip: 82%
8/20/2025, 7:25:09 PM GMT+3 [Modules] Streaming discord_erlpack@1 to /home/dmtr/.config/discord/0.0.105/modules/pending/discord_erlpack-1.zip: 84%
8/20/2025, 7:25:09 PM GMT+3 [Modules] Streaming discord_erlpack@1 to /home/dmtr/.config/discord/0.0.105/modules/pending/discord_erlpack-1.zip: 87%
8/20/2025, 7:25:09 PM GMT+3 [Modules] Streaming discord_erlpack@1 to /home/dmtr/.config/discord/0.0.105/modules/pending/discord_erlpack-1.zip: 90%
8/20/2025, 7:25:09 PM GMT+3 [Modules] Streaming discord_erlpack@1 to /home/dmtr/.config/discord/0.0.105/modules/pending/discord_erlpack-1.zip: 91%
8/20/2025, 7:25:09 PM GMT+3 [Modules] Streaming discord_erlpack@1 to /home/dmtr/.config/discord/0.0.105/modules/pending/discord_erlpack-1.zip: 92%
8/20/2025, 7:25:09 PM GMT+3 [Modules] Streaming discord_erlpack@1 to /home/dmtr/.config/discord/0.0.105/modules/pending/discord_erlpack-1.zip: 94%
8/20/2025, 7:25:09 PM GMT+3 [Modules] Streaming discord_erlpack@1 to /home/dmtr/.config/discord/0.0.105/modules/pending/discord_erlpack-1.zip: 96%
8/20/2025, 7:25:09 PM GMT+3 [Modules] Streaming discord_erlpack@1 to /home/dmtr/.config/discord/0.0.105/modules/pending/discord_erlpack-1.zip: 97%
8/20/2025, 7:25:09 PM GMT+3 [Modules] Streaming discord_erlpack@1 to /home/dmtr/.config/discord/0.0.105/modules/pending/discord_erlpack-1.zip: 99%
8/20/2025, 7:25:09 PM GMT+3 [Modules] Streaming discord_erlpack@1 to /home/dmtr/.config/discord/0.0.105/modules/pending/discord_erlpack-1.zip: 100%
8/20/2025, 7:25:09 PM GMT+3 [Modules] Fetching discord_spellcheck@1 from https://discord.com/api/modules/stable/discord_spellcheck/1
8/20/2025, 7:25:09 PM GMT+3 [Modules] Streaming discord_spellcheck@1 to /home/dmtr/.config/discord/0.0.105/modules/pending/discord_spellcheck-1.zip
8/20/2025, 7:25:10 PM GMT+3 [Modules] Streaming discord_spellcheck@1 to /home/dmtr/.config/discord/0.0.105/modules/pending/discord_spellcheck-1.zip: 1%
8/20/2025, 7:25:10 PM GMT+3 [Modules] Streaming discord_spellcheck@1 to /home/dmtr/.config/discord/0.0.105/modules/pending/discord_spellcheck-1.zip: 2%
8/20/2025, 7:25:10 PM GMT+3 [Modules] Streaming discord_spellcheck@1 to /home/dmtr/.config/discord/0.0.105/modules/pending/discord_spellcheck-1.zip: 3%
8/20/2025, 7:25:10 PM GMT+3 [Modules] Streaming discord_spellcheck@1 to /home/dmtr/.config/discord/0.0.105/modules/pending/discord_spellcheck-1.zip: 4%
8/20/2025, 7:25:10 PM GMT+3 [Modules] Streaming discord_spellcheck@1 to /home/dmtr/.config/discord/0.0.105/modules/pending/discord_spellcheck-1.zip: 5%
8/20/2025, 7:25:10 PM GMT+3 [Modules] Streaming discord_spellcheck@1 to /home/dmtr/.config/discord/0.0.105/modules/pending/discord_spellcheck-1.zip: 6%
8/20/2025, 7:25:10 PM GMT+3 [Modules] Streaming discord_spellcheck@1 to /home/dmtr/.config/discord/0.0.105/modules/pending/discord_spellcheck-1.zip: 7%
8/20/2025, 7:25:10 PM GMT+3 [Modules] Streaming discord_spellcheck@1 to /home/dmtr/.config/discord/0.0.105/modules/pending/discord_spellcheck-1.zip: 8%
8/20/2025, 7:25:10 PM GMT+3 [Modules] Streaming discord_spellcheck@1 to /home/dmtr/.config/discord/0.0.105/modules/pending/discord_spellcheck-1.zip: 9%
8/20/2025, 7:25:10 PM GMT+3 [Modules] Streaming discord_spellcheck@1 to /home/dmtr/.config/discord/0.0.105/modules/pending/discord_spellcheck-1.zip: 10%
8/20/2025, 7:25:10 PM GMT+3 [Modules] Streaming discord_spellcheck@1 to /home/dmtr/.config/discord/0.0.105/modules/pending/discord_spellcheck-1.zip: 11%
8/20/2025, 7:25:10 PM GMT+3 [Modules] Streaming discord_spellcheck@1 to /home/dmtr/.config/discord/0.0.105/modules/pending/discord_spellcheck-1.zip: 12%
8/20/2025, 7:25:10 PM GMT+3 [Modules] Streaming discord_spellcheck@1 to /home/dmtr/.config/discord/0.0.105/modules/pending/discord_spellcheck-1.zip: 13%
8/20/2025, 7:25:10 PM GMT+3 [Modules] Streaming discord_spellcheck@1 to /home/dmtr/.config/discord/0.0.105/modules/pending/discord_spellcheck-1.zip: 14%
8/20/2025, 7:25:10 PM GMT+3 [Modules] Streaming discord_spellcheck@1 to /home/dmtr/.config/discord/0.0.105/modules/pending/discord_spellcheck-1.zip: 15%
8/20/2025, 7:25:10 PM GMT+3 [Modules] Streaming discord_spellcheck@1 to /home/dmtr/.config/discord/0.0.105/modules/pending/discord_spellcheck-1.zip: 16%
8/20/2025, 7:25:10 PM GMT+3 [Modules] Streaming discord_spellcheck@1 to /home/dmtr/.config/discord/0.0.105/modules/pending/discord_spellcheck-1.zip: 17%
8/20/2025, 7:25:10 PM GMT+3 [Modules] Streaming discord_spellcheck@1 to /home/dmtr/.config/discord/0.0.105/modules/pending/discord_spellcheck-1.zip: 18%
8/20/2025, 7:25:10 PM GMT+3 [Modules] Streaming discord_spellcheck@1 to /home/dmtr/.config/discord/0.0.105/modules/pending/discord_spellcheck-1.zip: 19%
8/20/2025, 7:25:10 PM GMT+3 [Modules] Streaming discord_spellcheck@1 to /home/dmtr/.config/discord/0.0.105/modules/pending/discord_spellcheck-1.zip: 20%
8/20/2025, 7:25:10 PM GMT+3 [Modules] Streaming discord_spellcheck@1 to /home/dmtr/.config/discord/0.0.105/modules/pending/discord_spellcheck-1.zip: 21%
8/20/2025, 7:25:10 PM GMT+3 [Modules] Streaming discord_spellcheck@1 to /home/dmtr/.config/discord/0.0.105/modules/pending/discord_spellcheck-1.zip: 22%
8/20/2025, 7:25:10 PM GMT+3 [Modules] Streaming discord_spellcheck@1 to /home/dmtr/.config/discord/0.0.105/modules/pending/discord_spellcheck-1.zip: 23%
8/20/2025, 7:25:10 PM GMT+3 [Modules] Streaming discord_spellcheck@1 to /home/dmtr/.config/discord/0.0.105/modules/pending/discord_spellcheck-1.zip: 24%
8/20/2025, 7:25:10 PM GMT+3 [Modules] Streaming discord_spellcheck@1 to /home/dmtr/.config/discord/0.0.105/modules/pending/discord_spellcheck-1.zip: 25%
8/20/2025, 7:25:10 PM GMT+3 [Modules] Streaming discord_spellcheck@1 to /home/dmtr/.config/discord/0.0.105/modules/pending/discord_spellcheck-1.zip: 26%
8/20/2025, 7:25:10 PM GMT+3 [Modules] Streaming discord_spellcheck@1 to /home/dmtr/.config/discord/0.0.105/modules/pending/discord_spellcheck-1.zip: 27%
8/20/2025, 7:25:10 PM GMT+3 [Modules] Streaming discord_spellcheck@1 to /home/dmtr/.config/discord/0.0.105/modules/pending/discord_spellcheck-1.zip: 28%
8/20/2025, 7:25:10 PM GMT+3 [Modules] Streaming discord_spellcheck@1 to /home/dmtr/.config/discord/0.0.105/modules/pending/discord_spellcheck-1.zip: 29%
8/20/2025, 7:25:10 PM GMT+3 [Modules] Streaming discord_spellcheck@1 to /home/dmtr/.config/discord/0.0.105/modules/pending/discord_spellcheck-1.zip: 30%
8/20/2025, 7:25:10 PM GMT+3 [Modules] Streaming discord_spellcheck@1 to /home/dmtr/.config/discord/0.0.105/modules/pending/discord_spellcheck-1.zip: 31%
8/20/2025, 7:25:10 PM GMT+3 [Modules] Streaming discord_spellcheck@1 to /home/dmtr/.config/discord/0.0.105/modules/pending/discord_spellcheck-1.zip: 32%
8/20/2025, 7:25:10 PM GMT+3 [Modules] Streaming discord_spellcheck@1 to /home/dmtr/.config/discord/0.0.105/modules/pending/discord_spellcheck-1.zip: 33%
8/20/2025, 7:25:10 PM GMT+3 [Modules] Streaming discord_spellcheck@1 to /home/dmtr/.config/discord/0.0.105/modules/pending/discord_spellcheck-1.zip: 34%
8/20/2025, 7:25:10 PM GMT+3 [Modules] Streaming discord_spellcheck@1 to /home/dmtr/.config/discord/0.0.105/modules/pending/discord_spellcheck-1.zip: 35%
8/20/2025, 7:25:10 PM GMT+3 [Modules] Streaming discord_spellcheck@1 to /home/dmtr/.config/discord/0.0.105/modules/pending/discord_spellcheck-1.zip: 36%
8/20/2025, 7:25:10 PM GMT+3 [Modules] Streaming discord_spellcheck@1 to /home/dmtr/.config/discord/0.0.105/modules/pending/discord_spellcheck-1.zip: 37%
8/20/2025, 7:25:10 PM GMT+3 [Modules] Streaming discord_spellcheck@1 to /home/dmtr/.config/discord/0.0.105/modules/pending/discord_spellcheck-1.zip: 38%
8/20/2025, 7:25:10 PM GMT+3 [Modules] Streaming discord_spellcheck@1 to /home/dmtr/.config/discord/0.0.105/modules/pending/discord_spellcheck-1.zip: 39%
8/20/2025, 7:25:10 PM GMT+3 [Modules] Streaming discord_spellcheck@1 to /home/dmtr/.config/discord/0.0.105/modules/pending/discord_spellcheck-1.zip: 40%
8/20/2025, 7:25:10 PM GMT+3 [Modules] Streaming discord_spellcheck@1 to /home/dmtr/.config/discord/0.0.105/modules/pending/discord_spellcheck-1.zip: 41%
8/20/2025, 7:25:10 PM GMT+3 [Modules] Streaming discord_spellcheck@1 to /home/dmtr/.config/discord/0.0.105/modules/pending/discord_spellcheck-1.zip: 42%
8/20/2025, 7:25:10 PM GMT+3 [Modules] Streaming discord_spellcheck@1 to /home/dmtr/.config/discord/0.0.105/modules/pending/discord_spellcheck-1.zip: 43%
8/20/2025, 7:25:10 PM GMT+3 [Modules] Streaming discord_spellcheck@1 to /home/dmtr/.config/discord/0.0.105/modules/pending/discord_spellcheck-1.zip: 44%
8/20/2025, 7:25:10 PM GMT+3 [Modules] Streaming discord_spellcheck@1 to /home/dmtr/.config/discord/0.0.105/modules/pending/discord_spellcheck-1.zip: 45%
8/20/2025, 7:25:10 PM GMT+3 [Modules] Streaming discord_spellcheck@1 to /home/dmtr/.config/discord/0.0.105/modules/pending/discord_spellcheck-1.zip: 46%
8/20/2025, 7:25:10 PM GMT+3 [Modules] Streaming discord_spellcheck@1 to /home/dmtr/.config/discord/0.0.105/modules/pending/discord_spellcheck-1.zip: 47%
8/20/2025, 7:25:10 PM GMT+3 [Modules] Streaming discord_spellcheck@1 to /home/dmtr/.config/discord/0.0.105/modules/pending/discord_spellcheck-1.zip: 48%
8/20/2025, 7:25:10 PM GMT+3 [Modules] Streaming discord_spellcheck@1 to /home/dmtr/.config/discord/0.0.105/modules/pending/discord_spellcheck-1.zip: 49%
8/20/2025, 7:25:10 PM GMT+3 [Modules] Streaming discord_spellcheck@1 to /home/dmtr/.config/discord/0.0.105/modules/pending/discord_spellcheck-1.zip: 50%
8/20/2025, 7:25:10 PM GMT+3 [Modules] Streaming discord_spellcheck@1 to /home/dmtr/.config/discord/0.0.105/modules/pending/discord_spellcheck-1.zip: 51%
8/20/2025, 7:25:10 PM GMT+3 [Modules] Streaming discord_spellcheck@1 to /home/dmtr/.config/discord/0.0.105/modules/pending/discord_spellcheck-1.zip: 52%
8/20/2025, 7:25:10 PM GMT+3 [Modules] Streaming discord_spellcheck@1 to /home/dmtr/.config/discord/0.0.105/modules/pending/discord_spellcheck-1.zip: 53%
8/20/2025, 7:25:10 PM GMT+3 [Modules] Streaming discord_spellcheck@1 to /home/dmtr/.config/discord/0.0.105/modules/pending/discord_spellcheck-1.zip: 54%
8/20/2025, 7:25:10 PM GMT+3 [Modules] Streaming discord_spellcheck@1 to /home/dmtr/.config/discord/0.0.105/modules/pending/discord_spellcheck-1.zip: 55%
8/20/2025, 7:25:10 PM GMT+3 [Modules] Streaming discord_spellcheck@1 to /home/dmtr/.config/discord/0.0.105/modules/pending/discord_spellcheck-1.zip: 56%
8/20/2025, 7:25:10 PM GMT+3 [Modules] Streaming discord_spellcheck@1 to /home/dmtr/.config/discord/0.0.105/modules/pending/discord_spellcheck-1.zip: 57%
8/20/2025, 7:25:10 PM GMT+3 [Modules] Streaming discord_spellcheck@1 to /home/dmtr/.config/discord/0.0.105/modules/pending/discord_spellcheck-1.zip: 58%
8/20/2025, 7:25:10 PM GMT+3 [Modules] Streaming discord_spellcheck@1 to /home/dmtr/.config/discord/0.0.105/modules/pending/discord_spellcheck-1.zip: 59%
8/20/2025, 7:25:10 PM GMT+3 [Modules] Streaming discord_spellcheck@1 to /home/dmtr/.config/discord/0.0.105/modules/pending/discord_spellcheck-1.zip: 60%
8/20/2025, 7:25:10 PM GMT+3 [Modules] Streaming discord_spellcheck@1 to /home/dmtr/.config/discord/0.0.105/modules/pending/discord_spellcheck-1.zip: 61%
8/20/2025, 7:25:10 PM GMT+3 [Modules] Streaming discord_spellcheck@1 to /home/dmtr/.config/discord/0.0.105/modules/pending/discord_spellcheck-1.zip: 62%
8/20/2025, 7:25:10 PM GMT+3 [Modules] Streaming discord_spellcheck@1 to /home/dmtr/.config/discord/0.0.105/modules/pending/discord_spellcheck-1.zip: 63%
8/20/2025, 7:25:10 PM GMT+3 [Modules] Streaming discord_spellcheck@1 to /home/dmtr/.config/discord/0.0.105/modules/pending/discord_spellcheck-1.zip: 64%
8/20/2025, 7:25:10 PM GMT+3 [Modules] Streaming discord_spellcheck@1 to /home/dmtr/.config/discord/0.0.105/modules/pending/discord_spellcheck-1.zip: 65%
8/20/2025, 7:25:10 PM GMT+3 [Modules] Streaming discord_spellcheck@1 to /home/dmtr/.config/discord/0.0.105/modules/pending/discord_spellcheck-1.zip: 66%
8/20/2025, 7:25:10 PM GMT+3 [Modules] Streaming discord_spellcheck@1 to /home/dmtr/.config/discord/0.0.105/modules/pending/discord_spellcheck-1.zip: 67%
8/20/2025, 7:25:10 PM GMT+3 [Modules] Streaming discord_spellcheck@1 to /home/dmtr/.config/discord/0.0.105/modules/pending/discord_spellcheck-1.zip: 68%
8/20/2025, 7:25:10 PM GMT+3 [Modules] Streaming discord_spellcheck@1 to /home/dmtr/.config/discord/0.0.105/modules/pending/discord_spellcheck-1.zip: 69%
8/20/2025, 7:25:10 PM GMT+3 [Modules] Streaming discord_spellcheck@1 to /home/dmtr/.config/discord/0.0.105/modules/pending/discord_spellcheck-1.zip: 70%
8/20/2025, 7:25:10 PM GMT+3 [Modules] Streaming discord_spellcheck@1 to /home/dmtr/.config/discord/0.0.105/modules/pending/discord_spellcheck-1.zip: 71%
8/20/2025, 7:25:10 PM GMT+3 [Modules] Streaming discord_spellcheck@1 to /home/dmtr/.config/discord/0.0.105/modules/pending/discord_spellcheck-1.zip: 72%
8/20/2025, 7:25:10 PM GMT+3 [Modules] Streaming discord_spellcheck@1 to /home/dmtr/.config/discord/0.0.105/modules/pending/discord_spellcheck-1.zip: 73%
8/20/2025, 7:25:10 PM GMT+3 [Modules] Streaming discord_spellcheck@1 to /home/dmtr/.config/discord/0.0.105/modules/pending/discord_spellcheck-1.zip: 74%
8/20/2025, 7:25:11 PM GMT+3 [Modules] Streaming discord_spellcheck@1 to /home/dmtr/.config/discord/0.0.105/modules/pending/discord_spellcheck-1.zip: 75%
8/20/2025, 7:25:11 PM GMT+3 [Modules] Streaming discord_spellcheck@1 to /home/dmtr/.config/discord/0.0.105/modules/pending/discord_spellcheck-1.zip: 76%
8/20/2025, 7:25:11 PM GMT+3 [Modules] Streaming discord_spellcheck@1 to /home/dmtr/.config/discord/0.0.105/modules/pending/discord_spellcheck-1.zip: 77%
8/20/2025, 7:25:11 PM GMT+3 [Modules] Streaming discord_spellcheck@1 to /home/dmtr/.config/discord/0.0.105/modules/pending/discord_spellcheck-1.zip: 78%
8/20/2025, 7:25:11 PM GMT+3 [Modules] Streaming discord_spellcheck@1 to /home/dmtr/.config/discord/0.0.105/modules/pending/discord_spellcheck-1.zip: 79%
8/20/2025, 7:25:11 PM GMT+3 [Modules] Streaming discord_spellcheck@1 to /home/dmtr/.config/discord/0.0.105/modules/pending/discord_spellcheck-1.zip: 80%
8/20/2025, 7:25:11 PM GMT+3 [Modules] Streaming discord_spellcheck@1 to /home/dmtr/.config/discord/0.0.105/modules/pending/discord_spellcheck-1.zip: 81%
8/20/2025, 7:25:11 PM GMT+3 [Modules] Streaming discord_spellcheck@1 to /home/dmtr/.config/discord/0.0.105/modules/pending/discord_spellcheck-1.zip: 82%
8/20/2025, 7:25:11 PM GMT+3 [Modules] Streaming discord_spellcheck@1 to /home/dmtr/.config/discord/0.0.105/modules/pending/discord_spellcheck-1.zip: 83%
8/20/2025, 7:25:11 PM GMT+3 [Modules] Streaming discord_spellcheck@1 to /home/dmtr/.config/discord/0.0.105/modules/pending/discord_spellcheck-1.zip: 84%
8/20/2025, 7:25:11 PM GMT+3 [Modules] Streaming discord_spellcheck@1 to /home/dmtr/.config/discord/0.0.105/modules/pending/discord_spellcheck-1.zip: 85%
8/20/2025, 7:25:11 PM GMT+3 [Modules] Streaming discord_spellcheck@1 to /home/dmtr/.config/discord/0.0.105/modules/pending/discord_spellcheck-1.zip: 86%
8/20/2025, 7:25:11 PM GMT+3 [Modules] Streaming discord_spellcheck@1 to /home/dmtr/.config/discord/0.0.105/modules/pending/discord_spellcheck-1.zip: 87%
8/20/2025, 7:25:11 PM GMT+3 [Modules] Streaming discord_spellcheck@1 to /home/dmtr/.config/discord/0.0.105/modules/pending/discord_spellcheck-1.zip: 88%
8/20/2025, 7:25:11 PM GMT+3 [Modules] Streaming discord_spellcheck@1 to /home/dmtr/.config/discord/0.0.105/modules/pending/discord_spellcheck-1.zip: 89%
8/20/2025, 7:25:11 PM GMT+3 [Modules] Streaming discord_spellcheck@1 to /home/dmtr/.config/discord/0.0.105/modules/pending/discord_spellcheck-1.zip: 90%
8/20/2025, 7:25:11 PM GMT+3 [Modules] Streaming discord_spellcheck@1 to /home/dmtr/.config/discord/0.0.105/modules/pending/discord_spellcheck-1.zip: 91%
8/20/2025, 7:25:11 PM GMT+3 [Modules] Streaming discord_spellcheck@1 to /home/dmtr/.config/discord/0.0.105/modules/pending/discord_spellcheck-1.zip: 92%
8/20/2025, 7:25:11 PM GMT+3 [Modules] Streaming discord_spellcheck@1 to /home/dmtr/.config/discord/0.0.105/modules/pending/discord_spellcheck-1.zip: 93%
8/20/2025, 7:25:11 PM GMT+3 [Modules] Streaming discord_spellcheck@1 to /home/dmtr/.config/discord/0.0.105/modules/pending/discord_spellcheck-1.zip: 94%
8/20/2025, 7:25:11 PM GMT+3 [Modules] Streaming discord_spellcheck@1 to /home/dmtr/.config/discord/0.0.105/modules/pending/discord_spellcheck-1.zip: 95%
8/20/2025, 7:25:11 PM GMT+3 [Modules] Streaming discord_spellcheck@1 to /home/dmtr/.config/discord/0.0.105/modules/pending/discord_spellcheck-1.zip: 96%
8/20/2025, 7:25:11 PM GMT+3 [Modules] Streaming discord_spellcheck@1 to /home/dmtr/.config/discord/0.0.105/modules/pending/discord_spellcheck-1.zip: 97%
8/20/2025, 7:25:11 PM GMT+3 [Modules] Streaming discord_spellcheck@1 to /home/dmtr/.config/discord/0.0.105/modules/pending/discord_spellcheck-1.zip: 98%
8/20/2025, 7:25:11 PM GMT+3 [Modules] Streaming discord_spellcheck@1 to /home/dmtr/.config/discord/0.0.105/modules/pending/discord_spellcheck-1.zip: 99%
8/20/2025, 7:25:11 PM GMT+3 [Modules] Streaming discord_spellcheck@1 to /home/dmtr/.config/discord/0.0.105/modules/pending/discord_spellcheck-1.zip: 100%
8/20/2025, 7:25:11 PM GMT+3 [Modules] Fetching discord_utils@1 from https://discord.com/api/modules/stable/discord_utils/1
8/20/2025, 7:25:11 PM GMT+3 [Modules] Streaming discord_utils@1 to /home/dmtr/.config/discord/0.0.105/modules/pending/discord_utils-1.zip
8/20/2025, 7:25:11 PM GMT+3 [Modules] Streaming discord_utils@1 to /home/dmtr/.config/discord/0.0.105/modules/pending/discord_utils-1.zip: 1%
8/20/2025, 7:25:11 PM GMT+3 [Modules] Streaming discord_utils@1 to /home/dmtr/.config/discord/0.0.105/modules/pending/discord_utils-1.zip: 2%
8/20/2025, 7:25:11 PM GMT+3 [Modules] Streaming discord_utils@1 to /home/dmtr/.config/discord/0.0.105/modules/pending/discord_utils-1.zip: 3%
8/20/2025, 7:25:11 PM GMT+3 [Modules] Streaming discord_utils@1 to /home/dmtr/.config/discord/0.0.105/modules/pending/discord_utils-1.zip: 4%
8/20/2025, 7:25:11 PM GMT+3 [Modules] Streaming discord_utils@1 to /home/dmtr/.config/discord/0.0.105/modules/pending/discord_utils-1.zip: 5%
8/20/2025, 7:25:11 PM GMT+3 [Modules] Streaming discord_utils@1 to /home/dmtr/.config/discord/0.0.105/modules/pending/discord_utils-1.zip: 6%
8/20/2025, 7:25:11 PM GMT+3 [Modules] Streaming discord_utils@1 to /home/dmtr/.config/discord/0.0.105/modules/pending/discord_utils-1.zip: 7%
8/20/2025, 7:25:11 PM GMT+3 [Modules] Streaming discord_utils@1 to /home/dmtr/.config/discord/0.0.105/modules/pending/discord_utils-1.zip: 9%
8/20/2025, 7:25:11 PM GMT+3 [Modules] Streaming discord_utils@1 to /home/dmtr/.config/discord/0.0.105/modules/pending/discord_utils-1.zip: 10%
8/20/2025, 7:25:11 PM GMT+3 [Modules] Streaming discord_utils@1 to /home/dmtr/.config/discord/0.0.105/modules/pending/discord_utils-1.zip: 11%
8/20/2025, 7:25:11 PM GMT+3 [Modules] Streaming discord_utils@1 to /home/dmtr/.config/discord/0.0.105/modules/pending/discord_utils-1.zip: 13%
8/20/2025, 7:25:11 PM GMT+3 [Modules] Streaming discord_utils@1 to /home/dmtr/.config/discord/0.0.105/modules/pending/discord_utils-1.zip: 14%
8/20/2025, 7:25:11 PM GMT+3 [Modules] Streaming discord_utils@1 to /home/dmtr/.config/discord/0.0.105/modules/pending/discord_utils-1.zip: 15%
8/20/2025, 7:25:11 PM GMT+3 [Modules] Streaming discord_utils@1 to /home/dmtr/.config/discord/0.0.105/modules/pending/discord_utils-1.zip: 18%
8/20/2025, 7:25:11 PM GMT+3 [Modules] Streaming discord_utils@1 to /home/dmtr/.config/discord/0.0.105/modules/pending/discord_utils-1.zip: 19%
8/20/2025, 7:25:11 PM GMT+3 [Modules] Streaming discord_utils@1 to /home/dmtr/.config/discord/0.0.105/modules/pending/discord_utils-1.zip: 21%
8/20/2025, 7:25:11 PM GMT+3 [Modules] Streaming discord_utils@1 to /home/dmtr/.config/discord/0.0.105/modules/pending/discord_utils-1.zip: 22%
8/20/2025, 7:25:11 PM GMT+3 [Modules] Streaming discord_utils@1 to /home/dmtr/.config/discord/0.0.105/modules/pending/discord_utils-1.zip: 23%
8/20/2025, 7:25:11 PM GMT+3 [Modules] Streaming discord_utils@1 to /home/dmtr/.config/discord/0.0.105/modules/pending/discord_utils-1.zip: 25%
8/20/2025, 7:25:11 PM GMT+3 [Modules] Streaming discord_utils@1 to /home/dmtr/.config/discord/0.0.105/modules/pending/discord_utils-1.zip: 26%
8/20/2025, 7:25:11 PM GMT+3 [Modules] Streaming discord_utils@1 to /home/dmtr/.config/discord/0.0.105/modules/pending/discord_utils-1.zip: 27%
8/20/2025, 7:25:11 PM GMT+3 [Modules] Streaming discord_utils@1 to /home/dmtr/.config/discord/0.0.105/modules/pending/discord_utils-1.zip: 28%
8/20/2025, 7:25:11 PM GMT+3 [Modules] Streaming discord_utils@1 to /home/dmtr/.config/discord/0.0.105/modules/pending/discord_utils-1.zip: 29%
8/20/2025, 7:25:11 PM GMT+3 [Modules] Streaming discord_utils@1 to /home/dmtr/.config/discord/0.0.105/modules/pending/discord_utils-1.zip: 30%
8/20/2025, 7:25:11 PM GMT+3 [Modules] Streaming discord_utils@1 to /home/dmtr/.config/discord/0.0.105/modules/pending/discord_utils-1.zip: 31%
8/20/2025, 7:25:11 PM GMT+3 [Modules] Streaming discord_utils@1 to /home/dmtr/.config/discord/0.0.105/modules/pending/discord_utils-1.zip: 32%
8/20/2025, 7:25:11 PM GMT+3 [Modules] Streaming discord_utils@1 to /home/dmtr/.config/discord/0.0.105/modules/pending/discord_utils-1.zip: 33%
8/20/2025, 7:25:11 PM GMT+3 [Modules] Streaming discord_utils@1 to /home/dmtr/.config/discord/0.0.105/modules/pending/discord_utils-1.zip: 35%
8/20/2025, 7:25:11 PM GMT+3 [Modules] Streaming discord_utils@1 to /home/dmtr/.config/discord/0.0.105/modules/pending/discord_utils-1.zip: 36%
8/20/2025, 7:25:11 PM GMT+3 [Modules] Streaming discord_utils@1 to /home/dmtr/.config/discord/0.0.105/modules/pending/discord_utils-1.zip: 37%
8/20/2025, 7:25:11 PM GMT+3 [Modules] Streaming discord_utils@1 to /home/dmtr/.config/discord/0.0.105/modules/pending/discord_utils-1.zip: 38%
8/20/2025, 7:25:11 PM GMT+3 [Modules] Streaming discord_utils@1 to /home/dmtr/.config/discord/0.0.105/modules/pending/discord_utils-1.zip: 39%
8/20/2025, 7:25:11 PM GMT+3 [Modules] Streaming discord_utils@1 to /home/dmtr/.config/discord/0.0.105/modules/pending/discord_utils-1.zip: 40%
8/20/2025, 7:25:11 PM GMT+3 [Modules] Streaming discord_utils@1 to /home/dmtr/.config/discord/0.0.105/modules/pending/discord_utils-1.zip: 41%
8/20/2025, 7:25:11 PM GMT+3 [Modules] Streaming discord_utils@1 to /home/dmtr/.config/discord/0.0.105/modules/pending/discord_utils-1.zip: 42%
8/20/2025, 7:25:11 PM GMT+3 [Modules] Streaming discord_utils@1 to /home/dmtr/.config/discord/0.0.105/modules/pending/discord_utils-1.zip: 43%
8/20/2025, 7:25:11 PM GMT+3 [Modules] Streaming discord_utils@1 to /home/dmtr/.config/discord/0.0.105/modules/pending/discord_utils-1.zip: 44%
8/20/2025, 7:25:11 PM GMT+3 [Modules] Streaming discord_utils@1 to /home/dmtr/.config/discord/0.0.105/modules/pending/discord_utils-1.zip: 45%
8/20/2025, 7:25:11 PM GMT+3 [Modules] Streaming discord_utils@1 to /home/dmtr/.config/discord/0.0.105/modules/pending/discord_utils-1.zip: 46%
8/20/2025, 7:25:11 PM GMT+3 [Modules] Streaming discord_utils@1 to /home/dmtr/.config/discord/0.0.105/modules/pending/discord_utils-1.zip: 47%
8/20/2025, 7:25:11 PM GMT+3 [Modules] Streaming discord_utils@1 to /home/dmtr/.config/discord/0.0.105/modules/pending/discord_utils-1.zip: 48%
8/20/2025, 7:25:11 PM GMT+3 [Modules] Streaming discord_utils@1 to /home/dmtr/.config/discord/0.0.105/modules/pending/discord_utils-1.zip: 49%
8/20/2025, 7:25:11 PM GMT+3 [Modules] Streaming discord_utils@1 to /home/dmtr/.config/discord/0.0.105/modules/pending/discord_utils-1.zip: 51%
8/20/2025, 7:25:11 PM GMT+3 [Modules] Streaming discord_utils@1 to /home/dmtr/.config/discord/0.0.105/modules/pending/discord_utils-1.zip: 52%
8/20/2025, 7:25:11 PM GMT+3 [Modules] Streaming discord_utils@1 to /home/dmtr/.config/discord/0.0.105/modules/pending/discord_utils-1.zip: 54%
8/20/2025, 7:25:11 PM GMT+3 [Modules] Streaming discord_utils@1 to /home/dmtr/.config/discord/0.0.105/modules/pending/discord_utils-1.zip: 55%
8/20/2025, 7:25:11 PM GMT+3 [Modules] Streaming discord_utils@1 to /home/dmtr/.config/discord/0.0.105/modules/pending/discord_utils-1.zip: 56%
8/20/2025, 7:25:11 PM GMT+3 [Modules] Streaming discord_utils@1 to /home/dmtr/.config/discord/0.0.105/modules/pending/discord_utils-1.zip: 57%
8/20/2025, 7:25:11 PM GMT+3 [Modules] Streaming discord_utils@1 to /home/dmtr/.config/discord/0.0.105/modules/pending/discord_utils-1.zip: 58%
8/20/2025, 7:25:11 PM GMT+3 [Modules] Streaming discord_utils@1 to /home/dmtr/.config/discord/0.0.105/modules/pending/discord_utils-1.zip: 59%
8/20/2025, 7:25:11 PM GMT+3 [Modules] Streaming discord_utils@1 to /home/dmtr/.config/discord/0.0.105/modules/pending/discord_utils-1.zip: 60%
8/20/2025, 7:25:11 PM GMT+3 [Modules] Streaming discord_utils@1 to /home/dmtr/.config/discord/0.0.105/modules/pending/discord_utils-1.zip: 61%
8/20/2025, 7:25:11 PM GMT+3 [Modules] Streaming discord_utils@1 to /home/dmtr/.config/discord/0.0.105/modules/pending/discord_utils-1.zip: 62%
8/20/2025, 7:25:11 PM GMT+3 [Modules] Streaming discord_utils@1 to /home/dmtr/.config/discord/0.0.105/modules/pending/discord_utils-1.zip: 63%
8/20/2025, 7:25:11 PM GMT+3 [Modules] Streaming discord_utils@1 to /home/dmtr/.config/discord/0.0.105/modules/pending/discord_utils-1.zip: 65%
8/20/2025, 7:25:11 PM GMT+3 [Modules] Streaming discord_utils@1 to /home/dmtr/.config/discord/0.0.105/modules/pending/discord_utils-1.zip: 66%
8/20/2025, 7:25:11 PM GMT+3 [Modules] Streaming discord_utils@1 to /home/dmtr/.config/discord/0.0.105/modules/pending/discord_utils-1.zip: 67%
8/20/2025, 7:25:11 PM GMT+3 [Modules] Streaming discord_utils@1 to /home/dmtr/.config/discord/0.0.105/modules/pending/discord_utils-1.zip: 69%
8/20/2025, 7:25:11 PM GMT+3 [Modules] Streaming discord_utils@1 to /home/dmtr/.config/discord/0.0.105/modules/pending/discord_utils-1.zip: 70%
8/20/2025, 7:25:11 PM GMT+3 [Modules] Streaming discord_utils@1 to /home/dmtr/.config/discord/0.0.105/modules/pending/discord_utils-1.zip: 71%
8/20/2025, 7:25:11 PM GMT+3 [Modules] Streaming discord_utils@1 to /home/dmtr/.config/discord/0.0.105/modules/pending/discord_utils-1.zip: 72%
8/20/2025, 7:25:11 PM GMT+3 [Modules] Streaming discord_utils@1 to /home/dmtr/.config/discord/0.0.105/modules/pending/discord_utils-1.zip: 73%
8/20/2025, 7:25:11 PM GMT+3 [Modules] Streaming discord_utils@1 to /home/dmtr/.config/discord/0.0.105/modules/pending/discord_utils-1.zip: 74%
8/20/2025, 7:25:11 PM GMT+3 [Modules] Streaming discord_utils@1 to /home/dmtr/.config/discord/0.0.105/modules/pending/discord_utils-1.zip: 76%
8/20/2025, 7:25:11 PM GMT+3 [Modules] Streaming discord_utils@1 to /home/dmtr/.config/discord/0.0.105/modules/pending/discord_utils-1.zip: 77%
8/20/2025, 7:25:11 PM GMT+3 [Modules] Streaming discord_utils@1 to /home/dmtr/.config/discord/0.0.105/modules/pending/discord_utils-1.zip: 78%
8/20/2025, 7:25:11 PM GMT+3 [Modules] Streaming discord_utils@1 to /home/dmtr/.config/discord/0.0.105/modules/pending/discord_utils-1.zip: 80%
8/20/2025, 7:25:11 PM GMT+3 [Modules] Streaming discord_utils@1 to /home/dmtr/.config/discord/0.0.105/modules/pending/discord_utils-1.zip: 81%
8/20/2025, 7:25:11 PM GMT+3 [Modules] Streaming discord_utils@1 to /home/dmtr/.config/discord/0.0.105/modules/pending/discord_utils-1.zip: 82%
8/20/2025, 7:25:11 PM GMT+3 [Modules] Streaming discord_utils@1 to /home/dmtr/.config/discord/0.0.105/modules/pending/discord_utils-1.zip: 84%
8/20/2025, 7:25:11 PM GMT+3 [Modules] Streaming discord_utils@1 to /home/dmtr/.config/discord/0.0.105/modules/pending/discord_utils-1.zip: 85%
8/20/2025, 7:25:11 PM GMT+3 [Modules] Streaming discord_utils@1 to /home/dmtr/.config/discord/0.0.105/modules/pending/discord_utils-1.zip: 86%
8/20/2025, 7:25:11 PM GMT+3 [Modules] Streaming discord_utils@1 to /home/dmtr/.config/discord/0.0.105/modules/pending/discord_utils-1.zip: 88%
8/20/2025, 7:25:11 PM GMT+3 [Modules] Streaming discord_utils@1 to /home/dmtr/.config/discord/0.0.105/modules/pending/discord_utils-1.zip: 89%
8/20/2025, 7:25:11 PM GMT+3 [Modules] Streaming discord_utils@1 to /home/dmtr/.config/discord/0.0.105/modules/pending/discord_utils-1.zip: 90%
8/20/2025, 7:25:11 PM GMT+3 [Modules] Streaming discord_utils@1 to /home/dmtr/.config/discord/0.0.105/modules/pending/discord_utils-1.zip: 91%
8/20/2025, 7:25:11 PM GMT+3 [Modules] Streaming discord_utils@1 to /home/dmtr/.config/discord/0.0.105/modules/pending/discord_utils-1.zip: 93%
8/20/2025, 7:25:11 PM GMT+3 [Modules] Streaming discord_utils@1 to /home/dmtr/.config/discord/0.0.105/modules/pending/discord_utils-1.zip: 94%
8/20/2025, 7:25:11 PM GMT+3 [Modules] Streaming discord_utils@1 to /home/dmtr/.config/discord/0.0.105/modules/pending/discord_utils-1.zip: 96%
8/20/2025, 7:25:11 PM GMT+3 [Modules] Streaming discord_utils@1 to /home/dmtr/.config/discord/0.0.105/modules/pending/discord_utils-1.zip: 97%
8/20/2025, 7:25:11 PM GMT+3 [Modules] Streaming discord_utils@1 to /home/dmtr/.config/discord/0.0.105/modules/pending/discord_utils-1.zip: 98%
8/20/2025, 7:25:11 PM GMT+3 [Modules] Streaming discord_utils@1 to /home/dmtr/.config/discord/0.0.105/modules/pending/discord_utils-1.zip: 99%
8/20/2025, 7:25:11 PM GMT+3 [Modules] Streaming discord_utils@1 to /home/dmtr/.config/discord/0.0.105/modules/pending/discord_utils-1.zip: 100%
8/20/2025, 7:25:11 PM GMT+3 [Modules] Fetching discord_voice@1 from https://discord.com/api/modules/stable/discord_voice/1
8/20/2025, 7:25:11 PM GMT+3 [Modules] Streaming discord_voice@1 to /home/dmtr/.config/discord/0.0.105/modules/pending/discord_voice-1.zip
8/20/2025, 7:25:12 PM GMT+3 [Modules] Streaming discord_voice@1 to /home/dmtr/.config/discord/0.0.105/modules/pending/discord_voice-1.zip: 1%
8/20/2025, 7:25:12 PM GMT+3 [Modules] Streaming discord_voice@1 to /home/dmtr/.config/discord/0.0.105/modules/pending/discord_voice-1.zip: 2%
8/20/2025, 7:25:12 PM GMT+3 [Modules] Streaming discord_voice@1 to /home/dmtr/.config/discord/0.0.105/modules/pending/discord_voice-1.zip: 3%
8/20/2025, 7:25:12 PM GMT+3 [Modules] Streaming discord_voice@1 to /home/dmtr/.config/discord/0.0.105/modules/pending/discord_voice-1.zip: 4%
8/20/2025, 7:25:12 PM GMT+3 [Modules] Streaming discord_voice@1 to /home/dmtr/.config/discord/0.0.105/modules/pending/discord_voice-1.zip: 5%
8/20/2025, 7:25:12 PM GMT+3 [Modules] Streaming discord_voice@1 to /home/dmtr/.config/discord/0.0.105/modules/pending/discord_voice-1.zip: 7%
8/20/2025, 7:25:12 PM GMT+3 [Modules] Streaming discord_voice@1 to /home/dmtr/.config/discord/0.0.105/modules/pending/discord_voice-1.zip: 8%
8/20/2025, 7:25:12 PM GMT+3 [Modules] Streaming discord_voice@1 to /home/dmtr/.config/discord/0.0.105/modules/pending/discord_voice-1.zip: 9%
8/20/2025, 7:25:12 PM GMT+3 [Modules] Streaming discord_voice@1 to /home/dmtr/.config/discord/0.0.105/modules/pending/discord_voice-1.zip: 10%
8/20/2025, 7:25:12 PM GMT+3 [Modules] Streaming discord_voice@1 to /home/dmtr/.config/discord/0.0.105/modules/pending/discord_voice-1.zip: 11%
8/20/2025, 7:25:12 PM GMT+3 [Modules] Streaming discord_voice@1 to /home/dmtr/.config/discord/0.0.105/modules/pending/discord_voice-1.zip: 12%
8/20/2025, 7:25:12 PM GMT+3 [Modules] Streaming discord_voice@1 to /home/dmtr/.config/discord/0.0.105/modules/pending/discord_voice-1.zip: 13%
8/20/2025, 7:25:12 PM GMT+3 [Modules] Streaming discord_voice@1 to /home/dmtr/.config/discord/0.0.105/modules/pending/discord_voice-1.zip: 14%
8/20/2025, 7:25:12 PM GMT+3 [Modules] Streaming discord_voice@1 to /home/dmtr/.config/discord/0.0.105/modules/pending/discord_voice-1.zip: 15%
8/20/2025, 7:25:12 PM GMT+3 [Modules] Streaming discord_voice@1 to /home/dmtr/.config/discord/0.0.105/modules/pending/discord_voice-1.zip: 16%
8/20/2025, 7:25:13 PM GMT+3 [Modules] Streaming discord_voice@1 to /home/dmtr/.config/discord/0.0.105/modules/pending/discord_voice-1.zip: 17%
8/20/2025, 7:25:13 PM GMT+3 [Modules] Streaming discord_voice@1 to /home/dmtr/.config/discord/0.0.105/modules/pending/discord_voice-1.zip: 18%
8/20/2025, 7:25:13 PM GMT+3 [Modules] Streaming discord_voice@1 to /home/dmtr/.config/discord/0.0.105/modules/pending/discord_voice-1.zip: 19%
8/20/2025, 7:25:13 PM GMT+3 [Modules] Streaming discord_voice@1 to /home/dmtr/.config/discord/0.0.105/modules/pending/discord_voice-1.zip: 20%
8/20/2025, 7:25:13 PM GMT+3 [Modules] Streaming discord_voice@1 to /home/dmtr/.config/discord/0.0.105/modules/pending/discord_voice-1.zip: 21%
8/20/2025, 7:25:13 PM GMT+3 [Modules] Streaming discord_voice@1 to /home/dmtr/.config/discord/0.0.105/modules/pending/discord_voice-1.zip: 22%
8/20/2025, 7:25:13 PM GMT+3 [Modules] Streaming discord_voice@1 to /home/dmtr/.config/discord/0.0.105/modules/pending/discord_voice-1.zip: 24%
8/20/2025, 7:25:13 PM GMT+3 [Modules] Streaming discord_voice@1 to /home/dmtr/.config/discord/0.0.105/modules/pending/discord_voice-1.zip: 25%
8/20/2025, 7:25:13 PM GMT+3 [Modules] Streaming discord_voice@1 to /home/dmtr/.config/discord/0.0.105/modules/pending/discord_voice-1.zip: 26%
8/20/2025, 7:25:13 PM GMT+3 [Modules] Streaming discord_voice@1 to /home/dmtr/.config/discord/0.0.105/modules/pending/discord_voice-1.zip: 27%
8/20/2025, 7:25:13 PM GMT+3 [Modules] Streaming discord_voice@1 to /home/dmtr/.config/discord/0.0.105/modules/pending/discord_voice-1.zip: 28%
8/20/2025, 7:25:13 PM GMT+3 [Modules] Streaming discord_voice@1 to /home/dmtr/.config/discord/0.0.105/modules/pending/discord_voice-1.zip: 29%
8/20/2025, 7:25:13 PM GMT+3 [Modules] Streaming discord_voice@1 to /home/dmtr/.config/discord/0.0.105/modules/pending/discord_voice-1.zip: 30%
8/20/2025, 7:25:13 PM GMT+3 [Modules] Streaming discord_voice@1 to /home/dmtr/.config/discord/0.0.105/modules/pending/discord_voice-1.zip: 31%
8/20/2025, 7:25:13 PM GMT+3 [Modules] Streaming discord_voice@1 to /home/dmtr/.config/discord/0.0.105/modules/pending/discord_voice-1.zip: 32%
8/20/2025, 7:25:13 PM GMT+3 [Modules] Streaming discord_voice@1 to /home/dmtr/.config/discord/0.0.105/modules/pending/discord_voice-1.zip: 33%
8/20/2025, 7:25:13 PM GMT+3 [Modules] Streaming discord_voice@1 to /home/dmtr/.config/discord/0.0.105/modules/pending/discord_voice-1.zip: 34%
8/20/2025, 7:25:13 PM GMT+3 [Modules] Streaming discord_voice@1 to /home/dmtr/.config/discord/0.0.105/modules/pending/discord_voice-1.zip: 35%
8/20/2025, 7:25:13 PM GMT+3 [Modules] Streaming discord_voice@1 to /home/dmtr/.config/discord/0.0.105/modules/pending/discord_voice-1.zip: 36%
8/20/2025, 7:25:13 PM GMT+3 [Modules] Streaming discord_voice@1 to /home/dmtr/.config/discord/0.0.105/modules/pending/discord_voice-1.zip: 37%
8/20/2025, 7:25:13 PM GMT+3 [Modules] Streaming discord_voice@1 to /home/dmtr/.config/discord/0.0.105/modules/pending/discord_voice-1.zip: 38%
8/20/2025, 7:25:13 PM GMT+3 [Modules] Streaming discord_voice@1 to /home/dmtr/.config/discord/0.0.105/modules/pending/discord_voice-1.zip: 39%
8/20/2025, 7:25:13 PM GMT+3 [Modules] Streaming discord_voice@1 to /home/dmtr/.config/discord/0.0.105/modules/pending/discord_voice-1.zip: 40%
8/20/2025, 7:25:13 PM GMT+3 [Modules] Streaming discord_voice@1 to /home/dmtr/.config/discord/0.0.105/modules/pending/discord_voice-1.zip: 41%
8/20/2025, 7:25:13 PM GMT+3 [Modules] Streaming discord_voice@1 to /home/dmtr/.config/discord/0.0.105/modules/pending/discord_voice-1.zip: 42%
8/20/2025, 7:25:13 PM GMT+3 [Modules] Streaming discord_voice@1 to /home/dmtr/.config/discord/0.0.105/modules/pending/discord_voice-1.zip: 43%
8/20/2025, 7:25:13 PM GMT+3 [Modules] Streaming discord_voice@1 to /home/dmtr/.config/discord/0.0.105/modules/pending/discord_voice-1.zip: 44%
8/20/2025, 7:25:13 PM GMT+3 [Modules] Streaming discord_voice@1 to /home/dmtr/.config/discord/0.0.105/modules/pending/discord_voice-1.zip: 45%
8/20/2025, 7:25:13 PM GMT+3 [Modules] Streaming discord_voice@1 to /home/dmtr/.config/discord/0.0.105/modules/pending/discord_voice-1.zip: 46%
8/20/2025, 7:25:13 PM GMT+3 [Modules] Streaming discord_voice@1 to /home/dmtr/.config/discord/0.0.105/modules/pending/discord_voice-1.zip: 47%
8/20/2025, 7:25:13 PM GMT+3 [Modules] Streaming discord_voice@1 to /home/dmtr/.config/discord/0.0.105/modules/pending/discord_voice-1.zip: 48%
8/20/2025, 7:25:13 PM GMT+3 [Modules] Streaming discord_voice@1 to /home/dmtr/.config/discord/0.0.105/modules/pending/discord_voice-1.zip: 49%
8/20/2025, 7:25:13 PM GMT+3 [Modules] Streaming discord_voice@1 to /home/dmtr/.config/discord/0.0.105/modules/pending/discord_voice-1.zip: 50%
8/20/2025, 7:25:13 PM GMT+3 [Modules] Streaming discord_voice@1 to /home/dmtr/.config/discord/0.0.105/modules/pending/discord_voice-1.zip: 51%
8/20/2025, 7:25:13 PM GMT+3 [Modules] Streaming discord_voice@1 to /home/dmtr/.config/discord/0.0.105/modules/pending/discord_voice-1.zip: 52%
8/20/2025, 7:25:13 PM GMT+3 [Modules] Streaming discord_voice@1 to /home/dmtr/.config/discord/0.0.105/modules/pending/discord_voice-1.zip: 53%
8/20/2025, 7:25:13 PM GMT+3 [Modules] Streaming discord_voice@1 to /home/dmtr/.config/discord/0.0.105/modules/pending/discord_voice-1.zip: 54%
8/20/2025, 7:25:13 PM GMT+3 [Modules] Streaming discord_voice@1 to /home/dmtr/.config/discord/0.0.105/modules/pending/discord_voice-1.zip: 55%
8/20/2025, 7:25:13 PM GMT+3 [Modules] Streaming discord_voice@1 to /home/dmtr/.config/discord/0.0.105/modules/pending/discord_voice-1.zip: 56%
8/20/2025, 7:25:13 PM GMT+3 [Modules] Streaming discord_voice@1 to /home/dmtr/.config/discord/0.0.105/modules/pending/discord_voice-1.zip: 57%
8/20/2025, 7:25:14 PM GMT+3 [Modules] Streaming discord_voice@1 to /home/dmtr/.config/discord/0.0.105/modules/pending/discord_voice-1.zip: 58%
8/20/2025, 7:25:14 PM GMT+3 [Modules] Streaming discord_voice@1 to /home/dmtr/.config/discord/0.0.105/modules/pending/discord_voice-1.zip: 59%
8/20/2025, 7:25:14 PM GMT+3 [Modules] Streaming discord_voice@1 to /home/dmtr/.config/discord/0.0.105/modules/pending/discord_voice-1.zip: 60%
8/20/2025, 7:25:14 PM GMT+3 [Modules] Streaming discord_voice@1 to /home/dmtr/.config/discord/0.0.105/modules/pending/discord_voice-1.zip: 61%
8/20/2025, 7:25:14 PM GMT+3 [Modules] Streaming discord_voice@1 to /home/dmtr/.config/discord/0.0.105/modules/pending/discord_voice-1.zip: 62%
8/20/2025, 7:25:14 PM GMT+3 [Modules] Streaming discord_voice@1 to /home/dmtr/.config/discord/0.0.105/modules/pending/discord_voice-1.zip: 63%
8/20/2025, 7:25:14 PM GMT+3 [Modules] Streaming discord_voice@1 to /home/dmtr/.config/discord/0.0.105/modules/pending/discord_voice-1.zip: 64%
8/20/2025, 7:25:14 PM GMT+3 [Modules] Streaming discord_voice@1 to /home/dmtr/.config/discord/0.0.105/modules/pending/discord_voice-1.zip: 65%
8/20/2025, 7:25:14 PM GMT+3 [Modules] Streaming discord_voice@1 to /home/dmtr/.config/discord/0.0.105/modules/pending/discord_voice-1.zip: 66%
8/20/2025, 7:25:14 PM GMT+3 [Modules] Streaming discord_voice@1 to /home/dmtr/.config/discord/0.0.105/modules/pending/discord_voice-1.zip: 67%
8/20/2025, 7:25:14 PM GMT+3 [Modules] Streaming discord_voice@1 to /home/dmtr/.config/discord/0.0.105/modules/pending/discord_voice-1.zip: 68%
8/20/2025, 7:25:14 PM GMT+3 [Modules] Streaming discord_voice@1 to /home/dmtr/.config/discord/0.0.105/modules/pending/discord_voice-1.zip: 69%
8/20/2025, 7:25:14 PM GMT+3 [Modules] Streaming discord_voice@1 to /home/dmtr/.config/discord/0.0.105/modules/pending/discord_voice-1.zip: 70%
8/20/2025, 7:25:14 PM GMT+3 [Modules] Streaming discord_voice@1 to /home/dmtr/.config/discord/0.0.105/modules/pending/discord_voice-1.zip: 71%
8/20/2025, 7:25:14 PM GMT+3 [Modules] Streaming discord_voice@1 to /home/dmtr/.config/discord/0.0.105/modules/pending/discord_voice-1.zip: 72%
8/20/2025, 7:25:14 PM GMT+3 [Modules] Streaming discord_voice@1 to /home/dmtr/.config/discord/0.0.105/modules/pending/discord_voice-1.zip: 73%
8/20/2025, 7:25:14 PM GMT+3 [Modules] Streaming discord_voice@1 to /home/dmtr/.config/discord/0.0.105/modules/pending/discord_voice-1.zip: 74%
8/20/2025, 7:25:14 PM GMT+3 [Modules] Streaming discord_voice@1 to /home/dmtr/.config/discord/0.0.105/modules/pending/discord_voice-1.zip: 75%
8/20/2025, 7:25:14 PM GMT+3 [Modules] Streaming discord_voice@1 to /home/dmtr/.config/discord/0.0.105/modules/pending/discord_voice-1.zip: 76%
8/20/2025, 7:25:14 PM GMT+3 [Modules] Streaming discord_voice@1 to /home/dmtr/.config/discord/0.0.105/modules/pending/discord_voice-1.zip: 77%
8/20/2025, 7:25:14 PM GMT+3 [Modules] Streaming discord_voice@1 to /home/dmtr/.config/discord/0.0.105/modules/pending/discord_voice-1.zip: 78%
8/20/2025, 7:25:14 PM GMT+3 [Modules] Streaming discord_voice@1 to /home/dmtr/.config/discord/0.0.105/modules/pending/discord_voice-1.zip: 79%
8/20/2025, 7:25:14 PM GMT+3 [Modules] Streaming discord_voice@1 to /home/dmtr/.config/discord/0.0.105/modules/pending/discord_voice-1.zip: 80%
8/20/2025, 7:25:14 PM GMT+3 [Modules] Streaming discord_voice@1 to /home/dmtr/.config/discord/0.0.105/modules/pending/discord_voice-1.zip: 81%
8/20/2025, 7:25:14 PM GMT+3 [Modules] Streaming discord_voice@1 to /home/dmtr/.config/discord/0.0.105/modules/pending/discord_voice-1.zip: 82%
8/20/2025, 7:25:14 PM GMT+3 [Modules] Streaming discord_voice@1 to /home/dmtr/.config/discord/0.0.105/modules/pending/discord_voice-1.zip: 83%
8/20/2025, 7:25:14 PM GMT+3 [Modules] Streaming discord_voice@1 to /home/dmtr/.config/discord/0.0.105/modules/pending/discord_voice-1.zip: 84%
8/20/2025, 7:25:14 PM GMT+3 [Modules] Streaming discord_voice@1 to /home/dmtr/.config/discord/0.0.105/modules/pending/discord_voice-1.zip: 85%
8/20/2025, 7:25:14 PM GMT+3 [Modules] Streaming discord_voice@1 to /home/dmtr/.config/discord/0.0.105/modules/pending/discord_voice-1.zip: 86%
8/20/2025, 7:25:14 PM GMT+3 [Modules] Streaming discord_voice@1 to /home/dmtr/.config/discord/0.0.105/modules/pending/discord_voice-1.zip: 87%
8/20/2025, 7:25:14 PM GMT+3 [Modules] Streaming discord_voice@1 to /home/dmtr/.config/discord/0.0.105/modules/pending/discord_voice-1.zip: 88%
8/20/2025, 7:25:14 PM GMT+3 [Modules] Streaming discord_voice@1 to /home/dmtr/.config/discord/0.0.105/modules/pending/discord_voice-1.zip: 89%
8/20/2025, 7:25:14 PM GMT+3 [Modules] Streaming discord_voice@1 to /home/dmtr/.config/discord/0.0.105/modules/pending/discord_voice-1.zip: 90%
8/20/2025, 7:25:14 PM GMT+3 [Modules] Streaming discord_voice@1 to /home/dmtr/.config/discord/0.0.105/modules/pending/discord_voice-1.zip: 91%
8/20/2025, 7:25:14 PM GMT+3 [Modules] Streaming discord_voice@1 to /home/dmtr/.config/discord/0.0.105/modules/pending/discord_voice-1.zip: 92%
8/20/2025, 7:25:15 PM GMT+3 [Modules] Streaming discord_voice@1 to /home/dmtr/.config/discord/0.0.105/modules/pending/discord_voice-1.zip: 93%
8/20/2025, 7:25:15 PM GMT+3 [Modules] Streaming discord_voice@1 to /home/dmtr/.config/discord/0.0.105/modules/pending/discord_voice-1.zip: 94%
8/20/2025, 7:25:15 PM GMT+3 [Modules] Streaming discord_voice@1 to /home/dmtr/.config/discord/0.0.105/modules/pending/discord_voice-1.zip: 95%
8/20/2025, 7:25:15 PM GMT+3 [Modules] Streaming discord_voice@1 to /home/dmtr/.config/discord/0.0.105/modules/pending/discord_voice-1.zip: 96%
8/20/2025, 7:25:15 PM GMT+3 [Modules] Streaming discord_voice@1 to /home/dmtr/.config/discord/0.0.105/modules/pending/discord_voice-1.zip: 98%
8/20/2025, 7:25:15 PM GMT+3 [Modules] Streaming discord_voice@1 to /home/dmtr/.config/discord/0.0.105/modules/pending/discord_voice-1.zip: 99%
8/20/2025, 7:25:15 PM GMT+3 [Modules] Streaming discord_voice@1 to /home/dmtr/.config/discord/0.0.105/modules/pending/discord_voice-1.zip: 100%
8/20/2025, 7:25:15 PM GMT+3 [Modules] Fetching discord_zstd@1 from https://discord.com/api/modules/stable/discord_zstd/1
8/20/2025, 7:25:15 PM GMT+3 [Modules] Streaming discord_zstd@1 to /home/dmtr/.config/discord/0.0.105/modules/pending/discord_zstd-1.zip
8/20/2025, 7:25:15 PM GMT+3 [Modules] Streaming discord_zstd@1 to /home/dmtr/.config/discord/0.0.105/modules/pending/discord_zstd-1.zip: 10%
8/20/2025, 7:25:15 PM GMT+3 [Modules] Streaming discord_zstd@1 to /home/dmtr/.config/discord/0.0.105/modules/pending/discord_zstd-1.zip: 35%
8/20/2025, 7:25:15 PM GMT+3 [Modules] Streaming discord_zstd@1 to /home/dmtr/.config/discord/0.0.105/modules/pending/discord_zstd-1.zip: 46%
8/20/2025, 7:25:15 PM GMT+3 [Modules] Streaming discord_zstd@1 to /home/dmtr/.config/discord/0.0.105/modules/pending/discord_zstd-1.zip: 76%
8/20/2025, 7:25:15 PM GMT+3 [Modules] Streaming discord_zstd@1 to /home/dmtr/.config/discord/0.0.105/modules/pending/discord_zstd-1.zip: 87%
8/20/2025, 7:25:15 PM GMT+3 [Modules] Streaming discord_zstd@1 to /home/dmtr/.config/discord/0.0.105/modules/pending/discord_zstd-1.zip: 100%
8/20/2025, 7:25:15 PM GMT+3 [Modules] Finished module downloads. [success: 6] [failure: 0]
8/20/2025, 7:25:15 PM GMT+3 [Modules] Installing updates...
8/20/2025, 7:25:15 PM GMT+3 [Modules] Installing discord_desktop_core@1 from /home/dmtr/.config/discord/0.0.105/modules/pending/discord_desktop_core-1.zip
8/20/2025, 7:25:15 PM GMT+3 [Modules] Installing discord_erlpack@1 from /home/dmtr/.config/discord/0.0.105/modules/pending/discord_erlpack-1.zip
8/20/2025, 7:25:15 PM GMT+3 [Modules] Installing discord_spellcheck@1 from /home/dmtr/.config/discord/0.0.105/modules/pending/discord_spellcheck-1.zip
8/20/2025, 7:25:17 PM GMT+3 [Modules] Installing discord_utils@1 from /home/dmtr/.config/discord/0.0.105/modules/pending/discord_utils-1.zip
8/20/2025, 7:25:17 PM GMT+3 [Modules] Installing discord_voice@1 from /home/dmtr/.config/discord/0.0.105/modules/pending/discord_voice-1.zip
8/20/2025, 7:25:18 PM GMT+3 [Modules] Installing discord_zstd@1 from /home/dmtr/.config/discord/0.0.105/modules/pending/discord_zstd-1.zip
8/20/2025, 7:25:18 PM GMT+3 [Modules] Finished module installations. [success: 6] [failure: 0]
8/20/2025, 7:25:18 PM GMT+3 [Modules] Checking for host updates.
8/20/2025, 7:25:18 PM GMT+3 [Modules] Host is up to date.
8/20/2025, 7:25:18 PM GMT+3 [Modules] Checking for module updates at https://discord.com/api/modules/stable/versions.json
8/20/2025, 7:25:18 PM GMT+3 [Modules] No module updates available.
8/20/2025, 7:25:21 PM GMT+3 [Modules] Starting to install discord_krisp...
8/20/2025, 7:25:21 PM GMT+3 [Modules] Fetching discord_krisp@1 from https://discord.com/api/modules/stable/discord_krisp/1
8/20/2025, 7:25:21 PM GMT+3 [Modules] Streaming discord_krisp@1 to /home/dmtr/.config/discord/0.0.105/modules/pending/discord_krisp-1.zip
8/20/2025, 7:25:21 PM GMT+3 [Modules] Starting to install discord_game_utils...
8/20/2025, 7:25:21 PM GMT+3 [Modules] Streaming discord_krisp@1 to /home/dmtr/.config/discord/0.0.105/modules/pending/discord_krisp-1.zip: 3%
8/20/2025, 7:25:21 PM GMT+3 [Modules] Streaming discord_krisp@1 to /home/dmtr/.config/discord/0.0.105/modules/pending/discord_krisp-1.zip: 5%
8/20/2025, 7:25:21 PM GMT+3 [Modules] Streaming discord_krisp@1 to /home/dmtr/.config/discord/0.0.105/modules/pending/discord_krisp-1.zip: 6%
8/20/2025, 7:25:21 PM GMT+3 [Modules] Streaming discord_krisp@1 to /home/dmtr/.config/discord/0.0.105/modules/pending/discord_krisp-1.zip: 7%
8/20/2025, 7:25:21 PM GMT+3 [Modules] Streaming discord_krisp@1 to /home/dmtr/.config/discord/0.0.105/modules/pending/discord_krisp-1.zip: 8%
8/20/2025, 7:25:21 PM GMT+3 [Modules] Streaming discord_krisp@1 to /home/dmtr/.config/discord/0.0.105/modules/pending/discord_krisp-1.zip: 9%
8/20/2025, 7:25:21 PM GMT+3 [Modules] Streaming discord_krisp@1 to /home/dmtr/.config/discord/0.0.105/modules/pending/discord_krisp-1.zip: 10%
8/20/2025, 7:25:21 PM GMT+3 [Modules] Streaming discord_krisp@1 to /home/dmtr/.config/discord/0.0.105/modules/pending/discord_krisp-1.zip: 11%
8/20/2025, 7:25:21 PM GMT+3 [Modules] Streaming discord_krisp@1 to /home/dmtr/.config/discord/0.0.105/modules/pending/discord_krisp-1.zip: 12%
8/20/2025, 7:25:21 PM GMT+3 [Modules] Streaming discord_krisp@1 to /home/dmtr/.config/discord/0.0.105/modules/pending/discord_krisp-1.zip: 13%
8/20/2025, 7:25:21 PM GMT+3 [Modules] Streaming discord_krisp@1 to /home/dmtr/.config/discord/0.0.105/modules/pending/discord_krisp-1.zip: 14%
8/20/2025, 7:25:21 PM GMT+3 [Modules] Streaming discord_krisp@1 to /home/dmtr/.config/discord/0.0.105/modules/pending/discord_krisp-1.zip: 15%
8/20/2025, 7:25:21 PM GMT+3 [Modules] Streaming discord_krisp@1 to /home/dmtr/.config/discord/0.0.105/modules/pending/discord_krisp-1.zip: 16%
8/20/2025, 7:25:21 PM GMT+3 [Modules] Streaming discord_krisp@1 to /home/dmtr/.config/discord/0.0.105/modules/pending/discord_krisp-1.zip: 17%
8/20/2025, 7:25:21 PM GMT+3 [Modules] Streaming discord_krisp@1 to /home/dmtr/.config/discord/0.0.105/modules/pending/discord_krisp-1.zip: 18%
8/20/2025, 7:25:22 PM GMT+3 [Modules] Streaming discord_krisp@1 to /home/dmtr/.config/discord/0.0.105/modules/pending/discord_krisp-1.zip: 19%
8/20/2025, 7:25:22 PM GMT+3 [Modules] Streaming discord_krisp@1 to /home/dmtr/.config/discord/0.0.105/modules/pending/discord_krisp-1.zip: 20%
8/20/2025, 7:25:22 PM GMT+3 [Modules] Streaming discord_krisp@1 to /home/dmtr/.config/discord/0.0.105/modules/pending/discord_krisp-1.zip: 21%
8/20/2025, 7:25:22 PM GMT+3 [Modules] Streaming discord_krisp@1 to /home/dmtr/.config/discord/0.0.105/modules/pending/discord_krisp-1.zip: 22%
8/20/2025, 7:25:22 PM GMT+3 [Modules] Streaming discord_krisp@1 to /home/dmtr/.config/discord/0.0.105/modules/pending/discord_krisp-1.zip: 23%
8/20/2025, 7:25:22 PM GMT+3 [Modules] Streaming discord_krisp@1 to /home/dmtr/.config/discord/0.0.105/modules/pending/discord_krisp-1.zip: 24%
8/20/2025, 7:25:22 PM GMT+3 [Modules] Streaming discord_krisp@1 to /home/dmtr/.config/discord/0.0.105/modules/pending/discord_krisp-1.zip: 25%
8/20/2025, 7:25:22 PM GMT+3 [Modules] Streaming discord_krisp@1 to /home/dmtr/.config/discord/0.0.105/modules/pending/discord_krisp-1.zip: 26%
8/20/2025, 7:25:22 PM GMT+3 [Modules] Streaming discord_krisp@1 to /home/dmtr/.config/discord/0.0.105/modules/pending/discord_krisp-1.zip: 27%
8/20/2025, 7:25:22 PM GMT+3 [Modules] Streaming discord_krisp@1 to /home/dmtr/.config/discord/0.0.105/modules/pending/discord_krisp-1.zip: 28%
8/20/2025, 7:25:22 PM GMT+3 [Modules] Streaming discord_krisp@1 to /home/dmtr/.config/discord/0.0.105/modules/pending/discord_krisp-1.zip: 29%
8/20/2025, 7:25:22 PM GMT+3 [Modules] Streaming discord_krisp@1 to /home/dmtr/.config/discord/0.0.105/modules/pending/discord_krisp-1.zip: 30%
8/20/2025, 7:25:22 PM GMT+3 [Modules] Streaming discord_krisp@1 to /home/dmtr/.config/discord/0.0.105/modules/pending/discord_krisp-1.zip: 31%
8/20/2025, 7:25:22 PM GMT+3 [Modules] Streaming discord_krisp@1 to /home/dmtr/.config/discord/0.0.105/modules/pending/discord_krisp-1.zip: 32%
8/20/2025, 7:25:22 PM GMT+3 [Modules] Streaming discord_krisp@1 to /home/dmtr/.config/discord/0.0.105/modules/pending/discord_krisp-1.zip: 33%
8/20/2025, 7:25:22 PM GMT+3 [Modules] Streaming discord_krisp@1 to /home/dmtr/.config/discord/0.0.105/modules/pending/discord_krisp-1.zip: 34%
8/20/2025, 7:25:22 PM GMT+3 [Modules] Streaming discord_krisp@1 to /home/dmtr/.config/discord/0.0.105/modules/pending/discord_krisp-1.zip: 35%
8/20/2025, 7:25:22 PM GMT+3 [Modules] Streaming discord_krisp@1 to /home/dmtr/.config/discord/0.0.105/modules/pending/discord_krisp-1.zip: 36%
8/20/2025, 7:25:22 PM GMT+3 [Modules] Starting to install discord_rpc...
8/20/2025, 7:25:22 PM GMT+3 [Modules] Streaming discord_krisp@1 to /home/dmtr/.config/discord/0.0.105/modules/pending/discord_krisp-1.zip: 37%
8/20/2025, 7:25:22 PM GMT+3 [Modules] Streaming discord_krisp@1 to /home/dmtr/.config/discord/0.0.105/modules/pending/discord_krisp-1.zip: 38%
8/20/2025, 7:25:22 PM GMT+3 [Modules] Streaming discord_krisp@1 to /home/dmtr/.config/discord/0.0.105/modules/pending/discord_krisp-1.zip: 39%
8/20/2025, 7:25:22 PM GMT+3 [Modules] Streaming discord_krisp@1 to /home/dmtr/.config/discord/0.0.105/modules/pending/discord_krisp-1.zip: 40%
8/20/2025, 7:25:22 PM GMT+3 [Modules] Streaming discord_krisp@1 to /home/dmtr/.config/discord/0.0.105/modules/pending/discord_krisp-1.zip: 41%
8/20/2025, 7:25:22 PM GMT+3 [Modules] Streaming discord_krisp@1 to /home/dmtr/.config/discord/0.0.105/modules/pending/discord_krisp-1.zip: 42%
8/20/2025, 7:25:22 PM GMT+3 [Modules] Streaming discord_krisp@1 to /home/dmtr/.config/discord/0.0.105/modules/pending/discord_krisp-1.zip: 43%
8/20/2025, 7:25:22 PM GMT+3 [Modules] Streaming discord_krisp@1 to /home/dmtr/.config/discord/0.0.105/modules/pending/discord_krisp-1.zip: 44%
8/20/2025, 7:25:22 PM GMT+3 [Modules] Streaming discord_krisp@1 to /home/dmtr/.config/discord/0.0.105/modules/pending/discord_krisp-1.zip: 45%
8/20/2025, 7:25:22 PM GMT+3 [Modules] Streaming discord_krisp@1 to /home/dmtr/.config/discord/0.0.105/modules/pending/discord_krisp-1.zip: 46%
8/20/2025, 7:25:22 PM GMT+3 [Modules] Streaming discord_krisp@1 to /home/dmtr/.config/discord/0.0.105/modules/pending/discord_krisp-1.zip: 47%
8/20/2025, 7:25:22 PM GMT+3 [Modules] Streaming discord_krisp@1 to /home/dmtr/.config/discord/0.0.105/modules/pending/discord_krisp-1.zip: 48%
8/20/2025, 7:25:22 PM GMT+3 [Modules] Streaming discord_krisp@1 to /home/dmtr/.config/discord/0.0.105/modules/pending/discord_krisp-1.zip: 49%
8/20/2025, 7:25:22 PM GMT+3 [Modules] Streaming discord_krisp@1 to /home/dmtr/.config/discord/0.0.105/modules/pending/discord_krisp-1.zip: 50%
8/20/2025, 7:25:22 PM GMT+3 [Modules] Streaming discord_krisp@1 to /home/dmtr/.config/discord/0.0.105/modules/pending/discord_krisp-1.zip: 51%
8/20/2025, 7:25:22 PM GMT+3 [Modules] Streaming discord_krisp@1 to /home/dmtr/.config/discord/0.0.105/modules/pending/discord_krisp-1.zip: 52%
8/20/2025, 7:25:22 PM GMT+3 [Modules] Streaming discord_krisp@1 to /home/dmtr/.config/discord/0.0.105/modules/pending/discord_krisp-1.zip: 53%
8/20/2025, 7:25:22 PM GMT+3 [Modules] Streaming discord_krisp@1 to /home/dmtr/.config/discord/0.0.105/modules/pending/discord_krisp-1.zip: 54%
8/20/2025, 7:25:22 PM GMT+3 [Modules] Streaming discord_krisp@1 to /home/dmtr/.config/discord/0.0.105/modules/pending/discord_krisp-1.zip: 55%
8/20/2025, 7:25:22 PM GMT+3 [Modules] Streaming discord_krisp@1 to /home/dmtr/.config/discord/0.0.105/modules/pending/discord_krisp-1.zip: 56%
8/20/2025, 7:25:22 PM GMT+3 [Modules] Streaming discord_krisp@1 to /home/dmtr/.config/discord/0.0.105/modules/pending/discord_krisp-1.zip: 57%
8/20/2025, 7:25:22 PM GMT+3 [Modules] Streaming discord_krisp@1 to /home/dmtr/.config/discord/0.0.105/modules/pending/discord_krisp-1.zip: 58%
8/20/2025, 7:25:22 PM GMT+3 [Modules] Streaming discord_krisp@1 to /home/dmtr/.config/discord/0.0.105/modules/pending/discord_krisp-1.zip: 59%
8/20/2025, 7:25:23 PM GMT+3 [Modules] Streaming discord_krisp@1 to /home/dmtr/.config/discord/0.0.105/modules/pending/discord_krisp-1.zip: 60%
8/20/2025, 7:25:23 PM GMT+3 [Modules] Streaming discord_krisp@1 to /home/dmtr/.config/discord/0.0.105/modules/pending/discord_krisp-1.zip: 61%
8/20/2025, 7:25:23 PM GMT+3 [Modules] Streaming discord_krisp@1 to /home/dmtr/.config/discord/0.0.105/modules/pending/discord_krisp-1.zip: 62%
8/20/2025, 7:25:23 PM GMT+3 [Modules] Streaming discord_krisp@1 to /home/dmtr/.config/discord/0.0.105/modules/pending/discord_krisp-1.zip: 63%
8/20/2025, 7:25:23 PM GMT+3 [Modules] Streaming discord_krisp@1 to /home/dmtr/.config/discord/0.0.105/modules/pending/discord_krisp-1.zip: 64%
8/20/2025, 7:25:23 PM GMT+3 [Modules] Streaming discord_krisp@1 to /home/dmtr/.config/discord/0.0.105/modules/pending/discord_krisp-1.zip: 65%
8/20/2025, 7:25:23 PM GMT+3 [Modules] Streaming discord_krisp@1 to /home/dmtr/.config/discord/0.0.105/modules/pending/discord_krisp-1.zip: 66%
8/20/2025, 7:25:23 PM GMT+3 [Modules] Streaming discord_krisp@1 to /home/dmtr/.config/discord/0.0.105/modules/pending/discord_krisp-1.zip: 67%
8/20/2025, 7:25:23 PM GMT+3 [Modules] Streaming discord_krisp@1 to /home/dmtr/.config/discord/0.0.105/modules/pending/discord_krisp-1.zip: 68%
8/20/2025, 7:25:23 PM GMT+3 [Modules] Streaming discord_krisp@1 to /home/dmtr/.config/discord/0.0.105/modules/pending/discord_krisp-1.zip: 69%
8/20/2025, 7:25:23 PM GMT+3 [Modules] Streaming discord_krisp@1 to /home/dmtr/.config/discord/0.0.105/modules/pending/discord_krisp-1.zip: 70%
8/20/2025, 7:25:23 PM GMT+3 [Modules] Streaming discord_krisp@1 to /home/dmtr/.config/discord/0.0.105/modules/pending/discord_krisp-1.zip: 71%
8/20/2025, 7:25:23 PM GMT+3 [Modules] Streaming discord_krisp@1 to /home/dmtr/.config/discord/0.0.105/modules/pending/discord_krisp-1.zip: 72%
8/20/2025, 7:25:23 PM GMT+3 [Modules] Streaming discord_krisp@1 to /home/dmtr/.config/discord/0.0.105/modules/pending/discord_krisp-1.zip: 73%
8/20/2025, 7:25:23 PM GMT+3 [Modules] Streaming discord_krisp@1 to /home/dmtr/.config/discord/0.0.105/modules/pending/discord_krisp-1.zip: 74%
8/20/2025, 7:25:23 PM GMT+3 [Modules] Streaming discord_krisp@1 to /home/dmtr/.config/discord/0.0.105/modules/pending/discord_krisp-1.zip: 75%
8/20/2025, 7:25:23 PM GMT+3 [Modules] Streaming discord_krisp@1 to /home/dmtr/.config/discord/0.0.105/modules/pending/discord_krisp-1.zip: 76%
8/20/2025, 7:25:23 PM GMT+3 [Modules] Streaming discord_krisp@1 to /home/dmtr/.config/discord/0.0.105/modules/pending/discord_krisp-1.zip: 77%
8/20/2025, 7:25:23 PM GMT+3 [Modules] Streaming discord_krisp@1 to /home/dmtr/.config/discord/0.0.105/modules/pending/discord_krisp-1.zip: 78%
8/20/2025, 7:25:23 PM GMT+3 [Modules] Streaming discord_krisp@1 to /home/dmtr/.config/discord/0.0.105/modules/pending/discord_krisp-1.zip: 79%
8/20/2025, 7:25:23 PM GMT+3 [Modules] Streaming discord_krisp@1 to /home/dmtr/.config/discord/0.0.105/modules/pending/discord_krisp-1.zip: 80%
8/20/2025, 7:25:23 PM GMT+3 [Modules] Streaming discord_krisp@1 to /home/dmtr/.config/discord/0.0.105/modules/pending/discord_krisp-1.zip: 81%
8/20/2025, 7:25:23 PM GMT+3 [Modules] Streaming discord_krisp@1 to /home/dmtr/.config/discord/0.0.105/modules/pending/discord_krisp-1.zip: 82%
8/20/2025, 7:25:23 PM GMT+3 [Modules] Streaming discord_krisp@1 to /home/dmtr/.config/discord/0.0.105/modules/pending/discord_krisp-1.zip: 83%
8/20/2025, 7:25:23 PM GMT+3 [Modules] Streaming discord_krisp@1 to /home/dmtr/.config/discord/0.0.105/modules/pending/discord_krisp-1.zip: 84%
8/20/2025, 7:25:23 PM GMT+3 [Modules] Streaming discord_krisp@1 to /home/dmtr/.config/discord/0.0.105/modules/pending/discord_krisp-1.zip: 85%
8/20/2025, 7:25:23 PM GMT+3 [Modules] Streaming discord_krisp@1 to /home/dmtr/.config/discord/0.0.105/modules/pending/discord_krisp-1.zip: 86%
8/20/2025, 7:25:23 PM GMT+3 [Modules] Streaming discord_krisp@1 to /home/dmtr/.config/discord/0.0.105/modules/pending/discord_krisp-1.zip: 87%
8/20/2025, 7:25:23 PM GMT+3 [Modules] Streaming discord_krisp@1 to /home/dmtr/.config/discord/0.0.105/modules/pending/discord_krisp-1.zip: 88%
8/20/2025, 7:25:23 PM GMT+3 [Modules] Streaming discord_krisp@1 to /home/dmtr/.config/discord/0.0.105/modules/pending/discord_krisp-1.zip: 89%
8/20/2025, 7:25:23 PM GMT+3 [Modules] Streaming discord_krisp@1 to /home/dmtr/.config/discord/0.0.105/modules/pending/discord_krisp-1.zip: 90%
8/20/2025, 7:25:23 PM GMT+3 [Modules] Streaming discord_krisp@1 to /home/dmtr/.config/discord/0.0.105/modules/pending/discord_krisp-1.zip: 91%
8/20/2025, 7:25:23 PM GMT+3 [Modules] Streaming discord_krisp@1 to /home/dmtr/.config/discord/0.0.105/modules/pending/discord_krisp-1.zip: 92%
8/20/2025, 7:25:23 PM GMT+3 [Modules] Streaming discord_krisp@1 to /home/dmtr/.config/discord/0.0.105/modules/pending/discord_krisp-1.zip: 93%
8/20/2025, 7:25:23 PM GMT+3 [Modules] Streaming discord_krisp@1 to /home/dmtr/.config/discord/0.0.105/modules/pending/discord_krisp-1.zip: 94%
8/20/2025, 7:25:23 PM GMT+3 [Modules] Streaming discord_krisp@1 to /home/dmtr/.config/discord/0.0.105/modules/pending/discord_krisp-1.zip: 95%
8/20/2025, 7:25:23 PM GMT+3 [Modules] Streaming discord_krisp@1 to /home/dmtr/.config/discord/0.0.105/modules/pending/discord_krisp-1.zip: 96%
8/20/2025, 7:25:23 PM GMT+3 [Modules] Streaming discord_krisp@1 to /home/dmtr/.config/discord/0.0.105/modules/pending/discord_krisp-1.zip: 97%
8/20/2025, 7:25:23 PM GMT+3 [Modules] Streaming discord_krisp@1 to /home/dmtr/.config/discord/0.0.105/modules/pending/discord_krisp-1.zip: 98%
8/20/2025, 7:25:23 PM GMT+3 [Modules] Streaming discord_krisp@1 to /home/dmtr/.config/discord/0.0.105/modules/pending/discord_krisp-1.zip: 99%
8/20/2025, 7:25:23 PM GMT+3 [Modules] Streaming discord_krisp@1 to /home/dmtr/.config/discord/0.0.105/modules/pending/discord_krisp-1.zip: 100%
8/20/2025, 7:25:23 PM GMT+3 [Modules] Fetching discord_game_utils@1 from https://discord.com/api/modules/stable/discord_game_utils/1
8/20/2025, 7:25:23 PM GMT+3 [Modules] Streaming discord_game_utils@1 to /home/dmtr/.config/discord/0.0.105/modules/pending/discord_game_utils-1.zip
8/20/2025, 7:25:23 PM GMT+3 [Modules] Installing discord_krisp@1 from /home/dmtr/.config/discord/0.0.105/modules/pending/discord_krisp-1.zip
8/20/2025, 7:25:24 PM GMT+3 [Modules] Streaming discord_game_utils@1 to /home/dmtr/.config/discord/0.0.105/modules/pending/discord_game_utils-1.zip: 1%
8/20/2025, 7:25:24 PM GMT+3 [Modules] Streaming discord_game_utils@1 to /home/dmtr/.config/discord/0.0.105/modules/pending/discord_game_utils-1.zip: 2%
8/20/2025, 7:25:24 PM GMT+3 [Modules] Streaming discord_game_utils@1 to /home/dmtr/.config/discord/0.0.105/modules/pending/discord_game_utils-1.zip: 4%
8/20/2025, 7:25:24 PM GMT+3 [Modules] Streaming discord_game_utils@1 to /home/dmtr/.config/discord/0.0.105/modules/pending/discord_game_utils-1.zip: 5%
8/20/2025, 7:25:24 PM GMT+3 [Modules] Streaming discord_game_utils@1 to /home/dmtr/.config/discord/0.0.105/modules/pending/discord_game_utils-1.zip: 7%
8/20/2025, 7:25:24 PM GMT+3 [Modules] Streaming discord_game_utils@1 to /home/dmtr/.config/discord/0.0.105/modules/pending/discord_game_utils-1.zip: 8%
8/20/2025, 7:25:24 PM GMT+3 [Modules] Streaming discord_game_utils@1 to /home/dmtr/.config/discord/0.0.105/modules/pending/discord_game_utils-1.zip: 10%
8/20/2025, 7:25:24 PM GMT+3 [Modules] Streaming discord_game_utils@1 to /home/dmtr/.config/discord/0.0.105/modules/pending/discord_game_utils-1.zip: 15%
8/20/2025, 7:25:24 PM GMT+3 [Modules] Streaming discord_game_utils@1 to /home/dmtr/.config/discord/0.0.105/modules/pending/discord_game_utils-1.zip: 16%
8/20/2025, 7:25:24 PM GMT+3 [Modules] Streaming discord_game_utils@1 to /home/dmtr/.config/discord/0.0.105/modules/pending/discord_game_utils-1.zip: 17%
8/20/2025, 7:25:24 PM GMT+3 [Modules] Streaming discord_game_utils@1 to /home/dmtr/.config/discord/0.0.105/modules/pending/discord_game_utils-1.zip: 18%
8/20/2025, 7:25:24 PM GMT+3 [Modules] Streaming discord_game_utils@1 to /home/dmtr/.config/discord/0.0.105/modules/pending/discord_game_utils-1.zip: 20%
8/20/2025, 7:25:24 PM GMT+3 [Modules] Streaming discord_game_utils@1 to /home/dmtr/.config/discord/0.0.105/modules/pending/discord_game_utils-1.zip: 21%
8/20/2025, 7:25:24 PM GMT+3 [Modules] Streaming discord_game_utils@1 to /home/dmtr/.config/discord/0.0.105/modules/pending/discord_game_utils-1.zip: 22%
8/20/2025, 7:25:24 PM GMT+3 [Modules] Streaming discord_game_utils@1 to /home/dmtr/.config/discord/0.0.105/modules/pending/discord_game_utils-1.zip: 23%
8/20/2025, 7:25:24 PM GMT+3 [Modules] Streaming discord_game_utils@1 to /home/dmtr/.config/discord/0.0.105/modules/pending/discord_game_utils-1.zip: 24%
8/20/2025, 7:25:24 PM GMT+3 [Modules] Streaming discord_game_utils@1 to /home/dmtr/.config/discord/0.0.105/modules/pending/discord_game_utils-1.zip: 25%
8/20/2025, 7:25:24 PM GMT+3 [Modules] Streaming discord_game_utils@1 to /home/dmtr/.config/discord/0.0.105/modules/pending/discord_game_utils-1.zip: 26%
8/20/2025, 7:25:24 PM GMT+3 [Modules] Streaming discord_game_utils@1 to /home/dmtr/.config/discord/0.0.105/modules/pending/discord_game_utils-1.zip: 28%
8/20/2025, 7:25:24 PM GMT+3 [Modules] Streaming discord_game_utils@1 to /home/dmtr/.config/discord/0.0.105/modules/pending/discord_game_utils-1.zip: 29%
8/20/2025, 7:25:24 PM GMT+3 [Modules] Streaming discord_game_utils@1 to /home/dmtr/.config/discord/0.0.105/modules/pending/discord_game_utils-1.zip: 30%
8/20/2025, 7:25:24 PM GMT+3 [Modules] Streaming discord_game_utils@1 to /home/dmtr/.config/discord/0.0.105/modules/pending/discord_game_utils-1.zip: 31%
8/20/2025, 7:25:24 PM GMT+3 [Modules] Streaming discord_game_utils@1 to /home/dmtr/.config/discord/0.0.105/modules/pending/discord_game_utils-1.zip: 32%
8/20/2025, 7:25:24 PM GMT+3 [Modules] Streaming discord_game_utils@1 to /home/dmtr/.config/discord/0.0.105/modules/pending/discord_game_utils-1.zip: 33%
8/20/2025, 7:25:24 PM GMT+3 [Modules] Streaming discord_game_utils@1 to /home/dmtr/.config/discord/0.0.105/modules/pending/discord_game_utils-1.zip: 35%
8/20/2025, 7:25:24 PM GMT+3 [Modules] Streaming discord_game_utils@1 to /home/dmtr/.config/discord/0.0.105/modules/pending/discord_game_utils-1.zip: 36%
8/20/2025, 7:25:24 PM GMT+3 [Modules] Streaming discord_game_utils@1 to /home/dmtr/.config/discord/0.0.105/modules/pending/discord_game_utils-1.zip: 37%
8/20/2025, 7:25:24 PM GMT+3 [Modules] Streaming discord_game_utils@1 to /home/dmtr/.config/discord/0.0.105/modules/pending/discord_game_utils-1.zip: 38%
8/20/2025, 7:25:24 PM GMT+3 [Modules] Streaming discord_game_utils@1 to /home/dmtr/.config/discord/0.0.105/modules/pending/discord_game_utils-1.zip: 39%
8/20/2025, 7:25:24 PM GMT+3 [Modules] Streaming discord_game_utils@1 to /home/dmtr/.config/discord/0.0.105/modules/pending/discord_game_utils-1.zip: 40%
8/20/2025, 7:25:24 PM GMT+3 [Modules] Streaming discord_game_utils@1 to /home/dmtr/.config/discord/0.0.105/modules/pending/discord_game_utils-1.zip: 42%
8/20/2025, 7:25:24 PM GMT+3 [Modules] Streaming discord_game_utils@1 to /home/dmtr/.config/discord/0.0.105/modules/pending/discord_game_utils-1.zip: 43%
8/20/2025, 7:25:24 PM GMT+3 [Modules] Streaming discord_game_utils@1 to /home/dmtr/.config/discord/0.0.105/modules/pending/discord_game_utils-1.zip: 44%
8/20/2025, 7:25:24 PM GMT+3 [Modules] Streaming discord_game_utils@1 to /home/dmtr/.config/discord/0.0.105/modules/pending/discord_game_utils-1.zip: 46%
8/20/2025, 7:25:24 PM GMT+3 [Modules] Streaming discord_game_utils@1 to /home/dmtr/.config/discord/0.0.105/modules/pending/discord_game_utils-1.zip: 47%
8/20/2025, 7:25:24 PM GMT+3 [Modules] Streaming discord_game_utils@1 to /home/dmtr/.config/discord/0.0.105/modules/pending/discord_game_utils-1.zip: 50%
8/20/2025, 7:25:24 PM GMT+3 [Modules] Streaming discord_game_utils@1 to /home/dmtr/.config/discord/0.0.105/modules/pending/discord_game_utils-1.zip: 52%
8/20/2025, 7:25:24 PM GMT+3 [Modules] Streaming discord_game_utils@1 to /home/dmtr/.config/discord/0.0.105/modules/pending/discord_game_utils-1.zip: 53%
8/20/2025, 7:25:24 PM GMT+3 [Modules] Streaming discord_game_utils@1 to /home/dmtr/.config/discord/0.0.105/modules/pending/discord_game_utils-1.zip: 54%
8/20/2025, 7:25:24 PM GMT+3 [Modules] Streaming discord_game_utils@1 to /home/dmtr/.config/discord/0.0.105/modules/pending/discord_game_utils-1.zip: 55%
8/20/2025, 7:25:24 PM GMT+3 [Modules] Streaming discord_game_utils@1 to /home/dmtr/.config/discord/0.0.105/modules/pending/discord_game_utils-1.zip: 56%
8/20/2025, 7:25:24 PM GMT+3 [Modules] Streaming discord_game_utils@1 to /home/dmtr/.config/discord/0.0.105/modules/pending/discord_game_utils-1.zip: 57%
8/20/2025, 7:25:24 PM GMT+3 [Modules] Streaming discord_game_utils@1 to /home/dmtr/.config/discord/0.0.105/modules/pending/discord_game_utils-1.zip: 58%
8/20/2025, 7:25:24 PM GMT+3 [Modules] Streaming discord_game_utils@1 to /home/dmtr/.config/discord/0.0.105/modules/pending/discord_game_utils-1.zip: 59%
8/20/2025, 7:25:24 PM GMT+3 [Modules] Streaming discord_game_utils@1 to /home/dmtr/.config/discord/0.0.105/modules/pending/discord_game_utils-1.zip: 61%
8/20/2025, 7:25:24 PM GMT+3 [Modules] Streaming discord_game_utils@1 to /home/dmtr/.config/discord/0.0.105/modules/pending/discord_game_utils-1.zip: 62%
8/20/2025, 7:25:24 PM GMT+3 [Modules] Streaming discord_game_utils@1 to /home/dmtr/.config/discord/0.0.105/modules/pending/discord_game_utils-1.zip: 64%
8/20/2025, 7:25:24 PM GMT+3 [Modules] Streaming discord_game_utils@1 to /home/dmtr/.config/discord/0.0.105/modules/pending/discord_game_utils-1.zip: 65%
8/20/2025, 7:25:24 PM GMT+3 [Modules] Streaming discord_game_utils@1 to /home/dmtr/.config/discord/0.0.105/modules/pending/discord_game_utils-1.zip: 66%
8/20/2025, 7:25:24 PM GMT+3 [Modules] Streaming discord_game_utils@1 to /home/dmtr/.config/discord/0.0.105/modules/pending/discord_game_utils-1.zip: 67%
8/20/2025, 7:25:24 PM GMT+3 [Modules] Streaming discord_game_utils@1 to /home/dmtr/.config/discord/0.0.105/modules/pending/discord_game_utils-1.zip: 69%
8/20/2025, 7:25:24 PM GMT+3 [Modules] Streaming discord_game_utils@1 to /home/dmtr/.config/discord/0.0.105/modules/pending/discord_game_utils-1.zip: 70%
8/20/2025, 7:25:24 PM GMT+3 [Modules] Streaming discord_game_utils@1 to /home/dmtr/.config/discord/0.0.105/modules/pending/discord_game_utils-1.zip: 71%
8/20/2025, 7:25:24 PM GMT+3 [Modules] Streaming discord_game_utils@1 to /home/dmtr/.config/discord/0.0.105/modules/pending/discord_game_utils-1.zip: 72%
8/20/2025, 7:25:24 PM GMT+3 [Modules] Streaming discord_game_utils@1 to /home/dmtr/.config/discord/0.0.105/modules/pending/discord_game_utils-1.zip: 73%
8/20/2025, 7:25:24 PM GMT+3 [Modules] Streaming discord_game_utils@1 to /home/dmtr/.config/discord/0.0.105/modules/pending/discord_game_utils-1.zip: 74%
8/20/2025, 7:25:24 PM GMT+3 [Modules] Streaming discord_game_utils@1 to /home/dmtr/.config/discord/0.0.105/modules/pending/discord_game_utils-1.zip: 76%
8/20/2025, 7:25:24 PM GMT+3 [Modules] Streaming discord_game_utils@1 to /home/dmtr/.config/discord/0.0.105/modules/pending/discord_game_utils-1.zip: 77%
8/20/2025, 7:25:24 PM GMT+3 [Modules] Streaming discord_game_utils@1 to /home/dmtr/.config/discord/0.0.105/modules/pending/discord_game_utils-1.zip: 78%
8/20/2025, 7:25:24 PM GMT+3 [Modules] Streaming discord_game_utils@1 to /home/dmtr/.config/discord/0.0.105/modules/pending/discord_game_utils-1.zip: 79%
8/20/2025, 7:25:24 PM GMT+3 [Modules] Streaming discord_game_utils@1 to /home/dmtr/.config/discord/0.0.105/modules/pending/discord_game_utils-1.zip: 81%
8/20/2025, 7:25:24 PM GMT+3 [Modules] Streaming discord_game_utils@1 to /home/dmtr/.config/discord/0.0.105/modules/pending/discord_game_utils-1.zip: 83%
8/20/2025, 7:25:24 PM GMT+3 [Modules] Streaming discord_game_utils@1 to /home/dmtr/.config/discord/0.0.105/modules/pending/discord_game_utils-1.zip: 84%
8/20/2025, 7:25:24 PM GMT+3 [Modules] Streaming discord_game_utils@1 to /home/dmtr/.config/discord/0.0.105/modules/pending/discord_game_utils-1.zip: 85%
8/20/2025, 7:25:24 PM GMT+3 [Modules] Streaming discord_game_utils@1 to /home/dmtr/.config/discord/0.0.105/modules/pending/discord_game_utils-1.zip: 86%
8/20/2025, 7:25:24 PM GMT+3 [Modules] Streaming discord_game_utils@1 to /home/dmtr/.config/discord/0.0.105/modules/pending/discord_game_utils-1.zip: 87%
8/20/2025, 7:25:24 PM GMT+3 [Modules] Streaming discord_game_utils@1 to /home/dmtr/.config/discord/0.0.105/modules/pending/discord_game_utils-1.zip: 88%
8/20/2025, 7:25:24 PM GMT+3 [Modules] Streaming discord_game_utils@1 to /home/dmtr/.config/discord/0.0.105/modules/pending/discord_game_utils-1.zip: 89%
8/20/2025, 7:25:24 PM GMT+3 [Modules] Streaming discord_game_utils@1 to /home/dmtr/.config/discord/0.0.105/modules/pending/discord_game_utils-1.zip: 91%
8/20/2025, 7:25:24 PM GMT+3 [Modules] Streaming discord_game_utils@1 to /home/dmtr/.config/discord/0.0.105/modules/pending/discord_game_utils-1.zip: 92%
8/20/2025, 7:25:24 PM GMT+3 [Modules] Streaming discord_game_utils@1 to /home/dmtr/.config/discord/0.0.105/modules/pending/discord_game_utils-1.zip: 93%
8/20/2025, 7:25:24 PM GMT+3 [Modules] Streaming discord_game_utils@1 to /home/dmtr/.config/discord/0.0.105/modules/pending/discord_game_utils-1.zip: 94%
8/20/2025, 7:25:24 PM GMT+3 [Modules] Streaming discord_game_utils@1 to /home/dmtr/.config/discord/0.0.105/modules/pending/discord_game_utils-1.zip: 95%
8/20/2025, 7:25:24 PM GMT+3 [Modules] Streaming discord_game_utils@1 to /home/dmtr/.config/discord/0.0.105/modules/pending/discord_game_utils-1.zip: 96%
8/20/2025, 7:25:24 PM GMT+3 [Modules] Streaming discord_game_utils@1 to /home/dmtr/.config/discord/0.0.105/modules/pending/discord_game_utils-1.zip: 98%
8/20/2025, 7:25:24 PM GMT+3 [Modules] Streaming discord_game_utils@1 to /home/dmtr/.config/discord/0.0.105/modules/pending/discord_game_utils-1.zip: 99%
8/20/2025, 7:25:24 PM GMT+3 [Modules] Streaming discord_game_utils@1 to /home/dmtr/.config/discord/0.0.105/modules/pending/discord_game_utils-1.zip: 100%
8/20/2025, 7:25:24 PM GMT+3 [Modules] Fetching discord_rpc@1 from https://discord.com/api/modules/stable/discord_rpc/1
8/20/2025, 7:25:24 PM GMT+3 [Modules] Streaming discord_rpc@1 to /home/dmtr/.config/discord/0.0.105/modules/pending/discord_rpc-1.zip
8/20/2025, 7:25:24 PM GMT+3 [Modules] Streaming discord_rpc@1 to /home/dmtr/.config/discord/0.0.105/modules/pending/discord_rpc-1.zip: 35%
8/20/2025, 7:25:24 PM GMT+3 [Modules] Streaming discord_rpc@1 to /home/dmtr/.config/discord/0.0.105/modules/pending/discord_rpc-1.zip: 100%
8/20/2025, 7:25:24 PM GMT+3 [Modules] Finished module downloads. [success: 3] [failure: 0]
8/20/2025, 7:25:25 PM GMT+3 [Modules] Installing discord_game_utils@1 from /home/dmtr/.config/discord/0.0.105/modules/pending/discord_game_utils-1.zip
8/20/2025, 7:25:25 PM GMT+3 [Modules] Installing discord_rpc@1 from /home/dmtr/.config/discord/0.0.105/modules/pending/discord_rpc-1.zip
8/20/2025, 7:25:25 PM GMT+3 [Modules] Finished module installations. [success: 3] [failure: 0]
8/20/2025, 7:25:29 PM GMT+3 [Modules] Checking for host updates.
8/20/2025, 7:25:29 PM GMT+3 [Modules] Host is up to date.
8/20/2025, 7:25:29 PM GMT+3 [Modules] Checking for module updates at https://discord.com/api/modules/stable/versions.json
8/20/2025, 7:25:29 PM GMT+3 [Modules] No module updates available.
8/20/2025, 8:25:29 PM GMT+3 [Modules] Checking for host updates.
8/20/2025, 8:25:29 PM GMT+3 [Modules] Host update is available. Manual update required!
8/21/2025, 7:42:21 PM GMT+3 [Modules] Modules initializing
8/21/2025, 7:42:21 PM GMT+3 [Modules] Distribution: remote
8/21/2025, 7:42:21 PM GMT+3 [Modules] Host updates: enabled
8/21/2025, 7:42:21 PM GMT+3 [Modules] Module updates: enabled
8/21/2025, 7:42:21 PM GMT+3 [Modules] Module install path: /home/dmtr/.config/discord/0.0.105/modules
8/21/2025, 7:42:21 PM GMT+3 [Modules] Module installed file path: /home/dmtr/.config/discord/0.0.105/modules/installed.json
8/21/2025, 7:42:21 PM GMT+3 [Modules] Module download path: /home/dmtr/.config/discord/0.0.105/modules/pending
8/21/2025, 7:42:22 PM GMT+3 [Modules] No updates to install
8/21/2025, 7:42:22 PM GMT+3 [Modules] Checking for host updates.
8/21/2025, 7:42:22 PM GMT+3 [Modules] Host update is available. Manual update required!
8/21/2025, 7:43:27 PM GMT+3 [Modules] Modules initializing
8/21/2025, 7:43:27 PM GMT+3 [Modules] Distribution: remote
8/21/2025, 7:43:27 PM GMT+3 [Modules] Host updates: enabled
8/21/2025, 7:43:27 PM GMT+3 [Modules] Module updates: enabled
8/21/2025, 7:43:27 PM GMT+3 [Modules] Module install path: /home/dmtr/.config/discord/0.0.106/modules
8/21/2025, 7:43:27 PM GMT+3 [Modules] Module installed file path: /home/dmtr/.config/discord/0.0.106/modules/installed.json
8/21/2025, 7:43:27 PM GMT+3 [Modules] Module download path: /home/dmtr/.config/discord/0.0.106/modules/pending
8/21/2025, 7:43:28 PM GMT+3 [Modules] Bootstrapping...
8/21/2025, 7:43:28 PM GMT+3 [Modules] Installing discord_desktop_core@0 from /opt/discord/resources/bootstrap/discord_desktop_core.zip
8/21/2025, 7:43:28 PM GMT+3 [Modules] Failed installing discord_desktop_core@0: Error: ENOENT: no such file or directory, open '/opt/discord/resources/bootstrap/discord_desktop_core.zip'
8/21/2025, 7:43:28 PM GMT+3 [Modules] Installing discord_erlpack@0 from /opt/discord/resources/bootstrap/discord_erlpack.zip
8/21/2025, 7:43:28 PM GMT+3 [Modules] Failed installing discord_erlpack@0: Error: ENOENT: no such file or directory, open '/opt/discord/resources/bootstrap/discord_erlpack.zip'
8/21/2025, 7:43:28 PM GMT+3 [Modules] Installing discord_spellcheck@0 from /opt/discord/resources/bootstrap/discord_spellcheck.zip
8/21/2025, 7:43:28 PM GMT+3 [Modules] Failed installing discord_spellcheck@0: Error: ENOENT: no such file or directory, open '/opt/discord/resources/bootstrap/discord_spellcheck.zip'
8/21/2025, 7:43:28 PM GMT+3 [Modules] Installing discord_utils@0 from /opt/discord/resources/bootstrap/discord_utils.zip
8/21/2025, 7:43:28 PM GMT+3 [Modules] Failed installing discord_utils@0: Error: ENOENT: no such file or directory, open '/opt/discord/resources/bootstrap/discord_utils.zip'
8/21/2025, 7:43:28 PM GMT+3 [Modules] Installing discord_voice@0 from /opt/discord/resources/bootstrap/discord_voice.zip
8/21/2025, 7:43:28 PM GMT+3 [Modules] Failed installing discord_voice@0: Error: ENOENT: no such file or directory, open '/opt/discord/resources/bootstrap/discord_voice.zip'
8/21/2025, 7:43:28 PM GMT+3 [Modules] Installing discord_zstd@0 from /opt/discord/resources/bootstrap/discord_zstd.zip
8/21/2025, 7:43:28 PM GMT+3 [Modules] Failed installing discord_zstd@0: Error: ENOENT: no such file or directory, open '/opt/discord/resources/bootstrap/discord_zstd.zip'
8/21/2025, 7:43:28 PM GMT+3 [Modules] Finished module installations. [success: 0] [failure: 6]
8/21/2025, 7:43:28 PM GMT+3 [Modules] Checking for host updates.
8/21/2025, 7:43:28 PM GMT+3 [Modules] Host is up to date.
8/21/2025, 7:43:28 PM GMT+3 [Modules] Checking for module updates at https://discord.com/api/modules/stable/versions.json
8/21/2025, 7:43:28 PM GMT+3 [Modules] Module update available: discord_desktop_core@1 [installed: 0]
8/21/2025, 7:43:28 PM GMT+3 [Modules] Module update available: discord_erlpack@1 [installed: 0]
8/21/2025, 7:43:28 PM GMT+3 [Modules] Module update available: discord_spellcheck@1 [installed: 0]
8/21/2025, 7:43:28 PM GMT+3 [Modules] Module update available: discord_utils@1 [installed: 0]
8/21/2025, 7:43:28 PM GMT+3 [Modules] Module update available: discord_voice@1 [installed: 0]
8/21/2025, 7:43:28 PM GMT+3 [Modules] Module update available: discord_zstd@1 [installed: 0]
8/21/2025, 7:43:28 PM GMT+3 [Modules] Fetching discord_desktop_core@1 from https://discord.com/api/modules/stable/discord_desktop_core/1
8/21/2025, 7:43:28 PM GMT+3 [Modules] Streaming discord_desktop_core@1 to /home/dmtr/.config/discord/0.0.106/modules/pending/discord_desktop_core-1.zip
8/21/2025, 7:43:28 PM GMT+3 [Modules] Streaming discord_desktop_core@1 to /home/dmtr/.config/discord/0.0.106/modules/pending/discord_desktop_core-1.zip: 1%
8/21/2025, 7:43:28 PM GMT+3 [Modules] Streaming discord_desktop_core@1 to /home/dmtr/.config/discord/0.0.106/modules/pending/discord_desktop_core-1.zip: 2%
8/21/2025, 7:43:28 PM GMT+3 [Modules] Streaming discord_desktop_core@1 to /home/dmtr/.config/discord/0.0.106/modules/pending/discord_desktop_core-1.zip: 3%
8/21/2025, 7:43:28 PM GMT+3 [Modules] Streaming discord_desktop_core@1 to /home/dmtr/.config/discord/0.0.106/modules/pending/discord_desktop_core-1.zip: 4%
8/21/2025, 7:43:28 PM GMT+3 [Modules] Streaming discord_desktop_core@1 to /home/dmtr/.config/discord/0.0.106/modules/pending/discord_desktop_core-1.zip: 5%
8/21/2025, 7:43:28 PM GMT+3 [Modules] Streaming discord_desktop_core@1 to /home/dmtr/.config/discord/0.0.106/modules/pending/discord_desktop_core-1.zip: 6%
8/21/2025, 7:43:28 PM GMT+3 [Modules] Streaming discord_desktop_core@1 to /home/dmtr/.config/discord/0.0.106/modules/pending/discord_desktop_core-1.zip: 7%
8/21/2025, 7:43:28 PM GMT+3 [Modules] Streaming discord_desktop_core@1 to /home/dmtr/.config/discord/0.0.106/modules/pending/discord_desktop_core-1.zip: 8%
8/21/2025, 7:43:28 PM GMT+3 [Modules] Streaming discord_desktop_core@1 to /home/dmtr/.config/discord/0.0.106/modules/pending/discord_desktop_core-1.zip: 9%
8/21/2025, 7:43:28 PM GMT+3 [Modules] Streaming discord_desktop_core@1 to /home/dmtr/.config/discord/0.0.106/modules/pending/discord_desktop_core-1.zip: 10%
8/21/2025, 7:43:28 PM GMT+3 [Modules] Streaming discord_desktop_core@1 to /home/dmtr/.config/discord/0.0.106/modules/pending/discord_desktop_core-1.zip: 11%
8/21/2025, 7:43:28 PM GMT+3 [Modules] Streaming discord_desktop_core@1 to /home/dmtr/.config/discord/0.0.106/modules/pending/discord_desktop_core-1.zip: 13%
8/21/2025, 7:43:28 PM GMT+3 [Modules] Streaming discord_desktop_core@1 to /home/dmtr/.config/discord/0.0.106/modules/pending/discord_desktop_core-1.zip: 14%
8/21/2025, 7:43:28 PM GMT+3 [Modules] Streaming discord_desktop_core@1 to /home/dmtr/.config/discord/0.0.106/modules/pending/discord_desktop_core-1.zip: 16%
8/21/2025, 7:43:28 PM GMT+3 [Modules] Streaming discord_desktop_core@1 to /home/dmtr/.config/discord/0.0.106/modules/pending/discord_desktop_core-1.zip: 17%
8/21/2025, 7:43:28 PM GMT+3 [Modules] Streaming discord_desktop_core@1 to /home/dmtr/.config/discord/0.0.106/modules/pending/discord_desktop_core-1.zip: 18%
8/21/2025, 7:43:28 PM GMT+3 [Modules] Streaming discord_desktop_core@1 to /home/dmtr/.config/discord/0.0.106/modules/pending/discord_desktop_core-1.zip: 19%
8/21/2025, 7:43:28 PM GMT+3 [Modules] Streaming discord_desktop_core@1 to /home/dmtr/.config/discord/0.0.106/modules/pending/discord_desktop_core-1.zip: 20%
8/21/2025, 7:43:28 PM GMT+3 [Modules] Streaming discord_desktop_core@1 to /home/dmtr/.config/discord/0.0.106/modules/pending/discord_desktop_core-1.zip: 21%
8/21/2025, 7:43:28 PM GMT+3 [Modules] Streaming discord_desktop_core@1 to /home/dmtr/.config/discord/0.0.106/modules/pending/discord_desktop_core-1.zip: 23%
8/21/2025, 7:43:28 PM GMT+3 [Modules] Streaming discord_desktop_core@1 to /home/dmtr/.config/discord/0.0.106/modules/pending/discord_desktop_core-1.zip: 25%
8/21/2025, 7:43:28 PM GMT+3 [Modules] Streaming discord_desktop_core@1 to /home/dmtr/.config/discord/0.0.106/modules/pending/discord_desktop_core-1.zip: 27%
8/21/2025, 7:43:28 PM GMT+3 [Modules] Streaming discord_desktop_core@1 to /home/dmtr/.config/discord/0.0.106/modules/pending/discord_desktop_core-1.zip: 28%
8/21/2025, 7:43:28 PM GMT+3 [Modules] Streaming discord_desktop_core@1 to /home/dmtr/.config/discord/0.0.106/modules/pending/discord_desktop_core-1.zip: 30%
8/21/2025, 7:43:28 PM GMT+3 [Modules] Streaming discord_desktop_core@1 to /home/dmtr/.config/discord/0.0.106/modules/pending/discord_desktop_core-1.zip: 31%
8/21/2025, 7:43:28 PM GMT+3 [Modules] Streaming discord_desktop_core@1 to /home/dmtr/.config/discord/0.0.106/modules/pending/discord_desktop_core-1.zip: 32%
8/21/2025, 7:43:28 PM GMT+3 [Modules] Streaming discord_desktop_core@1 to /home/dmtr/.config/discord/0.0.106/modules/pending/discord_desktop_core-1.zip: 33%
8/21/2025, 7:43:28 PM GMT+3 [Modules] Streaming discord_desktop_core@1 to /home/dmtr/.config/discord/0.0.106/modules/pending/discord_desktop_core-1.zip: 34%
8/21/2025, 7:43:28 PM GMT+3 [Modules] Streaming discord_desktop_core@1 to /home/dmtr/.config/discord/0.0.106/modules/pending/discord_desktop_core-1.zip: 35%
8/21/2025, 7:43:28 PM GMT+3 [Modules] Streaming discord_desktop_core@1 to /home/dmtr/.config/discord/0.0.106/modules/pending/discord_desktop_core-1.zip: 36%
8/21/2025, 7:43:28 PM GMT+3 [Modules] Streaming discord_desktop_core@1 to /home/dmtr/.config/discord/0.0.106/modules/pending/discord_desktop_core-1.zip: 37%
8/21/2025, 7:43:28 PM GMT+3 [Modules] Streaming discord_desktop_core@1 to /home/dmtr/.config/discord/0.0.106/modules/pending/discord_desktop_core-1.zip: 38%
8/21/2025, 7:43:28 PM GMT+3 [Modules] Streaming discord_desktop_core@1 to /home/dmtr/.config/discord/0.0.106/modules/pending/discord_desktop_core-1.zip: 40%
8/21/2025, 7:43:28 PM GMT+3 [Modules] Streaming discord_desktop_core@1 to /home/dmtr/.config/discord/0.0.106/modules/pending/discord_desktop_core-1.zip: 43%
8/21/2025, 7:43:28 PM GMT+3 [Modules] Streaming discord_desktop_core@1 to /home/dmtr/.config/discord/0.0.106/modules/pending/discord_desktop_core-1.zip: 44%
8/21/2025, 7:43:28 PM GMT+3 [Modules] Streaming discord_desktop_core@1 to /home/dmtr/.config/discord/0.0.106/modules/pending/discord_desktop_core-1.zip: 47%
8/21/2025, 7:43:28 PM GMT+3 [Modules] Streaming discord_desktop_core@1 to /home/dmtr/.config/discord/0.0.106/modules/pending/discord_desktop_core-1.zip: 48%
8/21/2025, 7:43:28 PM GMT+3 [Modules] Streaming discord_desktop_core@1 to /home/dmtr/.config/discord/0.0.106/modules/pending/discord_desktop_core-1.zip: 51%
8/21/2025, 7:43:28 PM GMT+3 [Modules] Streaming discord_desktop_core@1 to /home/dmtr/.config/discord/0.0.106/modules/pending/discord_desktop_core-1.zip: 53%
8/21/2025, 7:43:28 PM GMT+3 [Modules] Streaming discord_desktop_core@1 to /home/dmtr/.config/discord/0.0.106/modules/pending/discord_desktop_core-1.zip: 54%
8/21/2025, 7:43:28 PM GMT+3 [Modules] Streaming discord_desktop_core@1 to /home/dmtr/.config/discord/0.0.106/modules/pending/discord_desktop_core-1.zip: 56%
8/21/2025, 7:43:28 PM GMT+3 [Modules] Streaming discord_desktop_core@1 to /home/dmtr/.config/discord/0.0.106/modules/pending/discord_desktop_core-1.zip: 60%
8/21/2025, 7:43:28 PM GMT+3 [Modules] Streaming discord_desktop_core@1 to /home/dmtr/.config/discord/0.0.106/modules/pending/discord_desktop_core-1.zip: 63%
8/21/2025, 7:43:28 PM GMT+3 [Modules] Streaming discord_desktop_core@1 to /home/dmtr/.config/discord/0.0.106/modules/pending/discord_desktop_core-1.zip: 64%
8/21/2025, 7:43:28 PM GMT+3 [Modules] Streaming discord_desktop_core@1 to /home/dmtr/.config/discord/0.0.106/modules/pending/discord_desktop_core-1.zip: 67%
8/21/2025, 7:43:28 PM GMT+3 [Modules] Streaming discord_desktop_core@1 to /home/dmtr/.config/discord/0.0.106/modules/pending/discord_desktop_core-1.zip: 68%
8/21/2025, 7:43:28 PM GMT+3 [Modules] Streaming discord_desktop_core@1 to /home/dmtr/.config/discord/0.0.106/modules/pending/discord_desktop_core-1.zip: 69%
8/21/2025, 7:43:28 PM GMT+3 [Modules] Streaming discord_desktop_core@1 to /home/dmtr/.config/discord/0.0.106/modules/pending/discord_desktop_core-1.zip: 71%
8/21/2025, 7:43:28 PM GMT+3 [Modules] Streaming discord_desktop_core@1 to /home/dmtr/.config/discord/0.0.106/modules/pending/discord_desktop_core-1.zip: 72%
8/21/2025, 7:43:28 PM GMT+3 [Modules] Streaming discord_desktop_core@1 to /home/dmtr/.config/discord/0.0.106/modules/pending/discord_desktop_core-1.zip: 74%
8/21/2025, 7:43:28 PM GMT+3 [Modules] Streaming discord_desktop_core@1 to /home/dmtr/.config/discord/0.0.106/modules/pending/discord_desktop_core-1.zip: 76%
8/21/2025, 7:43:28 PM GMT+3 [Modules] Streaming discord_desktop_core@1 to /home/dmtr/.config/discord/0.0.106/modules/pending/discord_desktop_core-1.zip: 77%
8/21/2025, 7:43:28 PM GMT+3 [Modules] Streaming discord_desktop_core@1 to /home/dmtr/.config/discord/0.0.106/modules/pending/discord_desktop_core-1.zip: 78%
8/21/2025, 7:43:28 PM GMT+3 [Modules] Streaming discord_desktop_core@1 to /home/dmtr/.config/discord/0.0.106/modules/pending/discord_desktop_core-1.zip: 81%
8/21/2025, 7:43:28 PM GMT+3 [Modules] Streaming discord_desktop_core@1 to /home/dmtr/.config/discord/0.0.106/modules/pending/discord_desktop_core-1.zip: 85%
8/21/2025, 7:43:28 PM GMT+3 [Modules] Streaming discord_desktop_core@1 to /home/dmtr/.config/discord/0.0.106/modules/pending/discord_desktop_core-1.zip: 87%
8/21/2025, 7:43:28 PM GMT+3 [Modules] Streaming discord_desktop_core@1 to /home/dmtr/.config/discord/0.0.106/modules/pending/discord_desktop_core-1.zip: 89%
8/21/2025, 7:43:28 PM GMT+3 [Modules] Streaming discord_desktop_core@1 to /home/dmtr/.config/discord/0.0.106/modules/pending/discord_desktop_core-1.zip: 90%
8/21/2025, 7:43:28 PM GMT+3 [Modules] Streaming discord_desktop_core@1 to /home/dmtr/.config/discord/0.0.106/modules/pending/discord_desktop_core-1.zip: 94%
8/21/2025, 7:43:28 PM GMT+3 [Modules] Streaming discord_desktop_core@1 to /home/dmtr/.config/discord/0.0.106/modules/pending/discord_desktop_core-1.zip: 97%
8/21/2025, 7:43:28 PM GMT+3 [Modules] Streaming discord_desktop_core@1 to /home/dmtr/.config/discord/0.0.106/modules/pending/discord_desktop_core-1.zip: 99%
8/21/2025, 7:43:28 PM GMT+3 [Modules] Streaming discord_desktop_core@1 to /home/dmtr/.config/discord/0.0.106/modules/pending/discord_desktop_core-1.zip: 100%
8/21/2025, 7:43:28 PM GMT+3 [Modules] Fetching discord_erlpack@1 from https://discord.com/api/modules/stable/discord_erlpack/1
8/21/2025, 7:43:28 PM GMT+3 [Modules] Streaming discord_erlpack@1 to /home/dmtr/.config/discord/0.0.106/modules/pending/discord_erlpack-1.zip
8/21/2025, 7:43:29 PM GMT+3 [Modules] Streaming discord_erlpack@1 to /home/dmtr/.config/discord/0.0.106/modules/pending/discord_erlpack-1.zip: 1%
8/21/2025, 7:43:29 PM GMT+3 [Modules] Streaming discord_erlpack@1 to /home/dmtr/.config/discord/0.0.106/modules/pending/discord_erlpack-1.zip: 4%
8/21/2025, 7:43:29 PM GMT+3 [Modules] Streaming discord_erlpack@1 to /home/dmtr/.config/discord/0.0.106/modules/pending/discord_erlpack-1.zip: 7%
8/21/2025, 7:43:29 PM GMT+3 [Modules] Streaming discord_erlpack@1 to /home/dmtr/.config/discord/0.0.106/modules/pending/discord_erlpack-1.zip: 15%
8/21/2025, 7:43:29 PM GMT+3 [Modules] Streaming discord_erlpack@1 to /home/dmtr/.config/discord/0.0.106/modules/pending/discord_erlpack-1.zip: 18%
8/21/2025, 7:43:29 PM GMT+3 [Modules] Streaming discord_erlpack@1 to /home/dmtr/.config/discord/0.0.106/modules/pending/discord_erlpack-1.zip: 23%
8/21/2025, 7:43:29 PM GMT+3 [Modules] Streaming discord_erlpack@1 to /home/dmtr/.config/discord/0.0.106/modules/pending/discord_erlpack-1.zip: 29%
8/21/2025, 7:43:29 PM GMT+3 [Modules] Streaming discord_erlpack@1 to /home/dmtr/.config/discord/0.0.106/modules/pending/discord_erlpack-1.zip: 32%
8/21/2025, 7:43:29 PM GMT+3 [Modules] Streaming discord_erlpack@1 to /home/dmtr/.config/discord/0.0.106/modules/pending/discord_erlpack-1.zip: 37%
8/21/2025, 7:43:29 PM GMT+3 [Modules] Streaming discord_erlpack@1 to /home/dmtr/.config/discord/0.0.106/modules/pending/discord_erlpack-1.zip: 38%
8/21/2025, 7:43:29 PM GMT+3 [Modules] Streaming discord_erlpack@1 to /home/dmtr/.config/discord/0.0.106/modules/pending/discord_erlpack-1.zip: 41%
8/21/2025, 7:43:29 PM GMT+3 [Modules] Streaming discord_erlpack@1 to /home/dmtr/.config/discord/0.0.106/modules/pending/discord_erlpack-1.zip: 64%
8/21/2025, 7:43:29 PM GMT+3 [Modules] Streaming discord_erlpack@1 to /home/dmtr/.config/discord/0.0.106/modules/pending/discord_erlpack-1.zip: 87%
8/21/2025, 7:43:29 PM GMT+3 [Modules] Streaming discord_erlpack@1 to /home/dmtr/.config/discord/0.0.106/modules/pending/discord_erlpack-1.zip: 92%
8/21/2025, 7:43:29 PM GMT+3 [Modules] Streaming discord_erlpack@1 to /home/dmtr/.config/discord/0.0.106/modules/pending/discord_erlpack-1.zip: 100%
8/21/2025, 7:43:29 PM GMT+3 [Modules] Fetching discord_spellcheck@1 from https://discord.com/api/modules/stable/discord_spellcheck/1
8/21/2025, 7:43:29 PM GMT+3 [Modules] Streaming discord_spellcheck@1 to /home/dmtr/.config/discord/0.0.106/modules/pending/discord_spellcheck-1.zip
8/21/2025, 7:43:29 PM GMT+3 [Modules] Streaming discord_spellcheck@1 to /home/dmtr/.config/discord/0.0.106/modules/pending/discord_spellcheck-1.zip: 1%
8/21/2025, 7:43:29 PM GMT+3 [Modules] Streaming discord_spellcheck@1 to /home/dmtr/.config/discord/0.0.106/modules/pending/discord_spellcheck-1.zip: 2%
8/21/2025, 7:43:29 PM GMT+3 [Modules] Streaming discord_spellcheck@1 to /home/dmtr/.config/discord/0.0.106/modules/pending/discord_spellcheck-1.zip: 3%
8/21/2025, 7:43:29 PM GMT+3 [Modules] Streaming discord_spellcheck@1 to /home/dmtr/.config/discord/0.0.106/modules/pending/discord_spellcheck-1.zip: 4%
8/21/2025, 7:43:29 PM GMT+3 [Modules] Streaming discord_spellcheck@1 to /home/dmtr/.config/discord/0.0.106/modules/pending/discord_spellcheck-1.zip: 7%
8/21/2025, 7:43:29 PM GMT+3 [Modules] Streaming discord_spellcheck@1 to /home/dmtr/.config/discord/0.0.106/modules/pending/discord_spellcheck-1.zip: 8%
8/21/2025, 7:43:29 PM GMT+3 [Modules] Streaming discord_spellcheck@1 to /home/dmtr/.config/discord/0.0.106/modules/pending/discord_spellcheck-1.zip: 11%
8/21/2025, 7:43:29 PM GMT+3 [Modules] Streaming discord_spellcheck@1 to /home/dmtr/.config/discord/0.0.106/modules/pending/discord_spellcheck-1.zip: 12%
8/21/2025, 7:43:29 PM GMT+3 [Modules] Streaming discord_spellcheck@1 to /home/dmtr/.config/discord/0.0.106/modules/pending/discord_spellcheck-1.zip: 13%
8/21/2025, 7:43:29 PM GMT+3 [Modules] Streaming discord_spellcheck@1 to /home/dmtr/.config/discord/0.0.106/modules/pending/discord_spellcheck-1.zip: 14%
8/21/2025, 7:43:29 PM GMT+3 [Modules] Streaming discord_spellcheck@1 to /home/dmtr/.config/discord/0.0.106/modules/pending/discord_spellcheck-1.zip: 16%
8/21/2025, 7:43:29 PM GMT+3 [Modules] Streaming discord_spellcheck@1 to /home/dmtr/.config/discord/0.0.106/modules/pending/discord_spellcheck-1.zip: 19%
8/21/2025, 7:43:29 PM GMT+3 [Modules] Streaming discord_spellcheck@1 to /home/dmtr/.config/discord/0.0.106/modules/pending/discord_spellcheck-1.zip: 20%
8/21/2025, 7:43:29 PM GMT+3 [Modules] Streaming discord_spellcheck@1 to /home/dmtr/.config/discord/0.0.106/modules/pending/discord_spellcheck-1.zip: 22%
8/21/2025, 7:43:29 PM GMT+3 [Modules] Streaming discord_spellcheck@1 to /home/dmtr/.config/discord/0.0.106/modules/pending/discord_spellcheck-1.zip: 23%
8/21/2025, 7:43:29 PM GMT+3 [Modules] Streaming discord_spellcheck@1 to /home/dmtr/.config/discord/0.0.106/modules/pending/discord_spellcheck-1.zip: 24%
8/21/2025, 7:43:29 PM GMT+3 [Modules] Streaming discord_spellcheck@1 to /home/dmtr/.config/discord/0.0.106/modules/pending/discord_spellcheck-1.zip: 25%
8/21/2025, 7:43:29 PM GMT+3 [Modules] Streaming discord_spellcheck@1 to /home/dmtr/.config/discord/0.0.106/modules/pending/discord_spellcheck-1.zip: 27%
8/21/2025, 7:43:29 PM GMT+3 [Modules] Streaming discord_spellcheck@1 to /home/dmtr/.config/discord/0.0.106/modules/pending/discord_spellcheck-1.zip: 28%
8/21/2025, 7:43:29 PM GMT+3 [Modules] Streaming discord_spellcheck@1 to /home/dmtr/.config/discord/0.0.106/modules/pending/discord_spellcheck-1.zip: 31%
8/21/2025, 7:43:29 PM GMT+3 [Modules] Streaming discord_spellcheck@1 to /home/dmtr/.config/discord/0.0.106/modules/pending/discord_spellcheck-1.zip: 32%
8/21/2025, 7:43:29 PM GMT+3 [Modules] Streaming discord_spellcheck@1 to /home/dmtr/.config/discord/0.0.106/modules/pending/discord_spellcheck-1.zip: 34%
8/21/2025, 7:43:29 PM GMT+3 [Modules] Streaming discord_spellcheck@1 to /home/dmtr/.config/discord/0.0.106/modules/pending/discord_spellcheck-1.zip: 35%
8/21/2025, 7:43:29 PM GMT+3 [Modules] Streaming discord_spellcheck@1 to /home/dmtr/.config/discord/0.0.106/modules/pending/discord_spellcheck-1.zip: 39%
8/21/2025, 7:43:29 PM GMT+3 [Modules] Streaming discord_spellcheck@1 to /home/dmtr/.config/discord/0.0.106/modules/pending/discord_spellcheck-1.zip: 40%
8/21/2025, 7:43:29 PM GMT+3 [Modules] Streaming discord_spellcheck@1 to /home/dmtr/.config/discord/0.0.106/modules/pending/discord_spellcheck-1.zip: 41%
8/21/2025, 7:43:29 PM GMT+3 [Modules] Streaming discord_spellcheck@1 to /home/dmtr/.config/discord/0.0.106/modules/pending/discord_spellcheck-1.zip: 42%
8/21/2025, 7:43:29 PM GMT+3 [Modules] Streaming discord_spellcheck@1 to /home/dmtr/.config/discord/0.0.106/modules/pending/discord_spellcheck-1.zip: 45%
8/21/2025, 7:43:29 PM GMT+3 [Modules] Streaming discord_spellcheck@1 to /home/dmtr/.config/discord/0.0.106/modules/pending/discord_spellcheck-1.zip: 46%
8/21/2025, 7:43:29 PM GMT+3 [Modules] Streaming discord_spellcheck@1 to /home/dmtr/.config/discord/0.0.106/modules/pending/discord_spellcheck-1.zip: 49%
8/21/2025, 7:43:29 PM GMT+3 [Modules] Streaming discord_spellcheck@1 to /home/dmtr/.config/discord/0.0.106/modules/pending/discord_spellcheck-1.zip: 50%
8/21/2025, 7:43:29 PM GMT+3 [Modules] Streaming discord_spellcheck@1 to /home/dmtr/.config/discord/0.0.106/modules/pending/discord_spellcheck-1.zip: 51%
8/21/2025, 7:43:29 PM GMT+3 [Modules] Streaming discord_spellcheck@1 to /home/dmtr/.config/discord/0.0.106/modules/pending/discord_spellcheck-1.zip: 56%
8/21/2025, 7:43:29 PM GMT+3 [Modules] Streaming discord_spellcheck@1 to /home/dmtr/.config/discord/0.0.106/modules/pending/discord_spellcheck-1.zip: 59%
8/21/2025, 7:43:29 PM GMT+3 [Modules] Streaming discord_spellcheck@1 to /home/dmtr/.config/discord/0.0.106/modules/pending/discord_spellcheck-1.zip: 60%
8/21/2025, 7:43:29 PM GMT+3 [Modules] Streaming discord_spellcheck@1 to /home/dmtr/.config/discord/0.0.106/modules/pending/discord_spellcheck-1.zip: 62%
8/21/2025, 7:43:29 PM GMT+3 [Modules] Streaming discord_spellcheck@1 to /home/dmtr/.config/discord/0.0.106/modules/pending/discord_spellcheck-1.zip: 64%
8/21/2025, 7:43:29 PM GMT+3 [Modules] Streaming discord_spellcheck@1 to /home/dmtr/.config/discord/0.0.106/modules/pending/discord_spellcheck-1.zip: 65%
8/21/2025, 7:43:29 PM GMT+3 [Modules] Streaming discord_spellcheck@1 to /home/dmtr/.config/discord/0.0.106/modules/pending/discord_spellcheck-1.zip: 67%
8/21/2025, 7:43:29 PM GMT+3 [Modules] Streaming discord_spellcheck@1 to /home/dmtr/.config/discord/0.0.106/modules/pending/discord_spellcheck-1.zip: 71%
8/21/2025, 7:43:29 PM GMT+3 [Modules] Streaming discord_spellcheck@1 to /home/dmtr/.config/discord/0.0.106/modules/pending/discord_spellcheck-1.zip: 75%
8/21/2025, 7:43:29 PM GMT+3 [Modules] Streaming discord_spellcheck@1 to /home/dmtr/.config/discord/0.0.106/modules/pending/discord_spellcheck-1.zip: 79%
8/21/2025, 7:43:29 PM GMT+3 [Modules] Streaming discord_spellcheck@1 to /home/dmtr/.config/discord/0.0.106/modules/pending/discord_spellcheck-1.zip: 82%
8/21/2025, 7:43:29 PM GMT+3 [Modules] Streaming discord_spellcheck@1 to /home/dmtr/.config/discord/0.0.106/modules/pending/discord_spellcheck-1.zip: 83%
8/21/2025, 7:43:29 PM GMT+3 [Modules] Streaming discord_spellcheck@1 to /home/dmtr/.config/discord/0.0.106/modules/pending/discord_spellcheck-1.zip: 85%
8/21/2025, 7:43:29 PM GMT+3 [Modules] Streaming discord_spellcheck@1 to /home/dmtr/.config/discord/0.0.106/modules/pending/discord_spellcheck-1.zip: 86%
8/21/2025, 7:43:29 PM GMT+3 [Modules] Streaming discord_spellcheck@1 to /home/dmtr/.config/discord/0.0.106/modules/pending/discord_spellcheck-1.zip: 87%
8/21/2025, 7:43:29 PM GMT+3 [Modules] Streaming discord_spellcheck@1 to /home/dmtr/.config/discord/0.0.106/modules/pending/discord_spellcheck-1.zip: 91%
8/21/2025, 7:43:29 PM GMT+3 [Modules] Streaming discord_spellcheck@1 to /home/dmtr/.config/discord/0.0.106/modules/pending/discord_spellcheck-1.zip: 92%
8/21/2025, 7:43:29 PM GMT+3 [Modules] Streaming discord_spellcheck@1 to /home/dmtr/.config/discord/0.0.106/modules/pending/discord_spellcheck-1.zip: 93%
8/21/2025, 7:43:29 PM GMT+3 [Modules] Streaming discord_spellcheck@1 to /home/dmtr/.config/discord/0.0.106/modules/pending/discord_spellcheck-1.zip: 95%
8/21/2025, 7:43:29 PM GMT+3 [Modules] Streaming discord_spellcheck@1 to /home/dmtr/.config/discord/0.0.106/modules/pending/discord_spellcheck-1.zip: 97%
8/21/2025, 7:43:29 PM GMT+3 [Modules] Streaming discord_spellcheck@1 to /home/dmtr/.config/discord/0.0.106/modules/pending/discord_spellcheck-1.zip: 99%
8/21/2025, 7:43:29 PM GMT+3 [Modules] Streaming discord_spellcheck@1 to /home/dmtr/.config/discord/0.0.106/modules/pending/discord_spellcheck-1.zip: 100%
8/21/2025, 7:43:29 PM GMT+3 [Modules] Fetching discord_utils@1 from https://discord.com/api/modules/stable/discord_utils/1
8/21/2025, 7:43:29 PM GMT+3 [Modules] Streaming discord_utils@1 to /home/dmtr/.config/discord/0.0.106/modules/pending/discord_utils-1.zip
8/21/2025, 7:43:29 PM GMT+3 [Modules] Streaming discord_utils@1 to /home/dmtr/.config/discord/0.0.106/modules/pending/discord_utils-1.zip: 2%
8/21/2025, 7:43:30 PM GMT+3 [Modules] Streaming discord_utils@1 to /home/dmtr/.config/discord/0.0.106/modules/pending/discord_utils-1.zip: 3%
8/21/2025, 7:43:30 PM GMT+3 [Modules] Streaming discord_utils@1 to /home/dmtr/.config/discord/0.0.106/modules/pending/discord_utils-1.zip: 6%
8/21/2025, 7:43:30 PM GMT+3 [Modules] Streaming discord_utils@1 to /home/dmtr/.config/discord/0.0.106/modules/pending/discord_utils-1.zip: 12%
8/21/2025, 7:43:30 PM GMT+3 [Modules] Streaming discord_utils@1 to /home/dmtr/.config/discord/0.0.106/modules/pending/discord_utils-1.zip: 16%
8/21/2025, 7:43:30 PM GMT+3 [Modules] Streaming discord_utils@1 to /home/dmtr/.config/discord/0.0.106/modules/pending/discord_utils-1.zip: 18%
8/21/2025, 7:43:30 PM GMT+3 [Modules] Streaming discord_utils@1 to /home/dmtr/.config/discord/0.0.106/modules/pending/discord_utils-1.zip: 20%
8/21/2025, 7:43:30 PM GMT+3 [Modules] Streaming discord_utils@1 to /home/dmtr/.config/discord/0.0.106/modules/pending/discord_utils-1.zip: 24%
8/21/2025, 7:43:30 PM GMT+3 [Modules] Streaming discord_utils@1 to /home/dmtr/.config/discord/0.0.106/modules/pending/discord_utils-1.zip: 25%
8/21/2025, 7:43:30 PM GMT+3 [Modules] Streaming discord_utils@1 to /home/dmtr/.config/discord/0.0.106/modules/pending/discord_utils-1.zip: 32%
8/21/2025, 7:43:30 PM GMT+3 [Modules] Streaming discord_utils@1 to /home/dmtr/.config/discord/0.0.106/modules/pending/discord_utils-1.zip: 33%
8/21/2025, 7:43:30 PM GMT+3 [Modules] Streaming discord_utils@1 to /home/dmtr/.config/discord/0.0.106/modules/pending/discord_utils-1.zip: 36%
8/21/2025, 7:43:30 PM GMT+3 [Modules] Streaming discord_utils@1 to /home/dmtr/.config/discord/0.0.106/modules/pending/discord_utils-1.zip: 39%
8/21/2025, 7:43:30 PM GMT+3 [Modules] Streaming discord_utils@1 to /home/dmtr/.config/discord/0.0.106/modules/pending/discord_utils-1.zip: 45%
8/21/2025, 7:43:30 PM GMT+3 [Modules] Streaming discord_utils@1 to /home/dmtr/.config/discord/0.0.106/modules/pending/discord_utils-1.zip: 64%
8/21/2025, 7:43:30 PM GMT+3 [Modules] Streaming discord_utils@1 to /home/dmtr/.config/discord/0.0.106/modules/pending/discord_utils-1.zip: 75%
8/21/2025, 7:43:30 PM GMT+3 [Modules] Streaming discord_utils@1 to /home/dmtr/.config/discord/0.0.106/modules/pending/discord_utils-1.zip: 76%
8/21/2025, 7:43:30 PM GMT+3 [Modules] Streaming discord_utils@1 to /home/dmtr/.config/discord/0.0.106/modules/pending/discord_utils-1.zip: 77%
8/21/2025, 7:43:30 PM GMT+3 [Modules] Streaming discord_utils@1 to /home/dmtr/.config/discord/0.0.106/modules/pending/discord_utils-1.zip: 85%
8/21/2025, 7:43:30 PM GMT+3 [Modules] Streaming discord_utils@1 to /home/dmtr/.config/discord/0.0.106/modules/pending/discord_utils-1.zip: 86%
8/21/2025, 7:43:30 PM GMT+3 [Modules] Streaming discord_utils@1 to /home/dmtr/.config/discord/0.0.106/modules/pending/discord_utils-1.zip: 87%
8/21/2025, 7:43:30 PM GMT+3 [Modules] Streaming discord_utils@1 to /home/dmtr/.config/discord/0.0.106/modules/pending/discord_utils-1.zip: 88%
8/21/2025, 7:43:30 PM GMT+3 [Modules] Streaming discord_utils@1 to /home/dmtr/.config/discord/0.0.106/modules/pending/discord_utils-1.zip: 91%
8/21/2025, 7:43:30 PM GMT+3 [Modules] Streaming discord_utils@1 to /home/dmtr/.config/discord/0.0.106/modules/pending/discord_utils-1.zip: 99%
8/21/2025, 7:43:30 PM GMT+3 [Modules] Streaming discord_utils@1 to /home/dmtr/.config/discord/0.0.106/modules/pending/discord_utils-1.zip: 100%
8/21/2025, 7:43:30 PM GMT+3 [Modules] Fetching discord_voice@1 from https://discord.com/api/modules/stable/discord_voice/1
8/21/2025, 7:43:30 PM GMT+3 [Modules] Streaming discord_voice@1 to /home/dmtr/.config/discord/0.0.106/modules/pending/discord_voice-1.zip
8/21/2025, 7:43:30 PM GMT+3 [Modules] Streaming discord_voice@1 to /home/dmtr/.config/discord/0.0.106/modules/pending/discord_voice-1.zip: 1%
8/21/2025, 7:43:30 PM GMT+3 [Modules] Streaming discord_voice@1 to /home/dmtr/.config/discord/0.0.106/modules/pending/discord_voice-1.zip: 2%
8/21/2025, 7:43:30 PM GMT+3 [Modules] Streaming discord_voice@1 to /home/dmtr/.config/discord/0.0.106/modules/pending/discord_voice-1.zip: 3%
8/21/2025, 7:43:30 PM GMT+3 [Modules] Streaming discord_voice@1 to /home/dmtr/.config/discord/0.0.106/modules/pending/discord_voice-1.zip: 4%
8/21/2025, 7:43:30 PM GMT+3 [Modules] Streaming discord_voice@1 to /home/dmtr/.config/discord/0.0.106/modules/pending/discord_voice-1.zip: 5%
8/21/2025, 7:43:30 PM GMT+3 [Modules] Streaming discord_voice@1 to /home/dmtr/.config/discord/0.0.106/modules/pending/discord_voice-1.zip: 6%
8/21/2025, 7:43:30 PM GMT+3 [Modules] Streaming discord_voice@1 to /home/dmtr/.config/discord/0.0.106/modules/pending/discord_voice-1.zip: 7%
8/21/2025, 7:43:30 PM GMT+3 [Modules] Streaming discord_voice@1 to /home/dmtr/.config/discord/0.0.106/modules/pending/discord_voice-1.zip: 8%
8/21/2025, 7:43:30 PM GMT+3 [Modules] Streaming discord_voice@1 to /home/dmtr/.config/discord/0.0.106/modules/pending/discord_voice-1.zip: 9%
8/21/2025, 7:43:30 PM GMT+3 [Modules] Streaming discord_voice@1 to /home/dmtr/.config/discord/0.0.106/modules/pending/discord_voice-1.zip: 10%
8/21/2025, 7:43:30 PM GMT+3 [Modules] Streaming discord_voice@1 to /home/dmtr/.config/discord/0.0.106/modules/pending/discord_voice-1.zip: 11%
8/21/2025, 7:43:30 PM GMT+3 [Modules] Streaming discord_voice@1 to /home/dmtr/.config/discord/0.0.106/modules/pending/discord_voice-1.zip: 12%
8/21/2025, 7:43:30 PM GMT+3 [Modules] Streaming discord_voice@1 to /home/dmtr/.config/discord/0.0.106/modules/pending/discord_voice-1.zip: 13%
8/21/2025, 7:43:30 PM GMT+3 [Modules] Streaming discord_voice@1 to /home/dmtr/.config/discord/0.0.106/modules/pending/discord_voice-1.zip: 14%
8/21/2025, 7:43:30 PM GMT+3 [Modules] Streaming discord_voice@1 to /home/dmtr/.config/discord/0.0.106/modules/pending/discord_voice-1.zip: 15%
8/21/2025, 7:43:30 PM GMT+3 [Modules] Streaming discord_voice@1 to /home/dmtr/.config/discord/0.0.106/modules/pending/discord_voice-1.zip: 16%
8/21/2025, 7:43:30 PM GMT+3 [Modules] Streaming discord_voice@1 to /home/dmtr/.config/discord/0.0.106/modules/pending/discord_voice-1.zip: 17%
8/21/2025, 7:43:30 PM GMT+3 [Modules] Streaming discord_voice@1 to /home/dmtr/.config/discord/0.0.106/modules/pending/discord_voice-1.zip: 18%
8/21/2025, 7:43:30 PM GMT+3 [Modules] Streaming discord_voice@1 to /home/dmtr/.config/discord/0.0.106/modules/pending/discord_voice-1.zip: 19%
8/21/2025, 7:43:30 PM GMT+3 [Modules] Streaming discord_voice@1 to /home/dmtr/.config/discord/0.0.106/modules/pending/discord_voice-1.zip: 20%
8/21/2025, 7:43:30 PM GMT+3 [Modules] Streaming discord_voice@1 to /home/dmtr/.config/discord/0.0.106/modules/pending/discord_voice-1.zip: 21%
8/21/2025, 7:43:30 PM GMT+3 [Modules] Streaming discord_voice@1 to /home/dmtr/.config/discord/0.0.106/modules/pending/discord_voice-1.zip: 22%
8/21/2025, 7:43:30 PM GMT+3 [Modules] Streaming discord_voice@1 to /home/dmtr/.config/discord/0.0.106/modules/pending/discord_voice-1.zip: 23%
8/21/2025, 7:43:30 PM GMT+3 [Modules] Streaming discord_voice@1 to /home/dmtr/.config/discord/0.0.106/modules/pending/discord_voice-1.zip: 24%
8/21/2025, 7:43:30 PM GMT+3 [Modules] Streaming discord_voice@1 to /home/dmtr/.config/discord/0.0.106/modules/pending/discord_voice-1.zip: 25%
8/21/2025, 7:43:30 PM GMT+3 [Modules] Streaming discord_voice@1 to /home/dmtr/.config/discord/0.0.106/modules/pending/discord_voice-1.zip: 26%
8/21/2025, 7:43:30 PM GMT+3 [Modules] Streaming discord_voice@1 to /home/dmtr/.config/discord/0.0.106/modules/pending/discord_voice-1.zip: 27%
8/21/2025, 7:43:30 PM GMT+3 [Modules] Streaming discord_voice@1 to /home/dmtr/.config/discord/0.0.106/modules/pending/discord_voice-1.zip: 28%
8/21/2025, 7:43:30 PM GMT+3 [Modules] Streaming discord_voice@1 to /home/dmtr/.config/discord/0.0.106/modules/pending/discord_voice-1.zip: 29%
8/21/2025, 7:43:30 PM GMT+3 [Modules] Streaming discord_voice@1 to /home/dmtr/.config/discord/0.0.106/modules/pending/discord_voice-1.zip: 30%
8/21/2025, 7:43:30 PM GMT+3 [Modules] Streaming discord_voice@1 to /home/dmtr/.config/discord/0.0.106/modules/pending/discord_voice-1.zip: 32%
8/21/2025, 7:43:30 PM GMT+3 [Modules] Streaming discord_voice@1 to /home/dmtr/.config/discord/0.0.106/modules/pending/discord_voice-1.zip: 33%
8/21/2025, 7:43:30 PM GMT+3 [Modules] Streaming discord_voice@1 to /home/dmtr/.config/discord/0.0.106/modules/pending/discord_voice-1.zip: 35%
8/21/2025, 7:43:30 PM GMT+3 [Modules] Streaming discord_voice@1 to /home/dmtr/.config/discord/0.0.106/modules/pending/discord_voice-1.zip: 37%
8/21/2025, 7:43:30 PM GMT+3 [Modules] Streaming discord_voice@1 to /home/dmtr/.config/discord/0.0.106/modules/pending/discord_voice-1.zip: 38%
8/21/2025, 7:43:30 PM GMT+3 [Modules] Streaming discord_voice@1 to /home/dmtr/.config/discord/0.0.106/modules/pending/discord_voice-1.zip: 39%
8/21/2025, 7:43:30 PM GMT+3 [Modules] Streaming discord_voice@1 to /home/dmtr/.config/discord/0.0.106/modules/pending/discord_voice-1.zip: 40%
8/21/2025, 7:43:30 PM GMT+3 [Modules] Streaming discord_voice@1 to /home/dmtr/.config/discord/0.0.106/modules/pending/discord_voice-1.zip: 41%
8/21/2025, 7:43:30 PM GMT+3 [Modules] Streaming discord_voice@1 to /home/dmtr/.config/discord/0.0.106/modules/pending/discord_voice-1.zip: 44%
8/21/2025, 7:43:30 PM GMT+3 [Modules] Streaming discord_voice@1 to /home/dmtr/.config/discord/0.0.106/modules/pending/discord_voice-1.zip: 48%
8/21/2025, 7:43:30 PM GMT+3 [Modules] Streaming discord_voice@1 to /home/dmtr/.config/discord/0.0.106/modules/pending/discord_voice-1.zip: 49%
8/21/2025, 7:43:30 PM GMT+3 [Modules] Streaming discord_voice@1 to /home/dmtr/.config/discord/0.0.106/modules/pending/discord_voice-1.zip: 54%
8/21/2025, 7:43:30 PM GMT+3 [Modules] Streaming discord_voice@1 to /home/dmtr/.config/discord/0.0.106/modules/pending/discord_voice-1.zip: 57%
8/21/2025, 7:43:30 PM GMT+3 [Modules] Streaming discord_voice@1 to /home/dmtr/.config/discord/0.0.106/modules/pending/discord_voice-1.zip: 62%
8/21/2025, 7:43:30 PM GMT+3 [Modules] Streaming discord_voice@1 to /home/dmtr/.config/discord/0.0.106/modules/pending/discord_voice-1.zip: 63%
8/21/2025, 7:43:30 PM GMT+3 [Modules] Streaming discord_voice@1 to /home/dmtr/.config/discord/0.0.106/modules/pending/discord_voice-1.zip: 64%
8/21/2025, 7:43:30 PM GMT+3 [Modules] Streaming discord_voice@1 to /home/dmtr/.config/discord/0.0.106/modules/pending/discord_voice-1.zip: 65%
8/21/2025, 7:43:30 PM GMT+3 [Modules] Streaming discord_voice@1 to /home/dmtr/.config/discord/0.0.106/modules/pending/discord_voice-1.zip: 66%
8/21/2025, 7:43:30 PM GMT+3 [Modules] Streaming discord_voice@1 to /home/dmtr/.config/discord/0.0.106/modules/pending/discord_voice-1.zip: 67%
8/21/2025, 7:43:30 PM GMT+3 [Modules] Streaming discord_voice@1 to /home/dmtr/.config/discord/0.0.106/modules/pending/discord_voice-1.zip: 68%
8/21/2025, 7:43:30 PM GMT+3 [Modules] Streaming discord_voice@1 to /home/dmtr/.config/discord/0.0.106/modules/pending/discord_voice-1.zip: 71%
8/21/2025, 7:43:30 PM GMT+3 [Modules] Streaming discord_voice@1 to /home/dmtr/.config/discord/0.0.106/modules/pending/discord_voice-1.zip: 72%
8/21/2025, 7:43:30 PM GMT+3 [Modules] Streaming discord_voice@1 to /home/dmtr/.config/discord/0.0.106/modules/pending/discord_voice-1.zip: 73%
8/21/2025, 7:43:30 PM GMT+3 [Modules] Streaming discord_voice@1 to /home/dmtr/.config/discord/0.0.106/modules/pending/discord_voice-1.zip: 74%
8/21/2025, 7:43:30 PM GMT+3 [Modules] Streaming discord_voice@1 to /home/dmtr/.config/discord/0.0.106/modules/pending/discord_voice-1.zip: 75%
8/21/2025, 7:43:30 PM GMT+3 [Modules] Streaming discord_voice@1 to /home/dmtr/.config/discord/0.0.106/modules/pending/discord_voice-1.zip: 76%
8/21/2025, 7:43:30 PM GMT+3 [Modules] Streaming discord_voice@1 to /home/dmtr/.config/discord/0.0.106/modules/pending/discord_voice-1.zip: 77%
8/21/2025, 7:43:30 PM GMT+3 [Modules] Streaming discord_voice@1 to /home/dmtr/.config/discord/0.0.106/modules/pending/discord_voice-1.zip: 78%
8/21/2025, 7:43:30 PM GMT+3 [Modules] Streaming discord_voice@1 to /home/dmtr/.config/discord/0.0.106/modules/pending/discord_voice-1.zip: 79%
8/21/2025, 7:43:30 PM GMT+3 [Modules] Streaming discord_voice@1 to /home/dmtr/.config/discord/0.0.106/modules/pending/discord_voice-1.zip: 80%
8/21/2025, 7:43:30 PM GMT+3 [Modules] Streaming discord_voice@1 to /home/dmtr/.config/discord/0.0.106/modules/pending/discord_voice-1.zip: 81%
8/21/2025, 7:43:30 PM GMT+3 [Modules] Streaming discord_voice@1 to /home/dmtr/.config/discord/0.0.106/modules/pending/discord_voice-1.zip: 82%
8/21/2025, 7:43:30 PM GMT+3 [Modules] Streaming discord_voice@1 to /home/dmtr/.config/discord/0.0.106/modules/pending/discord_voice-1.zip: 83%
8/21/2025, 7:43:30 PM GMT+3 [Modules] Streaming discord_voice@1 to /home/dmtr/.config/discord/0.0.106/modules/pending/discord_voice-1.zip: 84%
8/21/2025, 7:43:31 PM GMT+3 [Modules] Streaming discord_voice@1 to /home/dmtr/.config/discord/0.0.106/modules/pending/discord_voice-1.zip: 85%
8/21/2025, 7:43:31 PM GMT+3 [Modules] Streaming discord_voice@1 to /home/dmtr/.config/discord/0.0.106/modules/pending/discord_voice-1.zip: 86%
8/21/2025, 7:43:31 PM GMT+3 [Modules] Streaming discord_voice@1 to /home/dmtr/.config/discord/0.0.106/modules/pending/discord_voice-1.zip: 87%
8/21/2025, 7:43:31 PM GMT+3 [Modules] Streaming discord_voice@1 to /home/dmtr/.config/discord/0.0.106/modules/pending/discord_voice-1.zip: 88%
8/21/2025, 7:43:31 PM GMT+3 [Modules] Streaming discord_voice@1 to /home/dmtr/.config/discord/0.0.106/modules/pending/discord_voice-1.zip: 89%
8/21/2025, 7:43:31 PM GMT+3 [Modules] Streaming discord_voice@1 to /home/dmtr/.config/discord/0.0.106/modules/pending/discord_voice-1.zip: 90%
8/21/2025, 7:43:31 PM GMT+3 [Modules] Streaming discord_voice@1 to /home/dmtr/.config/discord/0.0.106/modules/pending/discord_voice-1.zip: 91%
8/21/2025, 7:43:31 PM GMT+3 [Modules] Streaming discord_voice@1 to /home/dmtr/.config/discord/0.0.106/modules/pending/discord_voice-1.zip: 92%
8/21/2025, 7:43:31 PM GMT+3 [Modules] Streaming discord_voice@1 to /home/dmtr/.config/discord/0.0.106/modules/pending/discord_voice-1.zip: 93%
8/21/2025, 7:43:31 PM GMT+3 [Modules] Streaming discord_voice@1 to /home/dmtr/.config/discord/0.0.106/modules/pending/discord_voice-1.zip: 94%
8/21/2025, 7:43:31 PM GMT+3 [Modules] Streaming discord_voice@1 to /home/dmtr/.config/discord/0.0.106/modules/pending/discord_voice-1.zip: 96%
8/21/2025, 7:43:31 PM GMT+3 [Modules] Streaming discord_voice@1 to /home/dmtr/.config/discord/0.0.106/modules/pending/discord_voice-1.zip: 98%
8/21/2025, 7:43:31 PM GMT+3 [Modules] Streaming discord_voice@1 to /home/dmtr/.config/discord/0.0.106/modules/pending/discord_voice-1.zip: 99%
8/21/2025, 7:43:31 PM GMT+3 [Modules] Streaming discord_voice@1 to /home/dmtr/.config/discord/0.0.106/modules/pending/discord_voice-1.zip: 100%
8/21/2025, 7:43:31 PM GMT+3 [Modules] Fetching discord_zstd@1 from https://discord.com/api/modules/stable/discord_zstd/1
8/21/2025, 7:43:31 PM GMT+3 [Modules] Streaming discord_zstd@1 to /home/dmtr/.config/discord/0.0.106/modules/pending/discord_zstd-1.zip
8/21/2025, 7:43:31 PM GMT+3 [Modules] Streaming discord_zstd@1 to /home/dmtr/.config/discord/0.0.106/modules/pending/discord_zstd-1.zip: 10%
8/21/2025, 7:43:31 PM GMT+3 [Modules] Streaming discord_zstd@1 to /home/dmtr/.config/discord/0.0.106/modules/pending/discord_zstd-1.zip: 38%
8/21/2025, 7:43:31 PM GMT+3 [Modules] Streaming discord_zstd@1 to /home/dmtr/.config/discord/0.0.106/modules/pending/discord_zstd-1.zip: 56%
8/21/2025, 7:43:31 PM GMT+3 [Modules] Streaming discord_zstd@1 to /home/dmtr/.config/discord/0.0.106/modules/pending/discord_zstd-1.zip: 67%
8/21/2025, 7:43:31 PM GMT+3 [Modules] Streaming discord_zstd@1 to /home/dmtr/.config/discord/0.0.106/modules/pending/discord_zstd-1.zip: 77%
8/21/2025, 7:43:31 PM GMT+3 [Modules] Streaming discord_zstd@1 to /home/dmtr/.config/discord/0.0.106/modules/pending/discord_zstd-1.zip: 84%
8/21/2025, 7:43:31 PM GMT+3 [Modules] Streaming discord_zstd@1 to /home/dmtr/.config/discord/0.0.106/modules/pending/discord_zstd-1.zip: 98%
8/21/2025, 7:43:31 PM GMT+3 [Modules] Streaming discord_zstd@1 to /home/dmtr/.config/discord/0.0.106/modules/pending/discord_zstd-1.zip: 100%
8/21/2025, 7:43:31 PM GMT+3 [Modules] Finished module downloads. [success: 6] [failure: 0]
8/21/2025, 7:43:31 PM GMT+3 [Modules] Installing updates...
8/21/2025, 7:43:31 PM GMT+3 [Modules] Installing discord_desktop_core@1 from /home/dmtr/.config/discord/0.0.106/modules/pending/discord_desktop_core-1.zip
8/21/2025, 7:43:31 PM GMT+3 [Modules] Installing discord_erlpack@1 from /home/dmtr/.config/discord/0.0.106/modules/pending/discord_erlpack-1.zip
8/21/2025, 7:43:31 PM GMT+3 [Modules] Installing discord_spellcheck@1 from /home/dmtr/.config/discord/0.0.106/modules/pending/discord_spellcheck-1.zip
8/21/2025, 7:43:32 PM GMT+3 [Modules] Installing discord_utils@1 from /home/dmtr/.config/discord/0.0.106/modules/pending/discord_utils-1.zip
8/21/2025, 7:43:32 PM GMT+3 [Modules] Installing discord_voice@1 from /home/dmtr/.config/discord/0.0.106/modules/pending/discord_voice-1.zip
8/21/2025, 7:43:33 PM GMT+3 [Modules] Installing discord_zstd@1 from /home/dmtr/.config/discord/0.0.106/modules/pending/discord_zstd-1.zip
8/21/2025, 7:43:33 PM GMT+3 [Modules] Finished module installations. [success: 6] [failure: 0]
8/21/2025, 7:43:33 PM GMT+3 [Modules] Checking for host updates.
8/21/2025, 7:43:33 PM GMT+3 [Modules] Host is up to date.
8/21/2025, 7:43:33 PM GMT+3 [Modules] Checking for module updates at https://discord.com/api/modules/stable/versions.json
8/21/2025, 7:43:33 PM GMT+3 [Modules] No module updates available.
8/21/2025, 7:43:36 PM GMT+3 [Modules] Starting to install discord_krisp...
8/21/2025, 7:43:36 PM GMT+3 [Modules] Fetching discord_krisp@1 from https://discord.com/api/modules/stable/discord_krisp/1
8/21/2025, 7:43:36 PM GMT+3 [Modules] Streaming discord_krisp@1 to /home/dmtr/.config/discord/0.0.106/modules/pending/discord_krisp-1.zip
8/21/2025, 7:43:36 PM GMT+3 [Modules] Starting to install discord_game_utils...
8/21/2025, 7:43:36 PM GMT+3 [Modules] Streaming discord_krisp@1 to /home/dmtr/.config/discord/0.0.106/modules/pending/discord_krisp-1.zip: 1%
8/21/2025, 7:43:36 PM GMT+3 [Modules] Streaming discord_krisp@1 to /home/dmtr/.config/discord/0.0.106/modules/pending/discord_krisp-1.zip: 2%
8/21/2025, 7:43:36 PM GMT+3 [Modules] Streaming discord_krisp@1 to /home/dmtr/.config/discord/0.0.106/modules/pending/discord_krisp-1.zip: 3%
8/21/2025, 7:43:36 PM GMT+3 [Modules] Streaming discord_krisp@1 to /home/dmtr/.config/discord/0.0.106/modules/pending/discord_krisp-1.zip: 4%
8/21/2025, 7:43:36 PM GMT+3 [Modules] Streaming discord_krisp@1 to /home/dmtr/.config/discord/0.0.106/modules/pending/discord_krisp-1.zip: 5%
8/21/2025, 7:43:36 PM GMT+3 [Modules] Streaming discord_krisp@1 to /home/dmtr/.config/discord/0.0.106/modules/pending/discord_krisp-1.zip: 6%
8/21/2025, 7:43:36 PM GMT+3 [Modules] Streaming discord_krisp@1 to /home/dmtr/.config/discord/0.0.106/modules/pending/discord_krisp-1.zip: 7%
8/21/2025, 7:43:36 PM GMT+3 [Modules] Streaming discord_krisp@1 to /home/dmtr/.config/discord/0.0.106/modules/pending/discord_krisp-1.zip: 8%
8/21/2025, 7:43:36 PM GMT+3 [Modules] Streaming discord_krisp@1 to /home/dmtr/.config/discord/0.0.106/modules/pending/discord_krisp-1.zip: 9%
8/21/2025, 7:43:36 PM GMT+3 [Modules] Streaming discord_krisp@1 to /home/dmtr/.config/discord/0.0.106/modules/pending/discord_krisp-1.zip: 10%
8/21/2025, 7:43:36 PM GMT+3 [Modules] Streaming discord_krisp@1 to /home/dmtr/.config/discord/0.0.106/modules/pending/discord_krisp-1.zip: 11%
8/21/2025, 7:43:36 PM GMT+3 [Modules] Streaming discord_krisp@1 to /home/dmtr/.config/discord/0.0.106/modules/pending/discord_krisp-1.zip: 12%
8/21/2025, 7:43:36 PM GMT+3 [Modules] Streaming discord_krisp@1 to /home/dmtr/.config/discord/0.0.106/modules/pending/discord_krisp-1.zip: 13%
8/21/2025, 7:43:37 PM GMT+3 [Modules] Streaming discord_krisp@1 to /home/dmtr/.config/discord/0.0.106/modules/pending/discord_krisp-1.zip: 14%
8/21/2025, 7:43:37 PM GMT+3 [Modules] Streaming discord_krisp@1 to /home/dmtr/.config/discord/0.0.106/modules/pending/discord_krisp-1.zip: 15%
8/21/2025, 7:43:37 PM GMT+3 [Modules] Streaming discord_krisp@1 to /home/dmtr/.config/discord/0.0.106/modules/pending/discord_krisp-1.zip: 16%
8/21/2025, 7:43:37 PM GMT+3 [Modules] Streaming discord_krisp@1 to /home/dmtr/.config/discord/0.0.106/modules/pending/discord_krisp-1.zip: 17%
8/21/2025, 7:43:37 PM GMT+3 [Modules] Starting to install discord_rpc...
8/21/2025, 7:43:37 PM GMT+3 [Modules] Streaming discord_krisp@1 to /home/dmtr/.config/discord/0.0.106/modules/pending/discord_krisp-1.zip: 18%
8/21/2025, 7:43:37 PM GMT+3 [Modules] Streaming discord_krisp@1 to /home/dmtr/.config/discord/0.0.106/modules/pending/discord_krisp-1.zip: 19%
8/21/2025, 7:43:37 PM GMT+3 [Modules] Streaming discord_krisp@1 to /home/dmtr/.config/discord/0.0.106/modules/pending/discord_krisp-1.zip: 20%
8/21/2025, 7:43:37 PM GMT+3 [Modules] Streaming discord_krisp@1 to /home/dmtr/.config/discord/0.0.106/modules/pending/discord_krisp-1.zip: 21%
8/21/2025, 7:43:37 PM GMT+3 [Modules] Streaming discord_krisp@1 to /home/dmtr/.config/discord/0.0.106/modules/pending/discord_krisp-1.zip: 22%
8/21/2025, 7:43:37 PM GMT+3 [Modules] Streaming discord_krisp@1 to /home/dmtr/.config/discord/0.0.106/modules/pending/discord_krisp-1.zip: 23%
8/21/2025, 7:43:37 PM GMT+3 [Modules] Streaming discord_krisp@1 to /home/dmtr/.config/discord/0.0.106/modules/pending/discord_krisp-1.zip: 24%
8/21/2025, 7:43:37 PM GMT+3 [Modules] Streaming discord_krisp@1 to /home/dmtr/.config/discord/0.0.106/modules/pending/discord_krisp-1.zip: 25%
8/21/2025, 7:43:37 PM GMT+3 [Modules] Streaming discord_krisp@1 to /home/dmtr/.config/discord/0.0.106/modules/pending/discord_krisp-1.zip: 26%
8/21/2025, 7:43:37 PM GMT+3 [Modules] Streaming discord_krisp@1 to /home/dmtr/.config/discord/0.0.106/modules/pending/discord_krisp-1.zip: 27%
8/21/2025, 7:43:37 PM GMT+3 [Modules] Streaming discord_krisp@1 to /home/dmtr/.config/discord/0.0.106/modules/pending/discord_krisp-1.zip: 28%
8/21/2025, 7:43:37 PM GMT+3 [Modules] Streaming discord_krisp@1 to /home/dmtr/.config/discord/0.0.106/modules/pending/discord_krisp-1.zip: 29%
8/21/2025, 7:43:37 PM GMT+3 [Modules] Streaming discord_krisp@1 to /home/dmtr/.config/discord/0.0.106/modules/pending/discord_krisp-1.zip: 30%
8/21/2025, 7:43:37 PM GMT+3 [Modules] Streaming discord_krisp@1 to /home/dmtr/.config/discord/0.0.106/modules/pending/discord_krisp-1.zip: 31%
8/21/2025, 7:43:37 PM GMT+3 [Modules] Streaming discord_krisp@1 to /home/dmtr/.config/discord/0.0.106/modules/pending/discord_krisp-1.zip: 32%
8/21/2025, 7:43:37 PM GMT+3 [Modules] Streaming discord_krisp@1 to /home/dmtr/.config/discord/0.0.106/modules/pending/discord_krisp-1.zip: 33%
8/21/2025, 7:43:37 PM GMT+3 [Modules] Streaming discord_krisp@1 to /home/dmtr/.config/discord/0.0.106/modules/pending/discord_krisp-1.zip: 34%
8/21/2025, 7:43:37 PM GMT+3 [Modules] Streaming discord_krisp@1 to /home/dmtr/.config/discord/0.0.106/modules/pending/discord_krisp-1.zip: 35%
8/21/2025, 7:43:37 PM GMT+3 [Modules] Streaming discord_krisp@1 to /home/dmtr/.config/discord/0.0.106/modules/pending/discord_krisp-1.zip: 36%
8/21/2025, 7:43:37 PM GMT+3 [Modules] Streaming discord_krisp@1 to /home/dmtr/.config/discord/0.0.106/modules/pending/discord_krisp-1.zip: 37%
8/21/2025, 7:43:37 PM GMT+3 [Modules] Streaming discord_krisp@1 to /home/dmtr/.config/discord/0.0.106/modules/pending/discord_krisp-1.zip: 38%
8/21/2025, 7:43:37 PM GMT+3 [Modules] Streaming discord_krisp@1 to /home/dmtr/.config/discord/0.0.106/modules/pending/discord_krisp-1.zip: 39%
8/21/2025, 7:43:37 PM GMT+3 [Modules] Streaming discord_krisp@1 to /home/dmtr/.config/discord/0.0.106/modules/pending/discord_krisp-1.zip: 40%
8/21/2025, 7:43:37 PM GMT+3 [Modules] Streaming discord_krisp@1 to /home/dmtr/.config/discord/0.0.106/modules/pending/discord_krisp-1.zip: 41%
8/21/2025, 7:43:37 PM GMT+3 [Modules] Streaming discord_krisp@1 to /home/dmtr/.config/discord/0.0.106/modules/pending/discord_krisp-1.zip: 42%
8/21/2025, 7:43:37 PM GMT+3 [Modules] Streaming discord_krisp@1 to /home/dmtr/.config/discord/0.0.106/modules/pending/discord_krisp-1.zip: 43%
8/21/2025, 7:43:37 PM GMT+3 [Modules] Streaming discord_krisp@1 to /home/dmtr/.config/discord/0.0.106/modules/pending/discord_krisp-1.zip: 44%
8/21/2025, 7:43:37 PM GMT+3 [Modules] Streaming discord_krisp@1 to /home/dmtr/.config/discord/0.0.106/modules/pending/discord_krisp-1.zip: 45%
8/21/2025, 7:43:37 PM GMT+3 [Modules] Streaming discord_krisp@1 to /home/dmtr/.config/discord/0.0.106/modules/pending/discord_krisp-1.zip: 46%
8/21/2025, 7:43:37 PM GMT+3 [Modules] Streaming discord_krisp@1 to /home/dmtr/.config/discord/0.0.106/modules/pending/discord_krisp-1.zip: 47%
8/21/2025, 7:43:37 PM GMT+3 [Modules] Streaming discord_krisp@1 to /home/dmtr/.config/discord/0.0.106/modules/pending/discord_krisp-1.zip: 48%
8/21/2025, 7:43:37 PM GMT+3 [Modules] Streaming discord_krisp@1 to /home/dmtr/.config/discord/0.0.106/modules/pending/discord_krisp-1.zip: 49%
8/21/2025, 7:43:37 PM GMT+3 [Modules] Streaming discord_krisp@1 to /home/dmtr/.config/discord/0.0.106/modules/pending/discord_krisp-1.zip: 50%
8/21/2025, 7:43:37 PM GMT+3 [Modules] Streaming discord_krisp@1 to /home/dmtr/.config/discord/0.0.106/modules/pending/discord_krisp-1.zip: 51%
8/21/2025, 7:43:37 PM GMT+3 [Modules] Streaming discord_krisp@1 to /home/dmtr/.config/discord/0.0.106/modules/pending/discord_krisp-1.zip: 52%
8/21/2025, 7:43:37 PM GMT+3 [Modules] Streaming discord_krisp@1 to /home/dmtr/.config/discord/0.0.106/modules/pending/discord_krisp-1.zip: 53%
8/21/2025, 7:43:37 PM GMT+3 [Modules] Streaming discord_krisp@1 to /home/dmtr/.config/discord/0.0.106/modules/pending/discord_krisp-1.zip: 54%
8/21/2025, 7:43:37 PM GMT+3 [Modules] Streaming discord_krisp@1 to /home/dmtr/.config/discord/0.0.106/modules/pending/discord_krisp-1.zip: 55%
8/21/2025, 7:43:37 PM GMT+3 [Modules] Streaming discord_krisp@1 to /home/dmtr/.config/discord/0.0.106/modules/pending/discord_krisp-1.zip: 56%
8/21/2025, 7:43:37 PM GMT+3 [Modules] Streaming discord_krisp@1 to /home/dmtr/.config/discord/0.0.106/modules/pending/discord_krisp-1.zip: 57%
8/21/2025, 7:43:37 PM GMT+3 [Modules] Streaming discord_krisp@1 to /home/dmtr/.config/discord/0.0.106/modules/pending/discord_krisp-1.zip: 58%
8/21/2025, 7:43:37 PM GMT+3 [Modules] Streaming discord_krisp@1 to /home/dmtr/.config/discord/0.0.106/modules/pending/discord_krisp-1.zip: 59%
8/21/2025, 7:43:37 PM GMT+3 [Modules] Streaming discord_krisp@1 to /home/dmtr/.config/discord/0.0.106/modules/pending/discord_krisp-1.zip: 60%
8/21/2025, 7:43:37 PM GMT+3 [Modules] Streaming discord_krisp@1 to /home/dmtr/.config/discord/0.0.106/modules/pending/discord_krisp-1.zip: 61%
8/21/2025, 7:43:37 PM GMT+3 [Modules] Streaming discord_krisp@1 to /home/dmtr/.config/discord/0.0.106/modules/pending/discord_krisp-1.zip: 62%
8/21/2025, 7:43:37 PM GMT+3 [Modules] Streaming discord_krisp@1 to /home/dmtr/.config/discord/0.0.106/modules/pending/discord_krisp-1.zip: 63%
8/21/2025, 7:43:37 PM GMT+3 [Modules] Streaming discord_krisp@1 to /home/dmtr/.config/discord/0.0.106/modules/pending/discord_krisp-1.zip: 64%
8/21/2025, 7:43:37 PM GMT+3 [Modules] Streaming discord_krisp@1 to /home/dmtr/.config/discord/0.0.106/modules/pending/discord_krisp-1.zip: 65%
8/21/2025, 7:43:37 PM GMT+3 [Modules] Streaming discord_krisp@1 to /home/dmtr/.config/discord/0.0.106/modules/pending/discord_krisp-1.zip: 66%
8/21/2025, 7:43:37 PM GMT+3 [Modules] Streaming discord_krisp@1 to /home/dmtr/.config/discord/0.0.106/modules/pending/discord_krisp-1.zip: 67%
8/21/2025, 7:43:37 PM GMT+3 [Modules] Streaming discord_krisp@1 to /home/dmtr/.config/discord/0.0.106/modules/pending/discord_krisp-1.zip: 68%
8/21/2025, 7:43:37 PM GMT+3 [Modules] Streaming discord_krisp@1 to /home/dmtr/.config/discord/0.0.106/modules/pending/discord_krisp-1.zip: 69%
8/21/2025, 7:43:37 PM GMT+3 [Modules] Streaming discord_krisp@1 to /home/dmtr/.config/discord/0.0.106/modules/pending/discord_krisp-1.zip: 70%
8/21/2025, 7:43:37 PM GMT+3 [Modules] Streaming discord_krisp@1 to /home/dmtr/.config/discord/0.0.106/modules/pending/discord_krisp-1.zip: 71%
8/21/2025, 7:43:37 PM GMT+3 [Modules] Streaming discord_krisp@1 to /home/dmtr/.config/discord/0.0.106/modules/pending/discord_krisp-1.zip: 72%
8/21/2025, 7:43:37 PM GMT+3 [Modules] Streaming discord_krisp@1 to /home/dmtr/.config/discord/0.0.106/modules/pending/discord_krisp-1.zip: 73%
8/21/2025, 7:43:37 PM GMT+3 [Modules] Streaming discord_krisp@1 to /home/dmtr/.config/discord/0.0.106/modules/pending/discord_krisp-1.zip: 74%
8/21/2025, 7:43:37 PM GMT+3 [Modules] Streaming discord_krisp@1 to /home/dmtr/.config/discord/0.0.106/modules/pending/discord_krisp-1.zip: 75%
8/21/2025, 7:43:37 PM GMT+3 [Modules] Streaming discord_krisp@1 to /home/dmtr/.config/discord/0.0.106/modules/pending/discord_krisp-1.zip: 76%
8/21/2025, 7:43:37 PM GMT+3 [Modules] Streaming discord_krisp@1 to /home/dmtr/.config/discord/0.0.106/modules/pending/discord_krisp-1.zip: 77%
8/21/2025, 7:43:37 PM GMT+3 [Modules] Streaming discord_krisp@1 to /home/dmtr/.config/discord/0.0.106/modules/pending/discord_krisp-1.zip: 78%
8/21/2025, 7:43:37 PM GMT+3 [Modules] Streaming discord_krisp@1 to /home/dmtr/.config/discord/0.0.106/modules/pending/discord_krisp-1.zip: 79%
8/21/2025, 7:43:37 PM GMT+3 [Modules] Streaming discord_krisp@1 to /home/dmtr/.config/discord/0.0.106/modules/pending/discord_krisp-1.zip: 80%
8/21/2025, 7:43:37 PM GMT+3 [Modules] Streaming discord_krisp@1 to /home/dmtr/.config/discord/0.0.106/modules/pending/discord_krisp-1.zip: 81%
8/21/2025, 7:43:37 PM GMT+3 [Modules] Streaming discord_krisp@1 to /home/dmtr/.config/discord/0.0.106/modules/pending/discord_krisp-1.zip: 82%
8/21/2025, 7:43:37 PM GMT+3 [Modules] Streaming discord_krisp@1 to /home/dmtr/.config/discord/0.0.106/modules/pending/discord_krisp-1.zip: 83%
8/21/2025, 7:43:37 PM GMT+3 [Modules] Streaming discord_krisp@1 to /home/dmtr/.config/discord/0.0.106/modules/pending/discord_krisp-1.zip: 84%
8/21/2025, 7:43:37 PM GMT+3 [Modules] Streaming discord_krisp@1 to /home/dmtr/.config/discord/0.0.106/modules/pending/discord_krisp-1.zip: 85%
8/21/2025, 7:43:37 PM GMT+3 [Modules] Streaming discord_krisp@1 to /home/dmtr/.config/discord/0.0.106/modules/pending/discord_krisp-1.zip: 86%
8/21/2025, 7:43:37 PM GMT+3 [Modules] Streaming discord_krisp@1 to /home/dmtr/.config/discord/0.0.106/modules/pending/discord_krisp-1.zip: 87%
8/21/2025, 7:43:37 PM GMT+3 [Modules] Streaming discord_krisp@1 to /home/dmtr/.config/discord/0.0.106/modules/pending/discord_krisp-1.zip: 88%
8/21/2025, 7:43:38 PM GMT+3 [Modules] Streaming discord_krisp@1 to /home/dmtr/.config/discord/0.0.106/modules/pending/discord_krisp-1.zip: 89%
8/21/2025, 7:43:38 PM GMT+3 [Modules] Streaming discord_krisp@1 to /home/dmtr/.config/discord/0.0.106/modules/pending/discord_krisp-1.zip: 90%
8/21/2025, 7:43:38 PM GMT+3 [Modules] Streaming discord_krisp@1 to /home/dmtr/.config/discord/0.0.106/modules/pending/discord_krisp-1.zip: 91%
8/21/2025, 7:43:38 PM GMT+3 [Modules] Streaming discord_krisp@1 to /home/dmtr/.config/discord/0.0.106/modules/pending/discord_krisp-1.zip: 92%
8/21/2025, 7:43:38 PM GMT+3 [Modules] Streaming discord_krisp@1 to /home/dmtr/.config/discord/0.0.106/modules/pending/discord_krisp-1.zip: 93%
8/21/2025, 7:43:38 PM GMT+3 [Modules] Streaming discord_krisp@1 to /home/dmtr/.config/discord/0.0.106/modules/pending/discord_krisp-1.zip: 94%
8/21/2025, 7:43:38 PM GMT+3 [Modules] Streaming discord_krisp@1 to /home/dmtr/.config/discord/0.0.106/modules/pending/discord_krisp-1.zip: 95%
8/21/2025, 7:43:38 PM GMT+3 [Modules] Streaming discord_krisp@1 to /home/dmtr/.config/discord/0.0.106/modules/pending/discord_krisp-1.zip: 96%
8/21/2025, 7:43:38 PM GMT+3 [Modules] Streaming discord_krisp@1 to /home/dmtr/.config/discord/0.0.106/modules/pending/discord_krisp-1.zip: 97%
8/21/2025, 7:43:38 PM GMT+3 [Modules] Streaming discord_krisp@1 to /home/dmtr/.config/discord/0.0.106/modules/pending/discord_krisp-1.zip: 98%
8/21/2025, 7:43:38 PM GMT+3 [Modules] Streaming discord_krisp@1 to /home/dmtr/.config/discord/0.0.106/modules/pending/discord_krisp-1.zip: 99%
8/21/2025, 7:43:38 PM GMT+3 [Modules] Streaming discord_krisp@1 to /home/dmtr/.config/discord/0.0.106/modules/pending/discord_krisp-1.zip: 100%
8/21/2025, 7:43:38 PM GMT+3 [Modules] Fetching discord_game_utils@1 from https://discord.com/api/modules/stable/discord_game_utils/1
8/21/2025, 7:43:38 PM GMT+3 [Modules] Streaming discord_game_utils@1 to /home/dmtr/.config/discord/0.0.106/modules/pending/discord_game_utils-1.zip
8/21/2025, 7:43:38 PM GMT+3 [Modules] Installing discord_krisp@1 from /home/dmtr/.config/discord/0.0.106/modules/pending/discord_krisp-1.zip
8/21/2025, 7:43:38 PM GMT+3 [Modules] Streaming discord_game_utils@1 to /home/dmtr/.config/discord/0.0.106/modules/pending/discord_game_utils-1.zip: 1%
8/21/2025, 7:43:38 PM GMT+3 [Modules] Streaming discord_game_utils@1 to /home/dmtr/.config/discord/0.0.106/modules/pending/discord_game_utils-1.zip: 3%
8/21/2025, 7:43:38 PM GMT+3 [Modules] Streaming discord_game_utils@1 to /home/dmtr/.config/discord/0.0.106/modules/pending/discord_game_utils-1.zip: 5%
8/21/2025, 7:43:38 PM GMT+3 [Modules] Streaming discord_game_utils@1 to /home/dmtr/.config/discord/0.0.106/modules/pending/discord_game_utils-1.zip: 6%
8/21/2025, 7:43:38 PM GMT+3 [Modules] Streaming discord_game_utils@1 to /home/dmtr/.config/discord/0.0.106/modules/pending/discord_game_utils-1.zip: 8%
8/21/2025, 7:43:38 PM GMT+3 [Modules] Streaming discord_game_utils@1 to /home/dmtr/.config/discord/0.0.106/modules/pending/discord_game_utils-1.zip: 10%
8/21/2025, 7:43:38 PM GMT+3 [Modules] Streaming discord_game_utils@1 to /home/dmtr/.config/discord/0.0.106/modules/pending/discord_game_utils-1.zip: 14%
8/21/2025, 7:43:38 PM GMT+3 [Modules] Streaming discord_game_utils@1 to /home/dmtr/.config/discord/0.0.106/modules/pending/discord_game_utils-1.zip: 16%
8/21/2025, 7:43:38 PM GMT+3 [Modules] Streaming discord_game_utils@1 to /home/dmtr/.config/discord/0.0.106/modules/pending/discord_game_utils-1.zip: 20%
8/21/2025, 7:43:38 PM GMT+3 [Modules] Streaming discord_game_utils@1 to /home/dmtr/.config/discord/0.0.106/modules/pending/discord_game_utils-1.zip: 28%
8/21/2025, 7:43:38 PM GMT+3 [Modules] Streaming discord_game_utils@1 to /home/dmtr/.config/discord/0.0.106/modules/pending/discord_game_utils-1.zip: 32%
8/21/2025, 7:43:38 PM GMT+3 [Modules] Streaming discord_game_utils@1 to /home/dmtr/.config/discord/0.0.106/modules/pending/discord_game_utils-1.zip: 39%
8/21/2025, 7:43:38 PM GMT+3 [Modules] Streaming discord_game_utils@1 to /home/dmtr/.config/discord/0.0.106/modules/pending/discord_game_utils-1.zip: 43%
8/21/2025, 7:43:38 PM GMT+3 [Modules] Streaming discord_game_utils@1 to /home/dmtr/.config/discord/0.0.106/modules/pending/discord_game_utils-1.zip: 49%
8/21/2025, 7:43:38 PM GMT+3 [Modules] Streaming discord_game_utils@1 to /home/dmtr/.config/discord/0.0.106/modules/pending/discord_game_utils-1.zip: 59%
8/21/2025, 7:43:38 PM GMT+3 [Modules] Streaming discord_game_utils@1 to /home/dmtr/.config/discord/0.0.106/modules/pending/discord_game_utils-1.zip: 61%
8/21/2025, 7:43:38 PM GMT+3 [Modules] Streaming discord_game_utils@1 to /home/dmtr/.config/discord/0.0.106/modules/pending/discord_game_utils-1.zip: 81%
8/21/2025, 7:43:38 PM GMT+3 [Modules] Streaming discord_game_utils@1 to /home/dmtr/.config/discord/0.0.106/modules/pending/discord_game_utils-1.zip: 86%
8/21/2025, 7:43:38 PM GMT+3 [Modules] Streaming discord_game_utils@1 to /home/dmtr/.config/discord/0.0.106/modules/pending/discord_game_utils-1.zip: 87%
8/21/2025, 7:43:38 PM GMT+3 [Modules] Streaming discord_game_utils@1 to /home/dmtr/.config/discord/0.0.106/modules/pending/discord_game_utils-1.zip: 90%
8/21/2025, 7:43:38 PM GMT+3 [Modules] Streaming discord_game_utils@1 to /home/dmtr/.config/discord/0.0.106/modules/pending/discord_game_utils-1.zip: 94%
8/21/2025, 7:43:38 PM GMT+3 [Modules] Streaming discord_game_utils@1 to /home/dmtr/.config/discord/0.0.106/modules/pending/discord_game_utils-1.zip: 98%
8/21/2025, 7:43:38 PM GMT+3 [Modules] Streaming discord_game_utils@1 to /home/dmtr/.config/discord/0.0.106/modules/pending/discord_game_utils-1.zip: 100%
8/21/2025, 7:43:38 PM GMT+3 [Modules] Fetching discord_rpc@1 from https://discord.com/api/modules/stable/discord_rpc/1
8/21/2025, 7:43:38 PM GMT+3 [Modules] Streaming discord_rpc@1 to /home/dmtr/.config/discord/0.0.106/modules/pending/discord_rpc-1.zip
8/21/2025, 7:43:38 PM GMT+3 [Modules] Streaming discord_rpc@1 to /home/dmtr/.config/discord/0.0.106/modules/pending/discord_rpc-1.zip: 100%
8/21/2025, 7:43:38 PM GMT+3 [Modules] Finished module downloads. [success: 3] [failure: 0]
8/21/2025, 7:43:38 PM GMT+3 [Modules] Installing discord_game_utils@1 from /home/dmtr/.config/discord/0.0.106/modules/pending/discord_game_utils-1.zip
8/21/2025, 7:43:39 PM GMT+3 [Modules] Installing discord_rpc@1 from /home/dmtr/.config/discord/0.0.106/modules/pending/discord_rpc-1.zip
8/21/2025, 7:43:39 PM GMT+3 [Modules] Finished module installations. [success: 3] [failure: 0]
8/21/2025, 7:43:42 PM GMT+3 [Modules] Checking for host updates.
8/21/2025, 7:43:42 PM GMT+3 [Modules] Host is up to date.
8/21/2025, 7:43:42 PM GMT+3 [Modules] Checking for module updates at https://discord.com/api/modules/stable/versions.json
8/21/2025, 7:43:42 PM GMT+3 [Modules] No module updates available.
8/21/2025, 8:43:42 PM GMT+3 [Modules] Checking for host updates.
8/21/2025, 8:43:42 PM GMT+3 [Modules] Host is up to date.
8/21/2025, 8:43:42 PM GMT+3 [Modules] Checking for module updates at https://discord.com/api/modules/stable/versions.json
8/21/2025, 8:43:42 PM GMT+3 [Modules] No module updates available.
8/22/2025, 7:53:07 PM GMT+3 [Modules] Modules initializing
8/22/2025, 7:53:07 PM GMT+3 [Modules] Distribution: remote
8/22/2025, 7:53:07 PM GMT+3 [Modules] Host updates: enabled
8/22/2025, 7:53:07 PM GMT+3 [Modules] Module updates: enabled
8/22/2025, 7:53:07 PM GMT+3 [Modules] Module install path: /home/dmtr/.config/discord/0.0.106/modules
8/22/2025, 7:53:07 PM GMT+3 [Modules] Module installed file path: /home/dmtr/.config/discord/0.0.106/modules/installed.json
8/22/2025, 7:53:07 PM GMT+3 [Modules] Module download path: /home/dmtr/.config/discord/0.0.106/modules/pending
8/22/2025, 7:53:07 PM GMT+3 [Modules] No updates to install
8/22/2025, 7:53:07 PM GMT+3 [Modules] Checking for host updates.
8/22/2025, 7:53:08 PM GMT+3 [Modules] Host is up to date.
8/22/2025, 7:53:08 PM GMT+3 [Modules] Checking for module updates at https://discord.com/api/modules/stable/versions.json
8/22/2025, 7:53:08 PM GMT+3 [Modules] No module updates available.
8/22/2025, 7:53:19 PM GMT+3 [Modules] Checking for host updates.
8/22/2025, 7:53:19 PM GMT+3 [Modules] Host is up to date.
8/22/2025, 7:53:19 PM GMT+3 [Modules] Checking for module updates at https://discord.com/api/modules/stable/versions.json
8/22/2025, 7:53:19 PM GMT+3 [Modules] No module updates available.
8/22/2025, 8:53:20 PM GMT+3 [Modules] Checking for host updates.
8/22/2025, 8:53:20 PM GMT+3 [Modules] Host is up to date.
8/22/2025, 8:53:20 PM GMT+3 [Modules] Checking for module updates at https://discord.com/api/modules/stable/versions.json
8/22/2025, 8:53:20 PM GMT+3 [Modules] No module updates available.
8/23/2025, 9:27:07 AM GMT+3 [Modules] Checking for host updates.
8/23/2025, 9:27:07 AM GMT+3 [Modules] Host is up to date.
8/23/2025, 9:27:07 AM GMT+3 [Modules] Checking for module updates at https://discord.com/api/modules/stable/versions.json
8/23/2025, 9:27:07 AM GMT+3 [Modules] No module updates available.
8/23/2025, 8:12:00 PM GMT+3 [Modules] Modules initializing
8/23/2025, 8:12:00 PM GMT+3 [Modules] Distribution: remote
8/23/2025, 8:12:00 PM GMT+3 [Modules] Host updates: enabled
8/23/2025, 8:12:00 PM GMT+3 [Modules] Module updates: enabled
8/23/2025, 8:12:00 PM GMT+3 [Modules] Module install path: /home/dmtr/.config/discord/0.0.106/modules
8/23/2025, 8:12:00 PM GMT+3 [Modules] Module installed file path: /home/dmtr/.config/discord/0.0.106/modules/installed.json
8/23/2025, 8:12:00 PM GMT+3 [Modules] Module download path: /home/dmtr/.config/discord/0.0.106/modules/pending
8/23/2025, 8:12:00 PM GMT+3 [Modules] No updates to install
8/23/2025, 8:12:00 PM GMT+3 [Modules] Checking for host updates.
8/23/2025, 8:12:00 PM GMT+3 [Modules] Host is up to date.
8/23/2025, 8:12:00 PM GMT+3 [Modules] Checking for module updates at https://discord.com/api/modules/stable/versions.json
8/23/2025, 8:12:00 PM GMT+3 [Modules] No module updates available.
8/23/2025, 8:12:10 PM GMT+3 [Modules] Checking for host updates.
8/23/2025, 8:12:10 PM GMT+3 [Modules] Host is up to date.
8/23/2025, 8:12:10 PM GMT+3 [Modules] Checking for module updates at https://discord.com/api/modules/stable/versions.json
8/23/2025, 8:12:10 PM GMT+3 [Modules] No module updates available.
8/23/2025, 9:12:10 PM GMT+3 [Modules] Checking for host updates.
8/23/2025, 9:12:10 PM GMT+3 [Modules] Host is up to date.
8/23/2025, 9:12:10 PM GMT+3 [Modules] Checking for module updates at https://discord.com/api/modules/stable/versions.json
8/23/2025, 9:12:10 PM GMT+3 [Modules] No module updates available.
8/23/2025, 10:12:10 PM GMT+3 [Modules] Checking for host updates.
8/23/2025, 10:12:10 PM GMT+3 [Modules] Host is up to date.
8/23/2025, 10:12:10 PM GMT+3 [Modules] Checking for module updates at https://discord.com/api/modules/stable/versions.json
8/23/2025, 10:12:10 PM GMT+3 [Modules] No module updates available.
8/24/2025, 11:01:47 AM GMT+3 [Modules] Modules initializing
8/24/2025, 11:01:47 AM GMT+3 [Modules] Distribution: remote
8/24/2025, 11:01:47 AM GMT+3 [Modules] Host updates: enabled
8/24/2025, 11:01:47 AM GMT+3 [Modules] Module updates: enabled
8/24/2025, 11:01:47 AM GMT+3 [Modules] Module install path: /home/dmtr/.config/discord/0.0.106/modules
8/24/2025, 11:01:47 AM GMT+3 [Modules] Module installed file path: /home/dmtr/.config/discord/0.0.106/modules/installed.json
8/24/2025, 11:01:47 AM GMT+3 [Modules] Module download path: /home/dmtr/.config/discord/0.0.106/modules/pending
8/24/2025, 11:01:47 AM GMT+3 [Modules] No updates to install
8/24/2025, 11:01:47 AM GMT+3 [Modules] Checking for host updates.
8/24/2025, 11:01:48 AM GMT+3 [Modules] Host is up to date.
8/24/2025, 11:01:48 AM GMT+3 [Modules] Checking for module updates at https://discord.com/api/modules/stable/versions.json
8/24/2025, 11:01:48 AM GMT+3 [Modules] No module updates available.
8/24/2025, 11:01:58 AM GMT+3 [Modules] Checking for host updates.
8/24/2025, 11:01:58 AM GMT+3 [Modules] Host is up to date.
8/24/2025, 11:01:58 AM GMT+3 [Modules] Checking for module updates at https://discord.com/api/modules/stable/versions.json
8/24/2025, 11:01:58 AM GMT+3 [Modules] No module updates available.
8/24/2025, 12:01:58 PM GMT+3 [Modules] Checking for host updates.
8/24/2025, 12:01:58 PM GMT+3 [Modules] Host is up to date.
8/24/2025, 12:01:58 PM GMT+3 [Modules] Checking for module updates at https://discord.com/api/modules/stable/versions.json
8/24/2025, 12:01:58 PM GMT+3 [Modules] No module updates available.
8/24/2025, 1:01:58 PM GMT+3 [Modules] Checking for host updates.
8/24/2025, 1:01:58 PM GMT+3 [Modules] Host is up to date.
8/24/2025, 1:01:58 PM GMT+3 [Modules] Checking for module updates at https://discord.com/api/modules/stable/versions.json
8/24/2025, 1:01:58 PM GMT+3 [Modules] No module updates available.
8/24/2025, 2:01:58 PM GMT+3 [Modules] Checking for host updates.
8/24/2025, 2:01:58 PM GMT+3 [Modules] Host is up to date.
8/24/2025, 2:01:58 PM GMT+3 [Modules] Checking for module updates at https://discord.com/api/modules/stable/versions.json
8/24/2025, 2:01:58 PM GMT+3 [Modules] No module updates available.
8/24/2025, 3:01:58 PM GMT+3 [Modules] Checking for host updates.
8/24/2025, 3:01:58 PM GMT+3 [Modules] Host is up to date.
8/24/2025, 3:01:58 PM GMT+3 [Modules] Checking for module updates at https://discord.com/api/modules/stable/versions.json
8/24/2025, 3:01:58 PM GMT+3 [Modules] No module updates available.
8/24/2025, 4:01:58 PM GMT+3 [Modules] Checking for host updates.
8/24/2025, 4:01:58 PM GMT+3 [Modules] Host is up to date.
8/24/2025, 4:01:58 PM GMT+3 [Modules] Checking for module updates at https://discord.com/api/modules/stable/versions.json
8/24/2025, 4:01:58 PM GMT+3 [Modules] No module updates available.
8/24/2025, 5:01:58 PM GMT+3 [Modules] Checking for host updates.
8/24/2025, 5:01:58 PM GMT+3 [Modules] Host is up to date.
8/24/2025, 5:01:58 PM GMT+3 [Modules] Checking for module updates at https://discord.com/api/modules/stable/versions.json
8/24/2025, 5:01:58 PM GMT+3 [Modules] No module updates available.
8/24/2025, 6:01:58 PM GMT+3 [Modules] Checking for host updates.
8/24/2025, 6:01:58 PM GMT+3 [Modules] Host is up to date.
8/24/2025, 6:01:58 PM GMT+3 [Modules] Checking for module updates at https://discord.com/api/modules/stable/versions.json
8/24/2025, 6:01:58 PM GMT+3 [Modules] No module updates available.
8/24/2025, 7:01:58 PM GMT+3 [Modules] Checking for host updates.
8/24/2025, 7:01:58 PM GMT+3 [Modules] Host is up to date.
8/24/2025, 7:01:58 PM GMT+3 [Modules] Checking for module updates at https://discord.com/api/modules/stable/versions.json
8/24/2025, 7:01:58 PM GMT+3 [Modules] No module updates available.
8/24/2025, 8:35:51 PM GMT+3 [Modules] Modules initializing
8/24/2025, 8:35:51 PM GMT+3 [Modules] Distribution: remote
8/24/2025, 8:35:51 PM GMT+3 [Modules] Host updates: enabled
8/24/2025, 8:35:51 PM GMT+3 [Modules] Module updates: enabled
8/24/2025, 8:35:51 PM GMT+3 [Modules] Module install path: /home/dmtr/.config/discord/0.0.106/modules
8/24/2025, 8:35:51 PM GMT+3 [Modules] Module installed file path: /home/dmtr/.config/discord/0.0.106/modules/installed.json
8/24/2025, 8:35:51 PM GMT+3 [Modules] Module download path: /home/dmtr/.config/discord/0.0.106/modules/pending
8/24/2025, 8:35:51 PM GMT+3 [Modules] No updates to install
8/24/2025, 8:35:51 PM GMT+3 [Modules] Checking for host updates.
8/24/2025, 8:35:52 PM GMT+3 [Modules] Host is up to date.
8/24/2025, 8:35:52 PM GMT+3 [Modules] Checking for module updates at https://discord.com/api/modules/stable/versions.json
8/24/2025, 8:35:52 PM GMT+3 [Modules] No module updates available.
8/24/2025, 8:36:00 PM GMT+3 [Modules] Checking for host updates.
8/24/2025, 8:36:00 PM GMT+3 [Modules] Host is up to date.
8/24/2025, 8:36:00 PM GMT+3 [Modules] Checking for module updates at https://discord.com/api/modules/stable/versions.json
8/24/2025, 8:36:00 PM GMT+3 [Modules] No module updates available.
8/24/2025, 9:36:00 PM GMT+3 [Modules] Checking for host updates.
8/24/2025, 9:36:00 PM GMT+3 [Modules] Host is up to date.
8/24/2025, 9:36:00 PM GMT+3 [Modules] Checking for module updates at https://discord.com/api/modules/stable/versions.json
8/24/2025, 9:36:01 PM GMT+3 [Modules] No module updates available.
8/24/2025, 10:36:00 PM GMT+3 [Modules] Checking for host updates.
8/24/2025, 10:36:00 PM GMT+3 [Modules] Host is up to date.
8/24/2025, 10:36:00 PM GMT+3 [Modules] Checking for module updates at https://discord.com/api/modules/stable/versions.json
8/24/2025, 10:36:00 PM GMT+3 [Modules] No module updates available.
8/25/2025, 7:11:48 PM GMT+3 [Modules] Modules initializing
8/25/2025, 7:11:48 PM GMT+3 [Modules] Distribution: remote
8/25/2025, 7:11:48 PM GMT+3 [Modules] Host updates: enabled
8/25/2025, 7:11:48 PM GMT+3 [Modules] Module updates: enabled
8/25/2025, 7:11:48 PM GMT+3 [Modules] Module install path: /home/dmtr/.config/discord/0.0.106/modules
8/25/2025, 7:11:48 PM GMT+3 [Modules] Module installed file path: /home/dmtr/.config/discord/0.0.106/modules/installed.json
8/25/2025, 7:11:48 PM GMT+3 [Modules] Module download path: /home/dmtr/.config/discord/0.0.106/modules/pending
8/25/2025, 7:11:48 PM GMT+3 [Modules] No updates to install
8/25/2025, 7:11:48 PM GMT+3 [Modules] Checking for host updates.
8/25/2025, 7:11:49 PM GMT+3 [Modules] Host is up to date.
8/25/2025, 7:11:49 PM GMT+3 [Modules] Checking for module updates at https://discord.com/api/modules/stable/versions.json
8/25/2025, 7:11:49 PM GMT+3 [Modules] No module updates available.
8/25/2025, 7:12:00 PM GMT+3 [Modules] Checking for host updates.
8/25/2025, 7:12:00 PM GMT+3 [Modules] Host is up to date.
8/25/2025, 7:12:00 PM GMT+3 [Modules] Checking for module updates at https://discord.com/api/modules/stable/versions.json
8/25/2025, 7:12:00 PM GMT+3 [Modules] No module updates available.
8/25/2025, 8:12:00 PM GMT+3 [Modules] Checking for host updates.
8/25/2025, 8:12:00 PM GMT+3 [Modules] Host is up to date.
8/25/2025, 8:12:00 PM GMT+3 [Modules] Checking for module updates at https://discord.com/api/modules/stable/versions.json
8/25/2025, 8:12:01 PM GMT+3 [Modules] No module updates available.
8/25/2025, 9:12:00 PM GMT+3 [Modules] Checking for host updates.
8/25/2025, 9:12:00 PM GMT+3 [Modules] Host is up to date.
8/25/2025, 9:12:00 PM GMT+3 [Modules] Checking for module updates at https://discord.com/api/modules/stable/versions.json
8/25/2025, 9:12:01 PM GMT+3 [Modules] No module updates available.
8/26/2025, 8:23:40 PM GMT+3 [Modules] Modules initializing
8/26/2025, 8:23:40 PM GMT+3 [Modules] Distribution: remote
8/26/2025, 8:23:40 PM GMT+3 [Modules] Host updates: enabled
8/26/2025, 8:23:40 PM GMT+3 [Modules] Module updates: enabled
8/26/2025, 8:23:40 PM GMT+3 [Modules] Module install path: /home/dmtr/.config/discord/0.0.106/modules
8/26/2025, 8:23:40 PM GMT+3 [Modules] Module installed file path: /home/dmtr/.config/discord/0.0.106/modules/installed.json
8/26/2025, 8:23:40 PM GMT+3 [Modules] Module download path: /home/dmtr/.config/discord/0.0.106/modules/pending
8/26/2025, 8:23:40 PM GMT+3 [Modules] No updates to install
8/26/2025, 8:23:40 PM GMT+3 [Modules] Checking for host updates.
8/26/2025, 8:23:40 PM GMT+3 [Modules] Host is up to date.
8/26/2025, 8:23:40 PM GMT+3 [Modules] Checking for module updates at https://discord.com/api/modules/stable/versions.json
8/26/2025, 8:23:40 PM GMT+3 [Modules] No module updates available.
8/26/2025, 8:23:50 PM GMT+3 [Modules] Checking for host updates.
8/26/2025, 8:23:50 PM GMT+3 [Modules] Host is up to date.
8/26/2025, 8:23:50 PM GMT+3 [Modules] Checking for module updates at https://discord.com/api/modules/stable/versions.json
8/26/2025, 8:23:50 PM GMT+3 [Modules] No module updates available.
8/26/2025, 9:23:50 PM GMT+3 [Modules] Checking for host updates.
8/26/2025, 9:23:50 PM GMT+3 [Modules] Host update is available. Manual update required!
8/28/2025, 8:02:50 PM GMT+3 [Modules] Modules initializing
8/28/2025, 8:02:50 PM GMT+3 [Modules] Distribution: remote
8/28/2025, 8:02:50 PM GMT+3 [Modules] Host updates: enabled
8/28/2025, 8:02:50 PM GMT+3 [Modules] Module updates: enabled
8/28/2025, 8:02:50 PM GMT+3 [Modules] Module install path: /home/dmtr/.config/discord/0.0.106/modules
8/28/2025, 8:02:50 PM GMT+3 [Modules] Module installed file path: /home/dmtr/.config/discord/0.0.106/modules/installed.json
8/28/2025, 8:02:50 PM GMT+3 [Modules] Module download path: /home/dmtr/.config/discord/0.0.106/modules/pending
8/28/2025, 8:02:51 PM GMT+3 [Modules] No updates to install
8/28/2025, 8:02:51 PM GMT+3 [Modules] Checking for host updates.
8/28/2025, 8:02:51 PM GMT+3 [Modules] Host update is available. Manual update required!
8/28/2025, 8:03:49 PM GMT+3 [Modules] Modules initializing
8/28/2025, 8:03:49 PM GMT+3 [Modules] Distribution: remote
8/28/2025, 8:03:49 PM GMT+3 [Modules] Host updates: enabled
8/28/2025, 8:03:49 PM GMT+3 [Modules] Module updates: enabled
8/28/2025, 8:03:49 PM GMT+3 [Modules] Module install path: /home/dmtr/.config/discord/0.0.106/modules
8/28/2025, 8:03:49 PM GMT+3 [Modules] Module installed file path: /home/dmtr/.config/discord/0.0.106/modules/installed.json
8/28/2025, 8:03:49 PM GMT+3 [Modules] Module download path: /home/dmtr/.config/discord/0.0.106/modules/pending
8/28/2025, 8:03:49 PM GMT+3 [Modules] No updates to install
8/28/2025, 8:03:49 PM GMT+3 [Modules] Checking for host updates.
8/28/2025, 8:03:50 PM GMT+3 [Modules] Host update is available. Manual update required!
8/28/2025, 8:04:10 PM GMT+3 [Modules] Modules initializing
8/28/2025, 8:04:10 PM GMT+3 [Modules] Distribution: remote
8/28/2025, 8:04:10 PM GMT+3 [Modules] Host updates: enabled
8/28/2025, 8:04:10 PM GMT+3 [Modules] Module updates: enabled
8/28/2025, 8:04:10 PM GMT+3 [Modules] Module install path: /home/dmtr/.config/discord/0.0.107/modules
8/28/2025, 8:04:10 PM GMT+3 [Modules] Module installed file path: /home/dmtr/.config/discord/0.0.107/modules/installed.json
8/28/2025, 8:04:10 PM GMT+3 [Modules] Module download path: /home/dmtr/.config/discord/0.0.107/modules/pending
8/28/2025, 8:04:10 PM GMT+3 [Modules] Bootstrapping...
8/28/2025, 8:04:10 PM GMT+3 [Modules] Installing discord_desktop_core@0 from /opt/discord/resources/bootstrap/discord_desktop_core.zip
8/28/2025, 8:04:10 PM GMT+3 [Modules] Failed installing discord_desktop_core@0: Error: ENOENT: no such file or directory, open '/opt/discord/resources/bootstrap/discord_desktop_core.zip'
8/28/2025, 8:04:10 PM GMT+3 [Modules] Installing discord_erlpack@0 from /opt/discord/resources/bootstrap/discord_erlpack.zip
8/28/2025, 8:04:10 PM GMT+3 [Modules] Failed installing discord_erlpack@0: Error: ENOENT: no such file or directory, open '/opt/discord/resources/bootstrap/discord_erlpack.zip'
8/28/2025, 8:04:10 PM GMT+3 [Modules] Installing discord_spellcheck@0 from /opt/discord/resources/bootstrap/discord_spellcheck.zip
8/28/2025, 8:04:10 PM GMT+3 [Modules] Failed installing discord_spellcheck@0: Error: ENOENT: no such file or directory, open '/opt/discord/resources/bootstrap/discord_spellcheck.zip'
8/28/2025, 8:04:10 PM GMT+3 [Modules] Installing discord_utils@0 from /opt/discord/resources/bootstrap/discord_utils.zip
8/28/2025, 8:04:10 PM GMT+3 [Modules] Failed installing discord_utils@0: Error: ENOENT: no such file or directory, open '/opt/discord/resources/bootstrap/discord_utils.zip'
8/28/2025, 8:04:10 PM GMT+3 [Modules] Installing discord_voice@0 from /opt/discord/resources/bootstrap/discord_voice.zip
8/28/2025, 8:04:10 PM GMT+3 [Modules] Failed installing discord_voice@0: Error: ENOENT: no such file or directory, open '/opt/discord/resources/bootstrap/discord_voice.zip'
8/28/2025, 8:04:10 PM GMT+3 [Modules] Installing discord_zstd@0 from /opt/discord/resources/bootstrap/discord_zstd.zip
8/28/2025, 8:04:10 PM GMT+3 [Modules] Failed installing discord_zstd@0: Error: ENOENT: no such file or directory, open '/opt/discord/resources/bootstrap/discord_zstd.zip'
8/28/2025, 8:04:10 PM GMT+3 [Modules] Finished module installations. [success: 0] [failure: 6]
8/28/2025, 8:04:10 PM GMT+3 [Modules] Checking for host updates.
8/28/2025, 8:04:10 PM GMT+3 [Modules] Host is up to date.
8/28/2025, 8:04:10 PM GMT+3 [Modules] Checking for module updates at https://discord.com/api/modules/stable/versions.json
8/28/2025, 8:04:10 PM GMT+3 [Modules] Module update available: discord_desktop_core@1 [installed: 0]
8/28/2025, 8:04:10 PM GMT+3 [Modules] Module update available: discord_erlpack@1 [installed: 0]
8/28/2025, 8:04:10 PM GMT+3 [Modules] Module update available: discord_spellcheck@1 [installed: 0]
8/28/2025, 8:04:10 PM GMT+3 [Modules] Module update available: discord_utils@1 [installed: 0]
8/28/2025, 8:04:10 PM GMT+3 [Modules] Module update available: discord_voice@1 [installed: 0]
8/28/2025, 8:04:10 PM GMT+3 [Modules] Module update available: discord_zstd@1 [installed: 0]
8/28/2025, 8:04:10 PM GMT+3 [Modules] Fetching discord_desktop_core@1 from https://discord.com/api/modules/stable/discord_desktop_core/1
8/28/2025, 8:04:10 PM GMT+3 [Modules] Streaming discord_desktop_core@1 to /home/dmtr/.config/discord/0.0.107/modules/pending/discord_desktop_core-1.zip
8/28/2025, 8:04:11 PM GMT+3 [Modules] Streaming discord_desktop_core@1 to /home/dmtr/.config/discord/0.0.107/modules/pending/discord_desktop_core-1.zip: 1%
8/28/2025, 8:04:11 PM GMT+3 [Modules] Streaming discord_desktop_core@1 to /home/dmtr/.config/discord/0.0.107/modules/pending/discord_desktop_core-1.zip: 2%
8/28/2025, 8:04:11 PM GMT+3 [Modules] Streaming discord_desktop_core@1 to /home/dmtr/.config/discord/0.0.107/modules/pending/discord_desktop_core-1.zip: 3%
8/28/2025, 8:04:11 PM GMT+3 [Modules] Streaming discord_desktop_core@1 to /home/dmtr/.config/discord/0.0.107/modules/pending/discord_desktop_core-1.zip: 4%
8/28/2025, 8:04:11 PM GMT+3 [Modules] Streaming discord_desktop_core@1 to /home/dmtr/.config/discord/0.0.107/modules/pending/discord_desktop_core-1.zip: 5%
8/28/2025, 8:04:11 PM GMT+3 [Modules] Streaming discord_desktop_core@1 to /home/dmtr/.config/discord/0.0.107/modules/pending/discord_desktop_core-1.zip: 6%
8/28/2025, 8:04:11 PM GMT+3 [Modules] Streaming discord_desktop_core@1 to /home/dmtr/.config/discord/0.0.107/modules/pending/discord_desktop_core-1.zip: 7%
8/28/2025, 8:04:11 PM GMT+3 [Modules] Streaming discord_desktop_core@1 to /home/dmtr/.config/discord/0.0.107/modules/pending/discord_desktop_core-1.zip: 8%
8/28/2025, 8:04:11 PM GMT+3 [Modules] Streaming discord_desktop_core@1 to /home/dmtr/.config/discord/0.0.107/modules/pending/discord_desktop_core-1.zip: 9%
8/28/2025, 8:04:11 PM GMT+3 [Modules] Streaming discord_desktop_core@1 to /home/dmtr/.config/discord/0.0.107/modules/pending/discord_desktop_core-1.zip: 10%
8/28/2025, 8:04:11 PM GMT+3 [Modules] Streaming discord_desktop_core@1 to /home/dmtr/.config/discord/0.0.107/modules/pending/discord_desktop_core-1.zip: 12%
8/28/2025, 8:04:11 PM GMT+3 [Modules] Streaming discord_desktop_core@1 to /home/dmtr/.config/discord/0.0.107/modules/pending/discord_desktop_core-1.zip: 13%
8/28/2025, 8:04:11 PM GMT+3 [Modules] Streaming discord_desktop_core@1 to /home/dmtr/.config/discord/0.0.107/modules/pending/discord_desktop_core-1.zip: 14%
8/28/2025, 8:04:11 PM GMT+3 [Modules] Streaming discord_desktop_core@1 to /home/dmtr/.config/discord/0.0.107/modules/pending/discord_desktop_core-1.zip: 15%
8/28/2025, 8:04:11 PM GMT+3 [Modules] Streaming discord_desktop_core@1 to /home/dmtr/.config/discord/0.0.107/modules/pending/discord_desktop_core-1.zip: 16%
8/28/2025, 8:04:11 PM GMT+3 [Modules] Streaming discord_desktop_core@1 to /home/dmtr/.config/discord/0.0.107/modules/pending/discord_desktop_core-1.zip: 18%
8/28/2025, 8:04:11 PM GMT+3 [Modules] Streaming discord_desktop_core@1 to /home/dmtr/.config/discord/0.0.107/modules/pending/discord_desktop_core-1.zip: 20%
8/28/2025, 8:04:11 PM GMT+3 [Modules] Streaming discord_desktop_core@1 to /home/dmtr/.config/discord/0.0.107/modules/pending/discord_desktop_core-1.zip: 22%
8/28/2025, 8:04:11 PM GMT+3 [Modules] Streaming discord_desktop_core@1 to /home/dmtr/.config/discord/0.0.107/modules/pending/discord_desktop_core-1.zip: 23%
8/28/2025, 8:04:11 PM GMT+3 [Modules] Streaming discord_desktop_core@1 to /home/dmtr/.config/discord/0.0.107/modules/pending/discord_desktop_core-1.zip: 24%
8/28/2025, 8:04:11 PM GMT+3 [Modules] Streaming discord_desktop_core@1 to /home/dmtr/.config/discord/0.0.107/modules/pending/discord_desktop_core-1.zip: 27%
8/28/2025, 8:04:11 PM GMT+3 [Modules] Streaming discord_desktop_core@1 to /home/dmtr/.config/discord/0.0.107/modules/pending/discord_desktop_core-1.zip: 28%
8/28/2025, 8:04:11 PM GMT+3 [Modules] Streaming discord_desktop_core@1 to /home/dmtr/.config/discord/0.0.107/modules/pending/discord_desktop_core-1.zip: 29%
8/28/2025, 8:04:11 PM GMT+3 [Modules] Streaming discord_desktop_core@1 to /home/dmtr/.config/discord/0.0.107/modules/pending/discord_desktop_core-1.zip: 30%
8/28/2025, 8:04:11 PM GMT+3 [Modules] Streaming discord_desktop_core@1 to /home/dmtr/.config/discord/0.0.107/modules/pending/discord_desktop_core-1.zip: 31%
8/28/2025, 8:04:11 PM GMT+3 [Modules] Streaming discord_desktop_core@1 to /home/dmtr/.config/discord/0.0.107/modules/pending/discord_desktop_core-1.zip: 33%
8/28/2025, 8:04:11 PM GMT+3 [Modules] Streaming discord_desktop_core@1 to /home/dmtr/.config/discord/0.0.107/modules/pending/discord_desktop_core-1.zip: 37%
8/28/2025, 8:04:11 PM GMT+3 [Modules] Streaming discord_desktop_core@1 to /home/dmtr/.config/discord/0.0.107/modules/pending/discord_desktop_core-1.zip: 39%
8/28/2025, 8:04:11 PM GMT+3 [Modules] Streaming discord_desktop_core@1 to /home/dmtr/.config/discord/0.0.107/modules/pending/discord_desktop_core-1.zip: 41%
8/28/2025, 8:04:11 PM GMT+3 [Modules] Streaming discord_desktop_core@1 to /home/dmtr/.config/discord/0.0.107/modules/pending/discord_desktop_core-1.zip: 43%
8/28/2025, 8:04:11 PM GMT+3 [Modules] Streaming discord_desktop_core@1 to /home/dmtr/.config/discord/0.0.107/modules/pending/discord_desktop_core-1.zip: 46%
8/28/2025, 8:04:11 PM GMT+3 [Modules] Streaming discord_desktop_core@1 to /home/dmtr/.config/discord/0.0.107/modules/pending/discord_desktop_core-1.zip: 49%
8/28/2025, 8:04:11 PM GMT+3 [Modules] Streaming discord_desktop_core@1 to /home/dmtr/.config/discord/0.0.107/modules/pending/discord_desktop_core-1.zip: 51%
8/28/2025, 8:04:11 PM GMT+3 [Modules] Streaming discord_desktop_core@1 to /home/dmtr/.config/discord/0.0.107/modules/pending/discord_desktop_core-1.zip: 52%
8/28/2025, 8:04:11 PM GMT+3 [Modules] Streaming discord_desktop_core@1 to /home/dmtr/.config/discord/0.0.107/modules/pending/discord_desktop_core-1.zip: 54%
8/28/2025, 8:04:11 PM GMT+3 [Modules] Streaming discord_desktop_core@1 to /home/dmtr/.config/discord/0.0.107/modules/pending/discord_desktop_core-1.zip: 56%
8/28/2025, 8:04:11 PM GMT+3 [Modules] Streaming discord_desktop_core@1 to /home/dmtr/.config/discord/0.0.107/modules/pending/discord_desktop_core-1.zip: 57%
8/28/2025, 8:04:11 PM GMT+3 [Modules] Streaming discord_desktop_core@1 to /home/dmtr/.config/discord/0.0.107/modules/pending/discord_desktop_core-1.zip: 58%
8/28/2025, 8:04:11 PM GMT+3 [Modules] Streaming discord_desktop_core@1 to /home/dmtr/.config/discord/0.0.107/modules/pending/discord_desktop_core-1.zip: 60%
8/28/2025, 8:04:11 PM GMT+3 [Modules] Streaming discord_desktop_core@1 to /home/dmtr/.config/discord/0.0.107/modules/pending/discord_desktop_core-1.zip: 62%
8/28/2025, 8:04:11 PM GMT+3 [Modules] Streaming discord_desktop_core@1 to /home/dmtr/.config/discord/0.0.107/modules/pending/discord_desktop_core-1.zip: 66%
8/28/2025, 8:04:11 PM GMT+3 [Modules] Streaming discord_desktop_core@1 to /home/dmtr/.config/discord/0.0.107/modules/pending/discord_desktop_core-1.zip: 68%
8/28/2025, 8:04:11 PM GMT+3 [Modules] Streaming discord_desktop_core@1 to /home/dmtr/.config/discord/0.0.107/modules/pending/discord_desktop_core-1.zip: 74%
8/28/2025, 8:04:11 PM GMT+3 [Modules] Streaming discord_desktop_core@1 to /home/dmtr/.config/discord/0.0.107/modules/pending/discord_desktop_core-1.zip: 75%
8/28/2025, 8:04:11 PM GMT+3 [Modules] Streaming discord_desktop_core@1 to /home/dmtr/.config/discord/0.0.107/modules/pending/discord_desktop_core-1.zip: 78%
8/28/2025, 8:04:11 PM GMT+3 [Modules] Streaming discord_desktop_core@1 to /home/dmtr/.config/discord/0.0.107/modules/pending/discord_desktop_core-1.zip: 79%
8/28/2025, 8:04:11 PM GMT+3 [Modules] Streaming discord_desktop_core@1 to /home/dmtr/.config/discord/0.0.107/modules/pending/discord_desktop_core-1.zip: 82%
8/28/2025, 8:04:11 PM GMT+3 [Modules] Streaming discord_desktop_core@1 to /home/dmtr/.config/discord/0.0.107/modules/pending/discord_desktop_core-1.zip: 89%
8/28/2025, 8:04:11 PM GMT+3 [Modules] Streaming discord_desktop_core@1 to /home/dmtr/.config/discord/0.0.107/modules/pending/discord_desktop_core-1.zip: 90%
8/28/2025, 8:04:11 PM GMT+3 [Modules] Streaming discord_desktop_core@1 to /home/dmtr/.config/discord/0.0.107/modules/pending/discord_desktop_core-1.zip: 94%
8/28/2025, 8:04:11 PM GMT+3 [Modules] Streaming discord_desktop_core@1 to /home/dmtr/.config/discord/0.0.107/modules/pending/discord_desktop_core-1.zip: 100%
8/28/2025, 8:04:11 PM GMT+3 [Modules] Fetching discord_erlpack@1 from https://discord.com/api/modules/stable/discord_erlpack/1
8/28/2025, 8:04:11 PM GMT+3 [Modules] Streaming discord_erlpack@1 to /home/dmtr/.config/discord/0.0.107/modules/pending/discord_erlpack-1.zip
8/28/2025, 8:04:11 PM GMT+3 [Modules] Streaming discord_erlpack@1 to /home/dmtr/.config/discord/0.0.107/modules/pending/discord_erlpack-1.zip: 3%
8/28/2025, 8:04:11 PM GMT+3 [Modules] Streaming discord_erlpack@1 to /home/dmtr/.config/discord/0.0.107/modules/pending/discord_erlpack-1.zip: 8%
8/28/2025, 8:04:11 PM GMT+3 [Modules] Streaming discord_erlpack@1 to /home/dmtr/.config/discord/0.0.107/modules/pending/discord_erlpack-1.zip: 11%
8/28/2025, 8:04:11 PM GMT+3 [Modules] Streaming discord_erlpack@1 to /home/dmtr/.config/discord/0.0.107/modules/pending/discord_erlpack-1.zip: 12%
8/28/2025, 8:04:11 PM GMT+3 [Modules] Streaming discord_erlpack@1 to /home/dmtr/.config/discord/0.0.107/modules/pending/discord_erlpack-1.zip: 13%
8/28/2025, 8:04:11 PM GMT+3 [Modules] Streaming discord_erlpack@1 to /home/dmtr/.config/discord/0.0.107/modules/pending/discord_erlpack-1.zip: 14%
8/28/2025, 8:04:11 PM GMT+3 [Modules] Streaming discord_erlpack@1 to /home/dmtr/.config/discord/0.0.107/modules/pending/discord_erlpack-1.zip: 20%
8/28/2025, 8:04:11 PM GMT+3 [Modules] Streaming discord_erlpack@1 to /home/dmtr/.config/discord/0.0.107/modules/pending/discord_erlpack-1.zip: 26%
8/28/2025, 8:04:11 PM GMT+3 [Modules] Streaming discord_erlpack@1 to /home/dmtr/.config/discord/0.0.107/modules/pending/discord_erlpack-1.zip: 35%
8/28/2025, 8:04:11 PM GMT+3 [Modules] Streaming discord_erlpack@1 to /home/dmtr/.config/discord/0.0.107/modules/pending/discord_erlpack-1.zip: 38%
8/28/2025, 8:04:11 PM GMT+3 [Modules] Streaming discord_erlpack@1 to /home/dmtr/.config/discord/0.0.107/modules/pending/discord_erlpack-1.zip: 55%
8/28/2025, 8:04:11 PM GMT+3 [Modules] Streaming discord_erlpack@1 to /home/dmtr/.config/discord/0.0.107/modules/pending/discord_erlpack-1.zip: 85%
8/28/2025, 8:04:11 PM GMT+3 [Modules] Streaming discord_erlpack@1 to /home/dmtr/.config/discord/0.0.107/modules/pending/discord_erlpack-1.zip: 89%
8/28/2025, 8:04:11 PM GMT+3 [Modules] Streaming discord_erlpack@1 to /home/dmtr/.config/discord/0.0.107/modules/pending/discord_erlpack-1.zip: 92%
8/28/2025, 8:04:11 PM GMT+3 [Modules] Streaming discord_erlpack@1 to /home/dmtr/.config/discord/0.0.107/modules/pending/discord_erlpack-1.zip: 94%
8/28/2025, 8:04:11 PM GMT+3 [Modules] Streaming discord_erlpack@1 to /home/dmtr/.config/discord/0.0.107/modules/pending/discord_erlpack-1.zip: 98%
8/28/2025, 8:04:11 PM GMT+3 [Modules] Streaming discord_erlpack@1 to /home/dmtr/.config/discord/0.0.107/modules/pending/discord_erlpack-1.zip: 99%
8/28/2025, 8:04:11 PM GMT+3 [Modules] Streaming discord_erlpack@1 to /home/dmtr/.config/discord/0.0.107/modules/pending/discord_erlpack-1.zip: 100%
8/28/2025, 8:04:11 PM GMT+3 [Modules] Fetching discord_spellcheck@1 from https://discord.com/api/modules/stable/discord_spellcheck/1
8/28/2025, 8:04:11 PM GMT+3 [Modules] Streaming discord_spellcheck@1 to /home/dmtr/.config/discord/0.0.107/modules/pending/discord_spellcheck-1.zip
8/28/2025, 8:04:11 PM GMT+3 [Modules] Streaming discord_spellcheck@1 to /home/dmtr/.config/discord/0.0.107/modules/pending/discord_spellcheck-1.zip: 1%
8/28/2025, 8:04:11 PM GMT+3 [Modules] Streaming discord_spellcheck@1 to /home/dmtr/.config/discord/0.0.107/modules/pending/discord_spellcheck-1.zip: 2%
8/28/2025, 8:04:11 PM GMT+3 [Modules] Streaming discord_spellcheck@1 to /home/dmtr/.config/discord/0.0.107/modules/pending/discord_spellcheck-1.zip: 3%
8/28/2025, 8:04:11 PM GMT+3 [Modules] Streaming discord_spellcheck@1 to /home/dmtr/.config/discord/0.0.107/modules/pending/discord_spellcheck-1.zip: 4%
8/28/2025, 8:04:11 PM GMT+3 [Modules] Streaming discord_spellcheck@1 to /home/dmtr/.config/discord/0.0.107/modules/pending/discord_spellcheck-1.zip: 5%
8/28/2025, 8:04:11 PM GMT+3 [Modules] Streaming discord_spellcheck@1 to /home/dmtr/.config/discord/0.0.107/modules/pending/discord_spellcheck-1.zip: 7%
8/28/2025, 8:04:11 PM GMT+3 [Modules] Streaming discord_spellcheck@1 to /home/dmtr/.config/discord/0.0.107/modules/pending/discord_spellcheck-1.zip: 8%
8/28/2025, 8:04:11 PM GMT+3 [Modules] Streaming discord_spellcheck@1 to /home/dmtr/.config/discord/0.0.107/modules/pending/discord_spellcheck-1.zip: 9%
8/28/2025, 8:04:11 PM GMT+3 [Modules] Streaming discord_spellcheck@1 to /home/dmtr/.config/discord/0.0.107/modules/pending/discord_spellcheck-1.zip: 11%
8/28/2025, 8:04:11 PM GMT+3 [Modules] Streaming discord_spellcheck@1 to /home/dmtr/.config/discord/0.0.107/modules/pending/discord_spellcheck-1.zip: 12%
8/28/2025, 8:04:12 PM GMT+3 [Modules] Streaming discord_spellcheck@1 to /home/dmtr/.config/discord/0.0.107/modules/pending/discord_spellcheck-1.zip: 13%
8/28/2025, 8:04:12 PM GMT+3 [Modules] Streaming discord_spellcheck@1 to /home/dmtr/.config/discord/0.0.107/modules/pending/discord_spellcheck-1.zip: 14%
8/28/2025, 8:04:12 PM GMT+3 [Modules] Streaming discord_spellcheck@1 to /home/dmtr/.config/discord/0.0.107/modules/pending/discord_spellcheck-1.zip: 15%
8/28/2025, 8:04:12 PM GMT+3 [Modules] Streaming discord_spellcheck@1 to /home/dmtr/.config/discord/0.0.107/modules/pending/discord_spellcheck-1.zip: 17%
8/28/2025, 8:04:12 PM GMT+3 [Modules] Streaming discord_spellcheck@1 to /home/dmtr/.config/discord/0.0.107/modules/pending/discord_spellcheck-1.zip: 20%
8/28/2025, 8:04:12 PM GMT+3 [Modules] Streaming discord_spellcheck@1 to /home/dmtr/.config/discord/0.0.107/modules/pending/discord_spellcheck-1.zip: 21%
8/28/2025, 8:04:12 PM GMT+3 [Modules] Streaming discord_spellcheck@1 to /home/dmtr/.config/discord/0.0.107/modules/pending/discord_spellcheck-1.zip: 23%
8/28/2025, 8:04:12 PM GMT+3 [Modules] Streaming discord_spellcheck@1 to /home/dmtr/.config/discord/0.0.107/modules/pending/discord_spellcheck-1.zip: 25%
8/28/2025, 8:04:12 PM GMT+3 [Modules] Streaming discord_spellcheck@1 to /home/dmtr/.config/discord/0.0.107/modules/pending/discord_spellcheck-1.zip: 26%
8/28/2025, 8:04:12 PM GMT+3 [Modules] Streaming discord_spellcheck@1 to /home/dmtr/.config/discord/0.0.107/modules/pending/discord_spellcheck-1.zip: 27%
8/28/2025, 8:04:12 PM GMT+3 [Modules] Streaming discord_spellcheck@1 to /home/dmtr/.config/discord/0.0.107/modules/pending/discord_spellcheck-1.zip: 29%
8/28/2025, 8:04:12 PM GMT+3 [Modules] Streaming discord_spellcheck@1 to /home/dmtr/.config/discord/0.0.107/modules/pending/discord_spellcheck-1.zip: 31%
8/28/2025, 8:04:12 PM GMT+3 [Modules] Streaming discord_spellcheck@1 to /home/dmtr/.config/discord/0.0.107/modules/pending/discord_spellcheck-1.zip: 32%
8/28/2025, 8:04:12 PM GMT+3 [Modules] Streaming discord_spellcheck@1 to /home/dmtr/.config/discord/0.0.107/modules/pending/discord_spellcheck-1.zip: 35%
8/28/2025, 8:04:12 PM GMT+3 [Modules] Streaming discord_spellcheck@1 to /home/dmtr/.config/discord/0.0.107/modules/pending/discord_spellcheck-1.zip: 41%
8/28/2025, 8:04:12 PM GMT+3 [Modules] Streaming discord_spellcheck@1 to /home/dmtr/.config/discord/0.0.107/modules/pending/discord_spellcheck-1.zip: 45%
8/28/2025, 8:04:12 PM GMT+3 [Modules] Streaming discord_spellcheck@1 to /home/dmtr/.config/discord/0.0.107/modules/pending/discord_spellcheck-1.zip: 46%
8/28/2025, 8:04:12 PM GMT+3 [Modules] Streaming discord_spellcheck@1 to /home/dmtr/.config/discord/0.0.107/modules/pending/discord_spellcheck-1.zip: 47%
8/28/2025, 8:04:12 PM GMT+3 [Modules] Streaming discord_spellcheck@1 to /home/dmtr/.config/discord/0.0.107/modules/pending/discord_spellcheck-1.zip: 52%
8/28/2025, 8:04:12 PM GMT+3 [Modules] Streaming discord_spellcheck@1 to /home/dmtr/.config/discord/0.0.107/modules/pending/discord_spellcheck-1.zip: 61%
8/28/2025, 8:04:12 PM GMT+3 [Modules] Streaming discord_spellcheck@1 to /home/dmtr/.config/discord/0.0.107/modules/pending/discord_spellcheck-1.zip: 62%
8/28/2025, 8:04:12 PM GMT+3 [Modules] Streaming discord_spellcheck@1 to /home/dmtr/.config/discord/0.0.107/modules/pending/discord_spellcheck-1.zip: 65%
8/28/2025, 8:04:12 PM GMT+3 [Modules] Streaming discord_spellcheck@1 to /home/dmtr/.config/discord/0.0.107/modules/pending/discord_spellcheck-1.zip: 66%
8/28/2025, 8:04:12 PM GMT+3 [Modules] Streaming discord_spellcheck@1 to /home/dmtr/.config/discord/0.0.107/modules/pending/discord_spellcheck-1.zip: 69%
8/28/2025, 8:04:12 PM GMT+3 [Modules] Streaming discord_spellcheck@1 to /home/dmtr/.config/discord/0.0.107/modules/pending/discord_spellcheck-1.zip: 70%
8/28/2025, 8:04:12 PM GMT+3 [Modules] Streaming discord_spellcheck@1 to /home/dmtr/.config/discord/0.0.107/modules/pending/discord_spellcheck-1.zip: 71%
8/28/2025, 8:04:12 PM GMT+3 [Modules] Streaming discord_spellcheck@1 to /home/dmtr/.config/discord/0.0.107/modules/pending/discord_spellcheck-1.zip: 72%
8/28/2025, 8:04:12 PM GMT+3 [Modules] Streaming discord_spellcheck@1 to /home/dmtr/.config/discord/0.0.107/modules/pending/discord_spellcheck-1.zip: 73%
8/28/2025, 8:04:12 PM GMT+3 [Modules] Streaming discord_spellcheck@1 to /home/dmtr/.config/discord/0.0.107/modules/pending/discord_spellcheck-1.zip: 74%
8/28/2025, 8:04:12 PM GMT+3 [Modules] Streaming discord_spellcheck@1 to /home/dmtr/.config/discord/0.0.107/modules/pending/discord_spellcheck-1.zip: 76%
8/28/2025, 8:04:12 PM GMT+3 [Modules] Streaming discord_spellcheck@1 to /home/dmtr/.config/discord/0.0.107/modules/pending/discord_spellcheck-1.zip: 77%
8/28/2025, 8:04:12 PM GMT+3 [Modules] Streaming discord_spellcheck@1 to /home/dmtr/.config/discord/0.0.107/modules/pending/discord_spellcheck-1.zip: 78%
8/28/2025, 8:04:12 PM GMT+3 [Modules] Streaming discord_spellcheck@1 to /home/dmtr/.config/discord/0.0.107/modules/pending/discord_spellcheck-1.zip: 80%
8/28/2025, 8:04:12 PM GMT+3 [Modules] Streaming discord_spellcheck@1 to /home/dmtr/.config/discord/0.0.107/modules/pending/discord_spellcheck-1.zip: 81%
8/28/2025, 8:04:12 PM GMT+3 [Modules] Streaming discord_spellcheck@1 to /home/dmtr/.config/discord/0.0.107/modules/pending/discord_spellcheck-1.zip: 82%
8/28/2025, 8:04:12 PM GMT+3 [Modules] Streaming discord_spellcheck@1 to /home/dmtr/.config/discord/0.0.107/modules/pending/discord_spellcheck-1.zip: 86%
8/28/2025, 8:04:12 PM GMT+3 [Modules] Streaming discord_spellcheck@1 to /home/dmtr/.config/discord/0.0.107/modules/pending/discord_spellcheck-1.zip: 87%
8/28/2025, 8:04:12 PM GMT+3 [Modules] Streaming discord_spellcheck@1 to /home/dmtr/.config/discord/0.0.107/modules/pending/discord_spellcheck-1.zip: 88%
8/28/2025, 8:04:12 PM GMT+3 [Modules] Streaming discord_spellcheck@1 to /home/dmtr/.config/discord/0.0.107/modules/pending/discord_spellcheck-1.zip: 90%
8/28/2025, 8:04:12 PM GMT+3 [Modules] Streaming discord_spellcheck@1 to /home/dmtr/.config/discord/0.0.107/modules/pending/discord_spellcheck-1.zip: 92%
8/28/2025, 8:04:12 PM GMT+3 [Modules] Streaming discord_spellcheck@1 to /home/dmtr/.config/discord/0.0.107/modules/pending/discord_spellcheck-1.zip: 93%
8/28/2025, 8:04:12 PM GMT+3 [Modules] Streaming discord_spellcheck@1 to /home/dmtr/.config/discord/0.0.107/modules/pending/discord_spellcheck-1.zip: 94%
8/28/2025, 8:04:12 PM GMT+3 [Modules] Streaming discord_spellcheck@1 to /home/dmtr/.config/discord/0.0.107/modules/pending/discord_spellcheck-1.zip: 95%
8/28/2025, 8:04:12 PM GMT+3 [Modules] Streaming discord_spellcheck@1 to /home/dmtr/.config/discord/0.0.107/modules/pending/discord_spellcheck-1.zip: 97%
8/28/2025, 8:04:12 PM GMT+3 [Modules] Streaming discord_spellcheck@1 to /home/dmtr/.config/discord/0.0.107/modules/pending/discord_spellcheck-1.zip: 98%
8/28/2025, 8:04:12 PM GMT+3 [Modules] Streaming discord_spellcheck@1 to /home/dmtr/.config/discord/0.0.107/modules/pending/discord_spellcheck-1.zip: 99%
8/28/2025, 8:04:12 PM GMT+3 [Modules] Streaming discord_spellcheck@1 to /home/dmtr/.config/discord/0.0.107/modules/pending/discord_spellcheck-1.zip: 100%
8/28/2025, 8:04:12 PM GMT+3 [Modules] Fetching discord_utils@1 from https://discord.com/api/modules/stable/discord_utils/1
8/28/2025, 8:04:12 PM GMT+3 [Modules] Streaming discord_utils@1 to /home/dmtr/.config/discord/0.0.107/modules/pending/discord_utils-1.zip
8/28/2025, 8:04:12 PM GMT+3 [Modules] Streaming discord_utils@1 to /home/dmtr/.config/discord/0.0.107/modules/pending/discord_utils-1.zip: 2%
8/28/2025, 8:04:12 PM GMT+3 [Modules] Streaming discord_utils@1 to /home/dmtr/.config/discord/0.0.107/modules/pending/discord_utils-1.zip: 3%
8/28/2025, 8:04:12 PM GMT+3 [Modules] Streaming discord_utils@1 to /home/dmtr/.config/discord/0.0.107/modules/pending/discord_utils-1.zip: 4%
8/28/2025, 8:04:12 PM GMT+3 [Modules] Streaming discord_utils@1 to /home/dmtr/.config/discord/0.0.107/modules/pending/discord_utils-1.zip: 10%
8/28/2025, 8:04:12 PM GMT+3 [Modules] Streaming discord_utils@1 to /home/dmtr/.config/discord/0.0.107/modules/pending/discord_utils-1.zip: 17%
8/28/2025, 8:04:12 PM GMT+3 [Modules] Streaming discord_utils@1 to /home/dmtr/.config/discord/0.0.107/modules/pending/discord_utils-1.zip: 19%
8/28/2025, 8:04:12 PM GMT+3 [Modules] Streaming discord_utils@1 to /home/dmtr/.config/discord/0.0.107/modules/pending/discord_utils-1.zip: 20%
8/28/2025, 8:04:12 PM GMT+3 [Modules] Streaming discord_utils@1 to /home/dmtr/.config/discord/0.0.107/modules/pending/discord_utils-1.zip: 25%
8/28/2025, 8:04:12 PM GMT+3 [Modules] Streaming discord_utils@1 to /home/dmtr/.config/discord/0.0.107/modules/pending/discord_utils-1.zip: 34%
8/28/2025, 8:04:12 PM GMT+3 [Modules] Streaming discord_utils@1 to /home/dmtr/.config/discord/0.0.107/modules/pending/discord_utils-1.zip: 35%
8/28/2025, 8:04:12 PM GMT+3 [Modules] Streaming discord_utils@1 to /home/dmtr/.config/discord/0.0.107/modules/pending/discord_utils-1.zip: 37%
8/28/2025, 8:04:12 PM GMT+3 [Modules] Streaming discord_utils@1 to /home/dmtr/.config/discord/0.0.107/modules/pending/discord_utils-1.zip: 40%
8/28/2025, 8:04:12 PM GMT+3 [Modules] Streaming discord_utils@1 to /home/dmtr/.config/discord/0.0.107/modules/pending/discord_utils-1.zip: 45%
8/28/2025, 8:04:12 PM GMT+3 [Modules] Streaming discord_utils@1 to /home/dmtr/.config/discord/0.0.107/modules/pending/discord_utils-1.zip: 48%
8/28/2025, 8:04:12 PM GMT+3 [Modules] Streaming discord_utils@1 to /home/dmtr/.config/discord/0.0.107/modules/pending/discord_utils-1.zip: 49%
8/28/2025, 8:04:12 PM GMT+3 [Modules] Streaming discord_utils@1 to /home/dmtr/.config/discord/0.0.107/modules/pending/discord_utils-1.zip: 55%
8/28/2025, 8:04:12 PM GMT+3 [Modules] Streaming discord_utils@1 to /home/dmtr/.config/discord/0.0.107/modules/pending/discord_utils-1.zip: 69%
8/28/2025, 8:04:12 PM GMT+3 [Modules] Streaming discord_utils@1 to /home/dmtr/.config/discord/0.0.107/modules/pending/discord_utils-1.zip: 86%
8/28/2025, 8:04:12 PM GMT+3 [Modules] Streaming discord_utils@1 to /home/dmtr/.config/discord/0.0.107/modules/pending/discord_utils-1.zip: 90%
8/28/2025, 8:04:12 PM GMT+3 [Modules] Streaming discord_utils@1 to /home/dmtr/.config/discord/0.0.107/modules/pending/discord_utils-1.zip: 100%
8/28/2025, 8:04:12 PM GMT+3 [Modules] Fetching discord_voice@1 from https://discord.com/api/modules/stable/discord_voice/1
8/28/2025, 8:04:12 PM GMT+3 [Modules] Streaming discord_voice@1 to /home/dmtr/.config/discord/0.0.107/modules/pending/discord_voice-1.zip
8/28/2025, 8:04:13 PM GMT+3 [Modules] Streaming discord_voice@1 to /home/dmtr/.config/discord/0.0.107/modules/pending/discord_voice-1.zip: 1%
8/28/2025, 8:04:13 PM GMT+3 [Modules] Streaming discord_voice@1 to /home/dmtr/.config/discord/0.0.107/modules/pending/discord_voice-1.zip: 2%
8/28/2025, 8:04:13 PM GMT+3 [Modules] Streaming discord_voice@1 to /home/dmtr/.config/discord/0.0.107/modules/pending/discord_voice-1.zip: 3%
8/28/2025, 8:04:13 PM GMT+3 [Modules] Streaming discord_voice@1 to /home/dmtr/.config/discord/0.0.107/modules/pending/discord_voice-1.zip: 5%
8/28/2025, 8:04:13 PM GMT+3 [Modules] Streaming discord_voice@1 to /home/dmtr/.config/discord/0.0.107/modules/pending/discord_voice-1.zip: 7%
8/28/2025, 8:04:13 PM GMT+3 [Modules] Streaming discord_voice@1 to /home/dmtr/.config/discord/0.0.107/modules/pending/discord_voice-1.zip: 8%
8/28/2025, 8:04:13 PM GMT+3 [Modules] Streaming discord_voice@1 to /home/dmtr/.config/discord/0.0.107/modules/pending/discord_voice-1.zip: 9%
8/28/2025, 8:04:13 PM GMT+3 [Modules] Streaming discord_voice@1 to /home/dmtr/.config/discord/0.0.107/modules/pending/discord_voice-1.zip: 10%
8/28/2025, 8:04:13 PM GMT+3 [Modules] Streaming discord_voice@1 to /home/dmtr/.config/discord/0.0.107/modules/pending/discord_voice-1.zip: 11%
8/28/2025, 8:04:13 PM GMT+3 [Modules] Streaming discord_voice@1 to /home/dmtr/.config/discord/0.0.107/modules/pending/discord_voice-1.zip: 12%
8/28/2025, 8:04:13 PM GMT+3 [Modules] Streaming discord_voice@1 to /home/dmtr/.config/discord/0.0.107/modules/pending/discord_voice-1.zip: 13%
8/28/2025, 8:04:13 PM GMT+3 [Modules] Streaming discord_voice@1 to /home/dmtr/.config/discord/0.0.107/modules/pending/discord_voice-1.zip: 14%
8/28/2025, 8:04:13 PM GMT+3 [Modules] Streaming discord_voice@1 to /home/dmtr/.config/discord/0.0.107/modules/pending/discord_voice-1.zip: 16%
8/28/2025, 8:04:13 PM GMT+3 [Modules] Streaming discord_voice@1 to /home/dmtr/.config/discord/0.0.107/modules/pending/discord_voice-1.zip: 18%
8/28/2025, 8:04:13 PM GMT+3 [Modules] Streaming discord_voice@1 to /home/dmtr/.config/discord/0.0.107/modules/pending/discord_voice-1.zip: 19%
8/28/2025, 8:04:13 PM GMT+3 [Modules] Streaming discord_voice@1 to /home/dmtr/.config/discord/0.0.107/modules/pending/discord_voice-1.zip: 20%
8/28/2025, 8:04:13 PM GMT+3 [Modules] Streaming discord_voice@1 to /home/dmtr/.config/discord/0.0.107/modules/pending/discord_voice-1.zip: 21%
8/28/2025, 8:04:13 PM GMT+3 [Modules] Streaming discord_voice@1 to /home/dmtr/.config/discord/0.0.107/modules/pending/discord_voice-1.zip: 22%
8/28/2025, 8:04:13 PM GMT+3 [Modules] Streaming discord_voice@1 to /home/dmtr/.config/discord/0.0.107/modules/pending/discord_voice-1.zip: 23%
8/28/2025, 8:04:13 PM GMT+3 [Modules] Streaming discord_voice@1 to /home/dmtr/.config/discord/0.0.107/modules/pending/discord_voice-1.zip: 24%
8/28/2025, 8:04:13 PM GMT+3 [Modules] Streaming discord_voice@1 to /home/dmtr/.config/discord/0.0.107/modules/pending/discord_voice-1.zip: 25%
8/28/2025, 8:04:13 PM GMT+3 [Modules] Streaming discord_voice@1 to /home/dmtr/.config/discord/0.0.107/modules/pending/discord_voice-1.zip: 26%
8/28/2025, 8:04:13 PM GMT+3 [Modules] Streaming discord_voice@1 to /home/dmtr/.config/discord/0.0.107/modules/pending/discord_voice-1.zip: 27%
8/28/2025, 8:04:13 PM GMT+3 [Modules] Streaming discord_voice@1 to /home/dmtr/.config/discord/0.0.107/modules/pending/discord_voice-1.zip: 28%
8/28/2025, 8:04:13 PM GMT+3 [Modules] Streaming discord_voice@1 to /home/dmtr/.config/discord/0.0.107/modules/pending/discord_voice-1.zip: 29%
8/28/2025, 8:04:13 PM GMT+3 [Modules] Streaming discord_voice@1 to /home/dmtr/.config/discord/0.0.107/modules/pending/discord_voice-1.zip: 31%
8/28/2025, 8:04:13 PM GMT+3 [Modules] Streaming discord_voice@1 to /home/dmtr/.config/discord/0.0.107/modules/pending/discord_voice-1.zip: 33%
8/28/2025, 8:04:13 PM GMT+3 [Modules] Streaming discord_voice@1 to /home/dmtr/.config/discord/0.0.107/modules/pending/discord_voice-1.zip: 34%
8/28/2025, 8:04:13 PM GMT+3 [Modules] Streaming discord_voice@1 to /home/dmtr/.config/discord/0.0.107/modules/pending/discord_voice-1.zip: 35%
8/28/2025, 8:04:13 PM GMT+3 [Modules] Streaming discord_voice@1 to /home/dmtr/.config/discord/0.0.107/modules/pending/discord_voice-1.zip: 36%
8/28/2025, 8:04:13 PM GMT+3 [Modules] Streaming discord_voice@1 to /home/dmtr/.config/discord/0.0.107/modules/pending/discord_voice-1.zip: 37%
8/28/2025, 8:04:13 PM GMT+3 [Modules] Streaming discord_voice@1 to /home/dmtr/.config/discord/0.0.107/modules/pending/discord_voice-1.zip: 38%
8/28/2025, 8:04:13 PM GMT+3 [Modules] Streaming discord_voice@1 to /home/dmtr/.config/discord/0.0.107/modules/pending/discord_voice-1.zip: 39%
8/28/2025, 8:04:13 PM GMT+3 [Modules] Streaming discord_voice@1 to /home/dmtr/.config/discord/0.0.107/modules/pending/discord_voice-1.zip: 41%
8/28/2025, 8:04:13 PM GMT+3 [Modules] Streaming discord_voice@1 to /home/dmtr/.config/discord/0.0.107/modules/pending/discord_voice-1.zip: 42%
8/28/2025, 8:04:13 PM GMT+3 [Modules] Streaming discord_voice@1 to /home/dmtr/.config/discord/0.0.107/modules/pending/discord_voice-1.zip: 43%
8/28/2025, 8:04:13 PM GMT+3 [Modules] Streaming discord_voice@1 to /home/dmtr/.config/discord/0.0.107/modules/pending/discord_voice-1.zip: 44%
8/28/2025, 8:04:13 PM GMT+3 [Modules] Streaming discord_voice@1 to /home/dmtr/.config/discord/0.0.107/modules/pending/discord_voice-1.zip: 45%
8/28/2025, 8:04:13 PM GMT+3 [Modules] Streaming discord_voice@1 to /home/dmtr/.config/discord/0.0.107/modules/pending/discord_voice-1.zip: 46%
8/28/2025, 8:04:13 PM GMT+3 [Modules] Streaming discord_voice@1 to /home/dmtr/.config/discord/0.0.107/modules/pending/discord_voice-1.zip: 47%
8/28/2025, 8:04:13 PM GMT+3 [Modules] Streaming discord_voice@1 to /home/dmtr/.config/discord/0.0.107/modules/pending/discord_voice-1.zip: 48%
8/28/2025, 8:04:13 PM GMT+3 [Modules] Streaming discord_voice@1 to /home/dmtr/.config/discord/0.0.107/modules/pending/discord_voice-1.zip: 49%
8/28/2025, 8:04:13 PM GMT+3 [Modules] Streaming discord_voice@1 to /home/dmtr/.config/discord/0.0.107/modules/pending/discord_voice-1.zip: 50%
8/28/2025, 8:04:13 PM GMT+3 [Modules] Streaming discord_voice@1 to /home/dmtr/.config/discord/0.0.107/modules/pending/discord_voice-1.zip: 51%
8/28/2025, 8:04:13 PM GMT+3 [Modules] Streaming discord_voice@1 to /home/dmtr/.config/discord/0.0.107/modules/pending/discord_voice-1.zip: 52%
8/28/2025, 8:04:13 PM GMT+3 [Modules] Streaming discord_voice@1 to /home/dmtr/.config/discord/0.0.107/modules/pending/discord_voice-1.zip: 53%
8/28/2025, 8:04:13 PM GMT+3 [Modules] Streaming discord_voice@1 to /home/dmtr/.config/discord/0.0.107/modules/pending/discord_voice-1.zip: 54%
8/28/2025, 8:04:13 PM GMT+3 [Modules] Streaming discord_voice@1 to /home/dmtr/.config/discord/0.0.107/modules/pending/discord_voice-1.zip: 55%
8/28/2025, 8:04:13 PM GMT+3 [Modules] Streaming discord_voice@1 to /home/dmtr/.config/discord/0.0.107/modules/pending/discord_voice-1.zip: 56%
8/28/2025, 8:04:13 PM GMT+3 [Modules] Streaming discord_voice@1 to /home/dmtr/.config/discord/0.0.107/modules/pending/discord_voice-1.zip: 57%
8/28/2025, 8:04:13 PM GMT+3 [Modules] Streaming discord_voice@1 to /home/dmtr/.config/discord/0.0.107/modules/pending/discord_voice-1.zip: 58%
8/28/2025, 8:04:13 PM GMT+3 [Modules] Streaming discord_voice@1 to /home/dmtr/.config/discord/0.0.107/modules/pending/discord_voice-1.zip: 59%
8/28/2025, 8:04:13 PM GMT+3 [Modules] Streaming discord_voice@1 to /home/dmtr/.config/discord/0.0.107/modules/pending/discord_voice-1.zip: 60%
8/28/2025, 8:04:13 PM GMT+3 [Modules] Streaming discord_voice@1 to /home/dmtr/.config/discord/0.0.107/modules/pending/discord_voice-1.zip: 61%
8/28/2025, 8:04:13 PM GMT+3 [Modules] Streaming discord_voice@1 to /home/dmtr/.config/discord/0.0.107/modules/pending/discord_voice-1.zip: 62%
8/28/2025, 8:04:13 PM GMT+3 [Modules] Streaming discord_voice@1 to /home/dmtr/.config/discord/0.0.107/modules/pending/discord_voice-1.zip: 63%
8/28/2025, 8:04:13 PM GMT+3 [Modules] Streaming discord_voice@1 to /home/dmtr/.config/discord/0.0.107/modules/pending/discord_voice-1.zip: 65%
8/28/2025, 8:04:13 PM GMT+3 [Modules] Streaming discord_voice@1 to /home/dmtr/.config/discord/0.0.107/modules/pending/discord_voice-1.zip: 66%
8/28/2025, 8:04:13 PM GMT+3 [Modules] Streaming discord_voice@1 to /home/dmtr/.config/discord/0.0.107/modules/pending/discord_voice-1.zip: 69%
8/28/2025, 8:04:13 PM GMT+3 [Modules] Streaming discord_voice@1 to /home/dmtr/.config/discord/0.0.107/modules/pending/discord_voice-1.zip: 70%
8/28/2025, 8:04:13 PM GMT+3 [Modules] Streaming discord_voice@1 to /home/dmtr/.config/discord/0.0.107/modules/pending/discord_voice-1.zip: 71%
8/28/2025, 8:04:13 PM GMT+3 [Modules] Streaming discord_voice@1 to /home/dmtr/.config/discord/0.0.107/modules/pending/discord_voice-1.zip: 72%
8/28/2025, 8:04:13 PM GMT+3 [Modules] Streaming discord_voice@1 to /home/dmtr/.config/discord/0.0.107/modules/pending/discord_voice-1.zip: 73%
8/28/2025, 8:04:13 PM GMT+3 [Modules] Streaming discord_voice@1 to /home/dmtr/.config/discord/0.0.107/modules/pending/discord_voice-1.zip: 74%
8/28/2025, 8:04:13 PM GMT+3 [Modules] Streaming discord_voice@1 to /home/dmtr/.config/discord/0.0.107/modules/pending/discord_voice-1.zip: 75%
8/28/2025, 8:04:13 PM GMT+3 [Modules] Streaming discord_voice@1 to /home/dmtr/.config/discord/0.0.107/modules/pending/discord_voice-1.zip: 76%
8/28/2025, 8:04:13 PM GMT+3 [Modules] Streaming discord_voice@1 to /home/dmtr/.config/discord/0.0.107/modules/pending/discord_voice-1.zip: 77%
8/28/2025, 8:04:13 PM GMT+3 [Modules] Streaming discord_voice@1 to /home/dmtr/.config/discord/0.0.107/modules/pending/discord_voice-1.zip: 78%
8/28/2025, 8:04:13 PM GMT+3 [Modules] Streaming discord_voice@1 to /home/dmtr/.config/discord/0.0.107/modules/pending/discord_voice-1.zip: 79%
8/28/2025, 8:04:13 PM GMT+3 [Modules] Streaming discord_voice@1 to /home/dmtr/.config/discord/0.0.107/modules/pending/discord_voice-1.zip: 80%
8/28/2025, 8:04:13 PM GMT+3 [Modules] Streaming discord_voice@1 to /home/dmtr/.config/discord/0.0.107/modules/pending/discord_voice-1.zip: 82%
8/28/2025, 8:04:13 PM GMT+3 [Modules] Streaming discord_voice@1 to /home/dmtr/.config/discord/0.0.107/modules/pending/discord_voice-1.zip: 83%
8/28/2025, 8:04:13 PM GMT+3 [Modules] Streaming discord_voice@1 to /home/dmtr/.config/discord/0.0.107/modules/pending/discord_voice-1.zip: 84%
8/28/2025, 8:04:13 PM GMT+3 [Modules] Streaming discord_voice@1 to /home/dmtr/.config/discord/0.0.107/modules/pending/discord_voice-1.zip: 85%
8/28/2025, 8:04:13 PM GMT+3 [Modules] Streaming discord_voice@1 to /home/dmtr/.config/discord/0.0.107/modules/pending/discord_voice-1.zip: 86%
8/28/2025, 8:04:13 PM GMT+3 [Modules] Streaming discord_voice@1 to /home/dmtr/.config/discord/0.0.107/modules/pending/discord_voice-1.zip: 87%
8/28/2025, 8:04:13 PM GMT+3 [Modules] Streaming discord_voice@1 to /home/dmtr/.config/discord/0.0.107/modules/pending/discord_voice-1.zip: 88%
8/28/2025, 8:04:13 PM GMT+3 [Modules] Streaming discord_voice@1 to /home/dmtr/.config/discord/0.0.107/modules/pending/discord_voice-1.zip: 89%
8/28/2025, 8:04:13 PM GMT+3 [Modules] Streaming discord_voice@1 to /home/dmtr/.config/discord/0.0.107/modules/pending/discord_voice-1.zip: 90%
8/28/2025, 8:04:13 PM GMT+3 [Modules] Streaming discord_voice@1 to /home/dmtr/.config/discord/0.0.107/modules/pending/discord_voice-1.zip: 91%
8/28/2025, 8:04:13 PM GMT+3 [Modules] Streaming discord_voice@1 to /home/dmtr/.config/discord/0.0.107/modules/pending/discord_voice-1.zip: 92%
8/28/2025, 8:04:14 PM GMT+3 [Modules] Streaming discord_voice@1 to /home/dmtr/.config/discord/0.0.107/modules/pending/discord_voice-1.zip: 93%
8/28/2025, 8:04:14 PM GMT+3 [Modules] Streaming discord_voice@1 to /home/dmtr/.config/discord/0.0.107/modules/pending/discord_voice-1.zip: 94%
8/28/2025, 8:04:14 PM GMT+3 [Modules] Streaming discord_voice@1 to /home/dmtr/.config/discord/0.0.107/modules/pending/discord_voice-1.zip: 95%
8/28/2025, 8:04:14 PM GMT+3 [Modules] Streaming discord_voice@1 to /home/dmtr/.config/discord/0.0.107/modules/pending/discord_voice-1.zip: 96%
8/28/2025, 8:04:14 PM GMT+3 [Modules] Streaming discord_voice@1 to /home/dmtr/.config/discord/0.0.107/modules/pending/discord_voice-1.zip: 97%
8/28/2025, 8:04:14 PM GMT+3 [Modules] Streaming discord_voice@1 to /home/dmtr/.config/discord/0.0.107/modules/pending/discord_voice-1.zip: 98%
8/28/2025, 8:04:14 PM GMT+3 [Modules] Streaming discord_voice@1 to /home/dmtr/.config/discord/0.0.107/modules/pending/discord_voice-1.zip: 99%
8/28/2025, 8:04:14 PM GMT+3 [Modules] Streaming discord_voice@1 to /home/dmtr/.config/discord/0.0.107/modules/pending/discord_voice-1.zip: 100%
8/28/2025, 8:04:14 PM GMT+3 [Modules] Fetching discord_zstd@1 from https://discord.com/api/modules/stable/discord_zstd/1
8/28/2025, 8:04:14 PM GMT+3 [Modules] Streaming discord_zstd@1 to /home/dmtr/.config/discord/0.0.107/modules/pending/discord_zstd-1.zip
8/28/2025, 8:04:14 PM GMT+3 [Modules] Streaming discord_zstd@1 to /home/dmtr/.config/discord/0.0.107/modules/pending/discord_zstd-1.zip: 10%
8/28/2025, 8:04:14 PM GMT+3 [Modules] Streaming discord_zstd@1 to /home/dmtr/.config/discord/0.0.107/modules/pending/discord_zstd-1.zip: 27%
8/28/2025, 8:04:14 PM GMT+3 [Modules] Streaming discord_zstd@1 to /home/dmtr/.config/discord/0.0.107/modules/pending/discord_zstd-1.zip: 34%
8/28/2025, 8:04:14 PM GMT+3 [Modules] Streaming discord_zstd@1 to /home/dmtr/.config/discord/0.0.107/modules/pending/discord_zstd-1.zip: 51%
8/28/2025, 8:04:14 PM GMT+3 [Modules] Streaming discord_zstd@1 to /home/dmtr/.config/discord/0.0.107/modules/pending/discord_zstd-1.zip: 68%
8/28/2025, 8:04:14 PM GMT+3 [Modules] Streaming discord_zstd@1 to /home/dmtr/.config/discord/0.0.107/modules/pending/discord_zstd-1.zip: 100%
8/28/2025, 8:04:14 PM GMT+3 [Modules] Finished module downloads. [success: 6] [failure: 0]
8/28/2025, 8:04:14 PM GMT+3 [Modules] Installing updates...
8/28/2025, 8:04:14 PM GMT+3 [Modules] Installing discord_desktop_core@1 from /home/dmtr/.config/discord/0.0.107/modules/pending/discord_desktop_core-1.zip
8/28/2025, 8:04:14 PM GMT+3 [Modules] Installing discord_erlpack@1 from /home/dmtr/.config/discord/0.0.107/modules/pending/discord_erlpack-1.zip
8/28/2025, 8:04:14 PM GMT+3 [Modules] Installing discord_spellcheck@1 from /home/dmtr/.config/discord/0.0.107/modules/pending/discord_spellcheck-1.zip
8/28/2025, 8:04:15 PM GMT+3 [Modules] Installing discord_utils@1 from /home/dmtr/.config/discord/0.0.107/modules/pending/discord_utils-1.zip
8/28/2025, 8:04:15 PM GMT+3 [Modules] Installing discord_voice@1 from /home/dmtr/.config/discord/0.0.107/modules/pending/discord_voice-1.zip
8/28/2025, 8:04:16 PM GMT+3 [Modules] Installing discord_zstd@1 from /home/dmtr/.config/discord/0.0.107/modules/pending/discord_zstd-1.zip
8/28/2025, 8:04:16 PM GMT+3 [Modules] Finished module installations. [success: 6] [failure: 0]
8/28/2025, 8:04:16 PM GMT+3 [Modules] Checking for host updates.
8/28/2025, 8:04:17 PM GMT+3 [Modules] Host is up to date.
8/28/2025, 8:04:17 PM GMT+3 [Modules] Checking for module updates at https://discord.com/api/modules/stable/versions.json
8/28/2025, 8:04:17 PM GMT+3 [Modules] No module updates available.
8/28/2025, 8:04:18 PM GMT+3 [Modules] Starting to install discord_krisp...
8/28/2025, 8:04:18 PM GMT+3 [Modules] Fetching discord_krisp@1 from https://discord.com/api/modules/stable/discord_krisp/1
8/28/2025, 8:04:18 PM GMT+3 [Modules] Streaming discord_krisp@1 to /home/dmtr/.config/discord/0.0.107/modules/pending/discord_krisp-1.zip
8/28/2025, 8:04:18 PM GMT+3 [Modules] Starting to install discord_game_utils...
8/28/2025, 8:04:19 PM GMT+3 [Modules] Streaming discord_krisp@1 to /home/dmtr/.config/discord/0.0.107/modules/pending/discord_krisp-1.zip: 1%
8/28/2025, 8:04:19 PM GMT+3 [Modules] Streaming discord_krisp@1 to /home/dmtr/.config/discord/0.0.107/modules/pending/discord_krisp-1.zip: 2%
8/28/2025, 8:04:19 PM GMT+3 [Modules] Streaming discord_krisp@1 to /home/dmtr/.config/discord/0.0.107/modules/pending/discord_krisp-1.zip: 3%
8/28/2025, 8:04:19 PM GMT+3 [Modules] Streaming discord_krisp@1 to /home/dmtr/.config/discord/0.0.107/modules/pending/discord_krisp-1.zip: 4%
8/28/2025, 8:04:19 PM GMT+3 [Modules] Streaming discord_krisp@1 to /home/dmtr/.config/discord/0.0.107/modules/pending/discord_krisp-1.zip: 5%
8/28/2025, 8:04:19 PM GMT+3 [Modules] Streaming discord_krisp@1 to /home/dmtr/.config/discord/0.0.107/modules/pending/discord_krisp-1.zip: 6%
8/28/2025, 8:04:19 PM GMT+3 [Modules] Streaming discord_krisp@1 to /home/dmtr/.config/discord/0.0.107/modules/pending/discord_krisp-1.zip: 7%
8/28/2025, 8:04:19 PM GMT+3 [Modules] Streaming discord_krisp@1 to /home/dmtr/.config/discord/0.0.107/modules/pending/discord_krisp-1.zip: 8%
8/28/2025, 8:04:19 PM GMT+3 [Modules] Streaming discord_krisp@1 to /home/dmtr/.config/discord/0.0.107/modules/pending/discord_krisp-1.zip: 9%
8/28/2025, 8:04:19 PM GMT+3 [Modules] Streaming discord_krisp@1 to /home/dmtr/.config/discord/0.0.107/modules/pending/discord_krisp-1.zip: 10%
8/28/2025, 8:04:19 PM GMT+3 [Modules] Streaming discord_krisp@1 to /home/dmtr/.config/discord/0.0.107/modules/pending/discord_krisp-1.zip: 11%
8/28/2025, 8:04:19 PM GMT+3 [Modules] Streaming discord_krisp@1 to /home/dmtr/.config/discord/0.0.107/modules/pending/discord_krisp-1.zip: 12%
8/28/2025, 8:04:19 PM GMT+3 [Modules] Streaming discord_krisp@1 to /home/dmtr/.config/discord/0.0.107/modules/pending/discord_krisp-1.zip: 13%
8/28/2025, 8:04:19 PM GMT+3 [Modules] Streaming discord_krisp@1 to /home/dmtr/.config/discord/0.0.107/modules/pending/discord_krisp-1.zip: 14%
8/28/2025, 8:04:19 PM GMT+3 [Modules] Streaming discord_krisp@1 to /home/dmtr/.config/discord/0.0.107/modules/pending/discord_krisp-1.zip: 15%
8/28/2025, 8:04:19 PM GMT+3 [Modules] Streaming discord_krisp@1 to /home/dmtr/.config/discord/0.0.107/modules/pending/discord_krisp-1.zip: 16%
8/28/2025, 8:04:19 PM GMT+3 [Modules] Streaming discord_krisp@1 to /home/dmtr/.config/discord/0.0.107/modules/pending/discord_krisp-1.zip: 17%
8/28/2025, 8:04:19 PM GMT+3 [Modules] Streaming discord_krisp@1 to /home/dmtr/.config/discord/0.0.107/modules/pending/discord_krisp-1.zip: 18%
8/28/2025, 8:04:19 PM GMT+3 [Modules] Streaming discord_krisp@1 to /home/dmtr/.config/discord/0.0.107/modules/pending/discord_krisp-1.zip: 19%
8/28/2025, 8:04:19 PM GMT+3 [Modules] Streaming discord_krisp@1 to /home/dmtr/.config/discord/0.0.107/modules/pending/discord_krisp-1.zip: 20%
8/28/2025, 8:04:19 PM GMT+3 [Modules] Streaming discord_krisp@1 to /home/dmtr/.config/discord/0.0.107/modules/pending/discord_krisp-1.zip: 21%
8/28/2025, 8:04:19 PM GMT+3 [Modules] Streaming discord_krisp@1 to /home/dmtr/.config/discord/0.0.107/modules/pending/discord_krisp-1.zip: 22%
8/28/2025, 8:04:19 PM GMT+3 [Modules] Streaming discord_krisp@1 to /home/dmtr/.config/discord/0.0.107/modules/pending/discord_krisp-1.zip: 23%
8/28/2025, 8:04:19 PM GMT+3 [Modules] Streaming discord_krisp@1 to /home/dmtr/.config/discord/0.0.107/modules/pending/discord_krisp-1.zip: 24%
8/28/2025, 8:04:19 PM GMT+3 [Modules] Streaming discord_krisp@1 to /home/dmtr/.config/discord/0.0.107/modules/pending/discord_krisp-1.zip: 25%
8/28/2025, 8:04:19 PM GMT+3 [Modules] Streaming discord_krisp@1 to /home/dmtr/.config/discord/0.0.107/modules/pending/discord_krisp-1.zip: 26%
8/28/2025, 8:04:19 PM GMT+3 [Modules] Streaming discord_krisp@1 to /home/dmtr/.config/discord/0.0.107/modules/pending/discord_krisp-1.zip: 27%
8/28/2025, 8:04:19 PM GMT+3 [Modules] Streaming discord_krisp@1 to /home/dmtr/.config/discord/0.0.107/modules/pending/discord_krisp-1.zip: 28%
8/28/2025, 8:04:19 PM GMT+3 [Modules] Streaming discord_krisp@1 to /home/dmtr/.config/discord/0.0.107/modules/pending/discord_krisp-1.zip: 29%
8/28/2025, 8:04:19 PM GMT+3 [Modules] Streaming discord_krisp@1 to /home/dmtr/.config/discord/0.0.107/modules/pending/discord_krisp-1.zip: 30%
8/28/2025, 8:04:19 PM GMT+3 [Modules] Streaming discord_krisp@1 to /home/dmtr/.config/discord/0.0.107/modules/pending/discord_krisp-1.zip: 31%
8/28/2025, 8:04:19 PM GMT+3 [Modules] Streaming discord_krisp@1 to /home/dmtr/.config/discord/0.0.107/modules/pending/discord_krisp-1.zip: 32%
8/28/2025, 8:04:19 PM GMT+3 [Modules] Streaming discord_krisp@1 to /home/dmtr/.config/discord/0.0.107/modules/pending/discord_krisp-1.zip: 33%
8/28/2025, 8:04:19 PM GMT+3 [Modules] Streaming discord_krisp@1 to /home/dmtr/.config/discord/0.0.107/modules/pending/discord_krisp-1.zip: 34%
8/28/2025, 8:04:19 PM GMT+3 [Modules] Streaming discord_krisp@1 to /home/dmtr/.config/discord/0.0.107/modules/pending/discord_krisp-1.zip: 35%
8/28/2025, 8:04:19 PM GMT+3 [Modules] Streaming discord_krisp@1 to /home/dmtr/.config/discord/0.0.107/modules/pending/discord_krisp-1.zip: 36%
8/28/2025, 8:04:19 PM GMT+3 [Modules] Streaming discord_krisp@1 to /home/dmtr/.config/discord/0.0.107/modules/pending/discord_krisp-1.zip: 37%
8/28/2025, 8:04:19 PM GMT+3 [Modules] Streaming discord_krisp@1 to /home/dmtr/.config/discord/0.0.107/modules/pending/discord_krisp-1.zip: 38%
8/28/2025, 8:04:19 PM GMT+3 [Modules] Streaming discord_krisp@1 to /home/dmtr/.config/discord/0.0.107/modules/pending/discord_krisp-1.zip: 39%
8/28/2025, 8:04:19 PM GMT+3 [Modules] Streaming discord_krisp@1 to /home/dmtr/.config/discord/0.0.107/modules/pending/discord_krisp-1.zip: 40%
8/28/2025, 8:04:19 PM GMT+3 [Modules] Streaming discord_krisp@1 to /home/dmtr/.config/discord/0.0.107/modules/pending/discord_krisp-1.zip: 41%
8/28/2025, 8:04:19 PM GMT+3 [Modules] Streaming discord_krisp@1 to /home/dmtr/.config/discord/0.0.107/modules/pending/discord_krisp-1.zip: 42%
8/28/2025, 8:04:19 PM GMT+3 [Modules] Streaming discord_krisp@1 to /home/dmtr/.config/discord/0.0.107/modules/pending/discord_krisp-1.zip: 43%
8/28/2025, 8:04:19 PM GMT+3 [Modules] Streaming discord_krisp@1 to /home/dmtr/.config/discord/0.0.107/modules/pending/discord_krisp-1.zip: 44%
8/28/2025, 8:04:19 PM GMT+3 [Modules] Streaming discord_krisp@1 to /home/dmtr/.config/discord/0.0.107/modules/pending/discord_krisp-1.zip: 45%
8/28/2025, 8:04:19 PM GMT+3 [Modules] Streaming discord_krisp@1 to /home/dmtr/.config/discord/0.0.107/modules/pending/discord_krisp-1.zip: 46%
8/28/2025, 8:04:19 PM GMT+3 [Modules] Streaming discord_krisp@1 to /home/dmtr/.config/discord/0.0.107/modules/pending/discord_krisp-1.zip: 47%
8/28/2025, 8:04:19 PM GMT+3 [Modules] Streaming discord_krisp@1 to /home/dmtr/.config/discord/0.0.107/modules/pending/discord_krisp-1.zip: 48%
8/28/2025, 8:04:19 PM GMT+3 [Modules] Streaming discord_krisp@1 to /home/dmtr/.config/discord/0.0.107/modules/pending/discord_krisp-1.zip: 49%
8/28/2025, 8:04:19 PM GMT+3 [Modules] Streaming discord_krisp@1 to /home/dmtr/.config/discord/0.0.107/modules/pending/discord_krisp-1.zip: 50%
8/28/2025, 8:04:19 PM GMT+3 [Modules] Streaming discord_krisp@1 to /home/dmtr/.config/discord/0.0.107/modules/pending/discord_krisp-1.zip: 51%
8/28/2025, 8:04:19 PM GMT+3 [Modules] Streaming discord_krisp@1 to /home/dmtr/.config/discord/0.0.107/modules/pending/discord_krisp-1.zip: 52%
8/28/2025, 8:04:19 PM GMT+3 [Modules] Starting to install discord_rpc...
8/28/2025, 8:04:19 PM GMT+3 [Modules] Streaming discord_krisp@1 to /home/dmtr/.config/discord/0.0.107/modules/pending/discord_krisp-1.zip: 53%
8/28/2025, 8:04:20 PM GMT+3 [Modules] Streaming discord_krisp@1 to /home/dmtr/.config/discord/0.0.107/modules/pending/discord_krisp-1.zip: 54%
8/28/2025, 8:04:20 PM GMT+3 [Modules] Streaming discord_krisp@1 to /home/dmtr/.config/discord/0.0.107/modules/pending/discord_krisp-1.zip: 55%
8/28/2025, 8:04:20 PM GMT+3 [Modules] Streaming discord_krisp@1 to /home/dmtr/.config/discord/0.0.107/modules/pending/discord_krisp-1.zip: 56%
8/28/2025, 8:04:20 PM GMT+3 [Modules] Streaming discord_krisp@1 to /home/dmtr/.config/discord/0.0.107/modules/pending/discord_krisp-1.zip: 57%
8/28/2025, 8:04:20 PM GMT+3 [Modules] Streaming discord_krisp@1 to /home/dmtr/.config/discord/0.0.107/modules/pending/discord_krisp-1.zip: 58%
8/28/2025, 8:04:20 PM GMT+3 [Modules] Streaming discord_krisp@1 to /home/dmtr/.config/discord/0.0.107/modules/pending/discord_krisp-1.zip: 59%
8/28/2025, 8:04:20 PM GMT+3 [Modules] Streaming discord_krisp@1 to /home/dmtr/.config/discord/0.0.107/modules/pending/discord_krisp-1.zip: 60%
8/28/2025, 8:04:20 PM GMT+3 [Modules] Streaming discord_krisp@1 to /home/dmtr/.config/discord/0.0.107/modules/pending/discord_krisp-1.zip: 61%
8/28/2025, 8:04:20 PM GMT+3 [Modules] Streaming discord_krisp@1 to /home/dmtr/.config/discord/0.0.107/modules/pending/discord_krisp-1.zip: 62%
8/28/2025, 8:04:20 PM GMT+3 [Modules] Streaming discord_krisp@1 to /home/dmtr/.config/discord/0.0.107/modules/pending/discord_krisp-1.zip: 63%
8/28/2025, 8:04:20 PM GMT+3 [Modules] Streaming discord_krisp@1 to /home/dmtr/.config/discord/0.0.107/modules/pending/discord_krisp-1.zip: 64%
8/28/2025, 8:04:20 PM GMT+3 [Modules] Streaming discord_krisp@1 to /home/dmtr/.config/discord/0.0.107/modules/pending/discord_krisp-1.zip: 65%
8/28/2025, 8:04:20 PM GMT+3 [Modules] Streaming discord_krisp@1 to /home/dmtr/.config/discord/0.0.107/modules/pending/discord_krisp-1.zip: 66%
8/28/2025, 8:04:20 PM GMT+3 [Modules] Streaming discord_krisp@1 to /home/dmtr/.config/discord/0.0.107/modules/pending/discord_krisp-1.zip: 67%
8/28/2025, 8:04:20 PM GMT+3 [Modules] Streaming discord_krisp@1 to /home/dmtr/.config/discord/0.0.107/modules/pending/discord_krisp-1.zip: 68%
8/28/2025, 8:04:20 PM GMT+3 [Modules] Streaming discord_krisp@1 to /home/dmtr/.config/discord/0.0.107/modules/pending/discord_krisp-1.zip: 69%
8/28/2025, 8:04:20 PM GMT+3 [Modules] Streaming discord_krisp@1 to /home/dmtr/.config/discord/0.0.107/modules/pending/discord_krisp-1.zip: 70%
8/28/2025, 8:04:20 PM GMT+3 [Modules] Streaming discord_krisp@1 to /home/dmtr/.config/discord/0.0.107/modules/pending/discord_krisp-1.zip: 71%
8/28/2025, 8:04:20 PM GMT+3 [Modules] Streaming discord_krisp@1 to /home/dmtr/.config/discord/0.0.107/modules/pending/discord_krisp-1.zip: 72%
8/28/2025, 8:04:20 PM GMT+3 [Modules] Streaming discord_krisp@1 to /home/dmtr/.config/discord/0.0.107/modules/pending/discord_krisp-1.zip: 73%
8/28/2025, 8:04:20 PM GMT+3 [Modules] Streaming discord_krisp@1 to /home/dmtr/.config/discord/0.0.107/modules/pending/discord_krisp-1.zip: 74%
8/28/2025, 8:04:20 PM GMT+3 [Modules] Streaming discord_krisp@1 to /home/dmtr/.config/discord/0.0.107/modules/pending/discord_krisp-1.zip: 75%
8/28/2025, 8:04:20 PM GMT+3 [Modules] Streaming discord_krisp@1 to /home/dmtr/.config/discord/0.0.107/modules/pending/discord_krisp-1.zip: 79%
8/28/2025, 8:04:20 PM GMT+3 [Modules] Streaming discord_krisp@1 to /home/dmtr/.config/discord/0.0.107/modules/pending/discord_krisp-1.zip: 81%
8/28/2025, 8:04:20 PM GMT+3 [Modules] Streaming discord_krisp@1 to /home/dmtr/.config/discord/0.0.107/modules/pending/discord_krisp-1.zip: 82%
8/28/2025, 8:04:20 PM GMT+3 [Modules] Streaming discord_krisp@1 to /home/dmtr/.config/discord/0.0.107/modules/pending/discord_krisp-1.zip: 83%
8/28/2025, 8:04:20 PM GMT+3 [Modules] Streaming discord_krisp@1 to /home/dmtr/.config/discord/0.0.107/modules/pending/discord_krisp-1.zip: 84%
8/28/2025, 8:04:20 PM GMT+3 [Modules] Streaming discord_krisp@1 to /home/dmtr/.config/discord/0.0.107/modules/pending/discord_krisp-1.zip: 85%
8/28/2025, 8:04:20 PM GMT+3 [Modules] Streaming discord_krisp@1 to /home/dmtr/.config/discord/0.0.107/modules/pending/discord_krisp-1.zip: 86%
8/28/2025, 8:04:20 PM GMT+3 [Modules] Streaming discord_krisp@1 to /home/dmtr/.config/discord/0.0.107/modules/pending/discord_krisp-1.zip: 87%
8/28/2025, 8:04:20 PM GMT+3 [Modules] Streaming discord_krisp@1 to /home/dmtr/.config/discord/0.0.107/modules/pending/discord_krisp-1.zip: 88%
8/28/2025, 8:04:20 PM GMT+3 [Modules] Streaming discord_krisp@1 to /home/dmtr/.config/discord/0.0.107/modules/pending/discord_krisp-1.zip: 89%
8/28/2025, 8:04:20 PM GMT+3 [Modules] Streaming discord_krisp@1 to /home/dmtr/.config/discord/0.0.107/modules/pending/discord_krisp-1.zip: 90%
8/28/2025, 8:04:20 PM GMT+3 [Modules] Streaming discord_krisp@1 to /home/dmtr/.config/discord/0.0.107/modules/pending/discord_krisp-1.zip: 91%
8/28/2025, 8:04:20 PM GMT+3 [Modules] Streaming discord_krisp@1 to /home/dmtr/.config/discord/0.0.107/modules/pending/discord_krisp-1.zip: 92%
8/28/2025, 8:04:20 PM GMT+3 [Modules] Streaming discord_krisp@1 to /home/dmtr/.config/discord/0.0.107/modules/pending/discord_krisp-1.zip: 93%
8/28/2025, 8:04:20 PM GMT+3 [Modules] Streaming discord_krisp@1 to /home/dmtr/.config/discord/0.0.107/modules/pending/discord_krisp-1.zip: 94%
8/28/2025, 8:04:20 PM GMT+3 [Modules] Streaming discord_krisp@1 to /home/dmtr/.config/discord/0.0.107/modules/pending/discord_krisp-1.zip: 95%
8/28/2025, 8:04:20 PM GMT+3 [Modules] Streaming discord_krisp@1 to /home/dmtr/.config/discord/0.0.107/modules/pending/discord_krisp-1.zip: 97%
8/28/2025, 8:04:20 PM GMT+3 [Modules] Streaming discord_krisp@1 to /home/dmtr/.config/discord/0.0.107/modules/pending/discord_krisp-1.zip: 98%
8/28/2025, 8:04:20 PM GMT+3 [Modules] Streaming discord_krisp@1 to /home/dmtr/.config/discord/0.0.107/modules/pending/discord_krisp-1.zip: 99%
8/28/2025, 8:04:20 PM GMT+3 [Modules] Streaming discord_krisp@1 to /home/dmtr/.config/discord/0.0.107/modules/pending/discord_krisp-1.zip: 100%
8/28/2025, 8:04:20 PM GMT+3 [Modules] Fetching discord_game_utils@1 from https://discord.com/api/modules/stable/discord_game_utils/1
8/28/2025, 8:04:20 PM GMT+3 [Modules] Streaming discord_game_utils@1 to /home/dmtr/.config/discord/0.0.107/modules/pending/discord_game_utils-1.zip
8/28/2025, 8:04:20 PM GMT+3 [Modules] Installing discord_krisp@1 from /home/dmtr/.config/discord/0.0.107/modules/pending/discord_krisp-1.zip
8/28/2025, 8:04:20 PM GMT+3 [Modules] Streaming discord_game_utils@1 to /home/dmtr/.config/discord/0.0.107/modules/pending/discord_game_utils-1.zip: 1%
8/28/2025, 8:04:20 PM GMT+3 [Modules] Streaming discord_game_utils@1 to /home/dmtr/.config/discord/0.0.107/modules/pending/discord_game_utils-1.zip: 2%
8/28/2025, 8:04:20 PM GMT+3 [Modules] Streaming discord_game_utils@1 to /home/dmtr/.config/discord/0.0.107/modules/pending/discord_game_utils-1.zip: 3%
8/28/2025, 8:04:20 PM GMT+3 [Modules] Streaming discord_game_utils@1 to /home/dmtr/.config/discord/0.0.107/modules/pending/discord_game_utils-1.zip: 5%
8/28/2025, 8:04:20 PM GMT+3 [Modules] Streaming discord_game_utils@1 to /home/dmtr/.config/discord/0.0.107/modules/pending/discord_game_utils-1.zip: 7%
8/28/2025, 8:04:20 PM GMT+3 [Modules] Streaming discord_game_utils@1 to /home/dmtr/.config/discord/0.0.107/modules/pending/discord_game_utils-1.zip: 9%
8/28/2025, 8:04:20 PM GMT+3 [Modules] Streaming discord_game_utils@1 to /home/dmtr/.config/discord/0.0.107/modules/pending/discord_game_utils-1.zip: 11%
8/28/2025, 8:04:20 PM GMT+3 [Modules] Streaming discord_game_utils@1 to /home/dmtr/.config/discord/0.0.107/modules/pending/discord_game_utils-1.zip: 15%
8/28/2025, 8:04:20 PM GMT+3 [Modules] Streaming discord_game_utils@1 to /home/dmtr/.config/discord/0.0.107/modules/pending/discord_game_utils-1.zip: 17%
8/28/2025, 8:04:20 PM GMT+3 [Modules] Streaming discord_game_utils@1 to /home/dmtr/.config/discord/0.0.107/modules/pending/discord_game_utils-1.zip: 20%
8/28/2025, 8:04:20 PM GMT+3 [Modules] Streaming discord_game_utils@1 to /home/dmtr/.config/discord/0.0.107/modules/pending/discord_game_utils-1.zip: 27%
8/28/2025, 8:04:20 PM GMT+3 [Modules] Streaming discord_game_utils@1 to /home/dmtr/.config/discord/0.0.107/modules/pending/discord_game_utils-1.zip: 30%
8/28/2025, 8:04:20 PM GMT+3 [Modules] Streaming discord_game_utils@1 to /home/dmtr/.config/discord/0.0.107/modules/pending/discord_game_utils-1.zip: 38%
8/28/2025, 8:04:20 PM GMT+3 [Modules] Streaming discord_game_utils@1 to /home/dmtr/.config/discord/0.0.107/modules/pending/discord_game_utils-1.zip: 41%
8/28/2025, 8:04:20 PM GMT+3 [Modules] Streaming discord_game_utils@1 to /home/dmtr/.config/discord/0.0.107/modules/pending/discord_game_utils-1.zip: 45%
8/28/2025, 8:04:20 PM GMT+3 [Modules] Streaming discord_game_utils@1 to /home/dmtr/.config/discord/0.0.107/modules/pending/discord_game_utils-1.zip: 53%
8/28/2025, 8:04:20 PM GMT+3 [Modules] Streaming discord_game_utils@1 to /home/dmtr/.config/discord/0.0.107/modules/pending/discord_game_utils-1.zip: 61%
8/28/2025, 8:04:20 PM GMT+3 [Modules] Streaming discord_game_utils@1 to /home/dmtr/.config/discord/0.0.107/modules/pending/discord_game_utils-1.zip: 64%
8/28/2025, 8:04:20 PM GMT+3 [Modules] Streaming discord_game_utils@1 to /home/dmtr/.config/discord/0.0.107/modules/pending/discord_game_utils-1.zip: 65%
8/28/2025, 8:04:20 PM GMT+3 [Modules] Streaming discord_game_utils@1 to /home/dmtr/.config/discord/0.0.107/modules/pending/discord_game_utils-1.zip: 66%
8/28/2025, 8:04:20 PM GMT+3 [Modules] Streaming discord_game_utils@1 to /home/dmtr/.config/discord/0.0.107/modules/pending/discord_game_utils-1.zip: 68%
8/28/2025, 8:04:20 PM GMT+3 [Modules] Streaming discord_game_utils@1 to /home/dmtr/.config/discord/0.0.107/modules/pending/discord_game_utils-1.zip: 70%
8/28/2025, 8:04:20 PM GMT+3 [Modules] Streaming discord_game_utils@1 to /home/dmtr/.config/discord/0.0.107/modules/pending/discord_game_utils-1.zip: 72%
8/28/2025, 8:04:20 PM GMT+3 [Modules] Streaming discord_game_utils@1 to /home/dmtr/.config/discord/0.0.107/modules/pending/discord_game_utils-1.zip: 77%
8/28/2025, 8:04:20 PM GMT+3 [Modules] Streaming discord_game_utils@1 to /home/dmtr/.config/discord/0.0.107/modules/pending/discord_game_utils-1.zip: 79%
8/28/2025, 8:04:20 PM GMT+3 [Modules] Streaming discord_game_utils@1 to /home/dmtr/.config/discord/0.0.107/modules/pending/discord_game_utils-1.zip: 85%
8/28/2025, 8:04:20 PM GMT+3 [Modules] Streaming discord_game_utils@1 to /home/dmtr/.config/discord/0.0.107/modules/pending/discord_game_utils-1.zip: 91%
8/28/2025, 8:04:20 PM GMT+3 [Modules] Streaming discord_game_utils@1 to /home/dmtr/.config/discord/0.0.107/modules/pending/discord_game_utils-1.zip: 100%
8/28/2025, 8:04:20 PM GMT+3 [Modules] Fetching discord_rpc@1 from https://discord.com/api/modules/stable/discord_rpc/1
8/28/2025, 8:04:20 PM GMT+3 [Modules] Streaming discord_rpc@1 to /home/dmtr/.config/discord/0.0.107/modules/pending/discord_rpc-1.zip
8/28/2025, 8:04:20 PM GMT+3 [Modules] Streaming discord_rpc@1 to /home/dmtr/.config/discord/0.0.107/modules/pending/discord_rpc-1.zip: 100%
8/28/2025, 8:04:20 PM GMT+3 [Modules] Finished module downloads. [success: 3] [failure: 0]
8/28/2025, 8:04:21 PM GMT+3 [Modules] Installing discord_game_utils@1 from /home/dmtr/.config/discord/0.0.107/modules/pending/discord_game_utils-1.zip
8/28/2025, 8:04:21 PM GMT+3 [Modules] Installing discord_rpc@1 from /home/dmtr/.config/discord/0.0.107/modules/pending/discord_rpc-1.zip
8/28/2025, 8:04:21 PM GMT+3 [Modules] Finished module installations. [success: 3] [failure: 0]
8/28/2025, 8:04:26 PM GMT+3 [Modules] Checking for host updates.
8/28/2025, 8:04:27 PM GMT+3 [Modules] Host is up to date.
8/28/2025, 8:04:27 PM GMT+3 [Modules] Checking for module updates at https://discord.com/api/modules/stable/versions.json
8/28/2025, 8:04:27 PM GMT+3 [Modules] No module updates available.
8/28/2025, 9:04:26 PM GMT+3 [Modules] Checking for host updates.
8/28/2025, 9:04:27 PM GMT+3 [Modules] Host is up to date.
8/28/2025, 9:04:27 PM GMT+3 [Modules] Checking for module updates at https://discord.com/api/modules/stable/versions.json
8/28/2025, 9:04:27 PM GMT+3 [Modules] No module updates available.
8/28/2025, 10:04:26 PM GMT+3 [Modules] Checking for host updates.
8/28/2025, 10:04:27 PM GMT+3 [Modules] Host is up to date.
8/28/2025, 10:04:27 PM GMT+3 [Modules] Checking for module updates at https://discord.com/api/modules/stable/versions.json
8/28/2025, 10:04:27 PM GMT+3 [Modules] No module updates available.
8/28/2025, 11:04:26 PM GMT+3 [Modules] Checking for host updates.
8/28/2025, 11:04:27 PM GMT+3 [Modules] Host is up to date.
8/28/2025, 11:04:27 PM GMT+3 [Modules] Checking for module updates at https://discord.com/api/modules/stable/versions.json
8/28/2025, 11:04:27 PM GMT+3 [Modules] No module updates available.
8/29/2025, 8:23:48 PM GMT+3 [Modules] Modules initializing
8/29/2025, 8:23:48 PM GMT+3 [Modules] Distribution: remote
8/29/2025, 8:23:48 PM GMT+3 [Modules] Host updates: enabled
8/29/2025, 8:23:48 PM GMT+3 [Modules] Module updates: enabled
8/29/2025, 8:23:48 PM GMT+3 [Modules] Module install path: /home/dmtr/.config/discord/0.0.107/modules
8/29/2025, 8:23:48 PM GMT+3 [Modules] Module installed file path: /home/dmtr/.config/discord/0.0.107/modules/installed.json
8/29/2025, 8:23:48 PM GMT+3 [Modules] Module download path: /home/dmtr/.config/discord/0.0.107/modules/pending
8/29/2025, 8:23:48 PM GMT+3 [Modules] No updates to install
8/29/2025, 8:23:48 PM GMT+3 [Modules] Checking for host updates.
8/29/2025, 8:23:48 PM GMT+3 [Modules] Host is up to date.
8/29/2025, 8:23:48 PM GMT+3 [Modules] Checking for module updates at https://discord.com/api/modules/stable/versions.json
8/29/2025, 8:23:48 PM GMT+3 [Modules] No module updates available.
8/29/2025, 8:23:57 PM GMT+3 [Modules] Checking for host updates.
8/29/2025, 8:23:58 PM GMT+3 [Modules] Host is up to date.
8/29/2025, 8:23:58 PM GMT+3 [Modules] Checking for module updates at https://discord.com/api/modules/stable/versions.json
8/29/2025, 8:23:58 PM GMT+3 [Modules] No module updates available.
8/29/2025, 9:23:57 PM GMT+3 [Modules] Checking for host updates.
8/29/2025, 9:23:58 PM GMT+3 [Modules] Host is up to date.
8/29/2025, 9:23:58 PM GMT+3 [Modules] Checking for module updates at https://discord.com/api/modules/stable/versions.json
8/29/2025, 9:23:58 PM GMT+3 [Modules] No module updates available.
8/29/2025, 10:23:57 PM GMT+3 [Modules] Checking for host updates.
8/29/2025, 10:23:58 PM GMT+3 [Modules] Host is up to date.
8/29/2025, 10:23:58 PM GMT+3 [Modules] Checking for module updates at https://discord.com/api/modules/stable/versions.json
8/29/2025, 10:23:58 PM GMT+3 [Modules] No module updates available.
8/30/2025, 10:06:17 AM GMT+3 [Modules] Checking for host updates.
8/30/2025, 10:06:17 AM GMT+3 [Modules] Host is up to date.
8/30/2025, 10:06:17 AM GMT+3 [Modules] Checking for module updates at https://discord.com/api/modules/stable/versions.json
8/30/2025, 10:06:17 AM GMT+3 [Modules] No module updates available.
8/30/2025, 10:14:11 AM GMT+3 [Modules] Checking for host updates.
8/30/2025, 10:14:12 AM GMT+3 [Modules] Host is up to date.
8/30/2025, 10:14:12 AM GMT+3 [Modules] Checking for module updates at https://discord.com/api/modules/stable/versions.json
8/30/2025, 10:14:12 AM GMT+3 [Modules] No module updates available.
8/30/2025, 11:06:16 AM GMT+3 [Modules] Checking for host updates.
8/30/2025, 11:06:16 AM GMT+3 [Modules] Host is up to date.
8/30/2025, 11:06:16 AM GMT+3 [Modules] Checking for module updates at https://discord.com/api/modules/stable/versions.json
8/30/2025, 11:06:16 AM GMT+3 [Modules] No module updates available.
8/30/2025, 11:14:11 AM GMT+3 [Modules] Checking for host updates.
8/30/2025, 11:14:11 AM GMT+3 [Modules] Host is up to date.
8/30/2025, 11:14:11 AM GMT+3 [Modules] Checking for module updates at https://discord.com/api/modules/stable/versions.json
8/30/2025, 11:14:11 AM GMT+3 [Modules] No module updates available.
8/30/2025, 12:06:16 PM GMT+3 [Modules] Checking for host updates.
8/30/2025, 12:06:16 PM GMT+3 [Modules] Host is up to date.
8/30/2025, 12:06:16 PM GMT+3 [Modules] Checking for module updates at https://discord.com/api/modules/stable/versions.json
8/30/2025, 12:06:16 PM GMT+3 [Modules] No module updates available.
8/30/2025, 12:14:11 PM GMT+3 [Modules] Checking for host updates.
8/30/2025, 12:14:11 PM GMT+3 [Modules] Host is up to date.
8/30/2025, 12:14:11 PM GMT+3 [Modules] Checking for module updates at https://discord.com/api/modules/stable/versions.json
8/30/2025, 12:14:11 PM GMT+3 [Modules] No module updates available.
8/30/2025, 1:06:16 PM GMT+3 [Modules] Checking for host updates.
8/30/2025, 1:06:16 PM GMT+3 [Modules] Host is up to date.
8/30/2025, 1:06:16 PM GMT+3 [Modules] Checking for module updates at https://discord.com/api/modules/stable/versions.json
8/30/2025, 1:06:16 PM GMT+3 [Modules] No module updates available.
8/30/2025, 1:14:11 PM GMT+3 [Modules] Checking for host updates.
8/30/2025, 1:14:11 PM GMT+3 [Modules] Host is up to date.
8/30/2025, 1:14:11 PM GMT+3 [Modules] Checking for module updates at https://discord.com/api/modules/stable/versions.json
8/30/2025, 1:14:11 PM GMT+3 [Modules] No module updates available.
8/30/2025, 2:06:16 PM GMT+3 [Modules] Checking for host updates.
8/30/2025, 2:06:16 PM GMT+3 [Modules] Host is up to date.
8/30/2025, 2:06:16 PM GMT+3 [Modules] Checking for module updates at https://discord.com/api/modules/stable/versions.json
8/30/2025, 2:06:16 PM GMT+3 [Modules] No module updates available.
8/30/2025, 2:14:11 PM GMT+3 [Modules] Checking for host updates.
8/30/2025, 2:14:11 PM GMT+3 [Modules] Host is up to date.
8/30/2025, 2:14:11 PM GMT+3 [Modules] Checking for module updates at https://discord.com/api/modules/stable/versions.json
8/30/2025, 2:14:11 PM GMT+3 [Modules] No module updates available.
8/30/2025, 9:04:45 PM GMT+3 [Modules] Modules initializing
8/30/2025, 9:04:45 PM GMT+3 [Modules] Distribution: remote
8/30/2025, 9:04:45 PM GMT+3 [Modules] Host updates: enabled
8/30/2025, 9:04:45 PM GMT+3 [Modules] Module updates: enabled
8/30/2025, 9:04:45 PM GMT+3 [Modules] Module install path: /home/dmtr/.config/discord/0.0.107/modules
8/30/2025, 9:04:45 PM GMT+3 [Modules] Module installed file path: /home/dmtr/.config/discord/0.0.107/modules/installed.json
8/30/2025, 9:04:45 PM GMT+3 [Modules] Module download path: /home/dmtr/.config/discord/0.0.107/modules/pending
8/30/2025, 9:04:45 PM GMT+3 [Modules] No updates to install
8/30/2025, 9:04:45 PM GMT+3 [Modules] Checking for host updates.
8/30/2025, 9:04:45 PM GMT+3 [Modules] Host is up to date.
8/30/2025, 9:04:45 PM GMT+3 [Modules] Checking for module updates at https://discord.com/api/modules/stable/versions.json
8/30/2025, 9:04:45 PM GMT+3 [Modules] No module updates available.
8/30/2025, 9:04:54 PM GMT+3 [Modules] Checking for host updates.
8/30/2025, 9:04:54 PM GMT+3 [Modules] Host is up to date.
8/30/2025, 9:04:54 PM GMT+3 [Modules] Checking for module updates at https://discord.com/api/modules/stable/versions.json
8/30/2025, 9:04:54 PM GMT+3 [Modules] No module updates available.
8/30/2025, 10:04:54 PM GMT+3 [Modules] Checking for host updates.
8/30/2025, 10:04:55 PM GMT+3 [Modules] Host is up to date.
8/30/2025, 10:04:55 PM GMT+3 [Modules] Checking for module updates at https://discord.com/api/modules/stable/versions.json
8/30/2025, 10:04:55 PM GMT+3 [Modules] No module updates available.
8/31/2025, 8:27:01 AM GMT+3 [Modules] Modules initializing
8/31/2025, 8:27:01 AM GMT+3 [Modules] Distribution: remote
8/31/2025, 8:27:01 AM GMT+3 [Modules] Host updates: enabled
8/31/2025, 8:27:01 AM GMT+3 [Modules] Module updates: enabled
8/31/2025, 8:27:01 AM GMT+3 [Modules] Module install path: /home/dmtr/.config/discord/0.0.107/modules
8/31/2025, 8:27:01 AM GMT+3 [Modules] Module installed file path: /home/dmtr/.config/discord/0.0.107/modules/installed.json
8/31/2025, 8:27:01 AM GMT+3 [Modules] Module download path: /home/dmtr/.config/discord/0.0.107/modules/pending
8/31/2025, 8:27:01 AM GMT+3 [Modules] No updates to install
8/31/2025, 8:27:01 AM GMT+3 [Modules] Checking for host updates.
8/31/2025, 8:27:02 AM GMT+3 [Modules] Host is up to date.
8/31/2025, 8:27:02 AM GMT+3 [Modules] Checking for module updates at https://discord.com/api/modules/stable/versions.json
8/31/2025, 8:27:02 AM GMT+3 [Modules] No module updates available.
8/31/2025, 8:27:11 AM GMT+3 [Modules] Checking for host updates.
8/31/2025, 8:27:12 AM GMT+3 [Modules] Host is up to date.
8/31/2025, 8:27:12 AM GMT+3 [Modules] Checking for module updates at https://discord.com/api/modules/stable/versions.json
8/31/2025, 8:27:12 AM GMT+3 [Modules] No module updates available.
8/31/2025, 9:27:11 AM GMT+3 [Modules] Checking for host updates.
8/31/2025, 9:27:12 AM GMT+3 [Modules] Host is up to date.
8/31/2025, 9:27:12 AM GMT+3 [Modules] Checking for module updates at https://discord.com/api/modules/stable/versions.json
8/31/2025, 9:27:12 AM GMT+3 [Modules] No module updates available.
8/31/2025, 10:27:11 AM GMT+3 [Modules] Checking for host updates.
8/31/2025, 10:27:12 AM GMT+3 [Modules] Host is up to date.
8/31/2025, 10:27:12 AM GMT+3 [Modules] Checking for module updates at https://discord.com/api/modules/stable/versions.json
8/31/2025, 10:27:12 AM GMT+3 [Modules] No module updates available.
8/31/2025, 11:27:11 AM GMT+3 [Modules] Checking for host updates.
8/31/2025, 11:27:12 AM GMT+3 [Modules] Host is up to date.
8/31/2025, 11:27:12 AM GMT+3 [Modules] Checking for module updates at https://discord.com/api/modules/stable/versions.json
8/31/2025, 11:27:12 AM GMT+3 [Modules] No module updates available.
8/31/2025, 12:27:11 PM GMT+3 [Modules] Checking for host updates.
8/31/2025, 12:27:12 PM GMT+3 [Modules] Host is up to date.
8/31/2025, 12:27:12 PM GMT+3 [Modules] Checking for module updates at https://discord.com/api/modules/stable/versions.json
8/31/2025, 12:27:12 PM GMT+3 [Modules] No module updates available.
8/31/2025, 1:27:11 PM GMT+3 [Modules] Checking for host updates.
8/31/2025, 1:27:12 PM GMT+3 [Modules] Host is up to date.
8/31/2025, 1:27:12 PM GMT+3 [Modules] Checking for module updates at https://discord.com/api/modules/stable/versions.json
8/31/2025, 1:27:12 PM GMT+3 [Modules] No module updates available.
8/31/2025, 2:27:11 PM GMT+3 [Modules] Checking for host updates.
8/31/2025, 2:27:12 PM GMT+3 [Modules] Host is up to date.
8/31/2025, 2:27:12 PM GMT+3 [Modules] Checking for module updates at https://discord.com/api/modules/stable/versions.json
8/31/2025, 2:27:12 PM GMT+3 [Modules] No module updates available.
8/31/2025, 2:33:16 PM GMT+3 [Modules] Modules initializing
8/31/2025, 2:33:16 PM GMT+3 [Modules] Distribution: remote
8/31/2025, 2:33:16 PM GMT+3 [Modules] Host updates: enabled
8/31/2025, 2:33:16 PM GMT+3 [Modules] Module updates: enabled
8/31/2025, 2:33:16 PM GMT+3 [Modules] Module install path: /home/dmtr/.config/discord/0.0.107/modules
8/31/2025, 2:33:16 PM GMT+3 [Modules] Module installed file path: /home/dmtr/.config/discord/0.0.107/modules/installed.json
8/31/2025, 2:33:16 PM GMT+3 [Modules] Module download path: /home/dmtr/.config/discord/0.0.107/modules/pending
8/31/2025, 2:33:16 PM GMT+3 [Modules] No updates to install
8/31/2025, 2:33:16 PM GMT+3 [Modules] Checking for host updates.
8/31/2025, 2:33:17 PM GMT+3 [Modules] Host is up to date.
8/31/2025, 2:33:17 PM GMT+3 [Modules] Checking for module updates at https://discord.com/api/modules/stable/versions.json
8/31/2025, 2:33:17 PM GMT+3 [Modules] No module updates available.
8/31/2025, 2:33:25 PM GMT+3 [Modules] Checking for host updates.
8/31/2025, 2:33:25 PM GMT+3 [Modules] Host is up to date.
8/31/2025, 2:33:25 PM GMT+3 [Modules] Checking for module updates at https://discord.com/api/modules/stable/versions.json
8/31/2025, 2:33:25 PM GMT+3 [Modules] No module updates available.
8/31/2025, 3:33:25 PM GMT+3 [Modules] Checking for host updates.
8/31/2025, 3:33:25 PM GMT+3 [Modules] Host is up to date.
8/31/2025, 3:33:25 PM GMT+3 [Modules] Checking for module updates at https://discord.com/api/modules/stable/versions.json
8/31/2025, 3:33:25 PM GMT+3 [Modules] No module updates available.
8/31/2025, 4:33:25 PM GMT+3 [Modules] Checking for host updates.
8/31/2025, 4:33:25 PM GMT+3 [Modules] Host is up to date.
8/31/2025, 4:33:25 PM GMT+3 [Modules] Checking for module updates at https://discord.com/api/modules/stable/versions.json
8/31/2025, 4:33:25 PM GMT+3 [Modules] No module updates available.
8/31/2025, 5:33:25 PM GMT+3 [Modules] Checking for host updates.
8/31/2025, 5:33:25 PM GMT+3 [Modules] Host is up to date.
8/31/2025, 5:33:25 PM GMT+3 [Modules] Checking for module updates at https://discord.com/api/modules/stable/versions.json
8/31/2025, 5:33:25 PM GMT+3 [Modules] No module updates available.
8/31/2025, 6:33:25 PM GMT+3 [Modules] Checking for host updates.
8/31/2025, 6:33:25 PM GMT+3 [Modules] Host is up to date.
8/31/2025, 6:33:25 PM GMT+3 [Modules] Checking for module updates at https://discord.com/api/modules/stable/versions.json
8/31/2025, 6:33:25 PM GMT+3 [Modules] No module updates available.
8/31/2025, 9:17:00 PM GMT+3 [Modules] Modules initializing
8/31/2025, 9:17:00 PM GMT+3 [Modules] Distribution: remote
8/31/2025, 9:17:00 PM GMT+3 [Modules] Host updates: enabled
8/31/2025, 9:17:00 PM GMT+3 [Modules] Module updates: enabled
8/31/2025, 9:17:00 PM GMT+3 [Modules] Module install path: /home/dmtr/.config/discord/0.0.107/modules
8/31/2025, 9:17:00 PM GMT+3 [Modules] Module installed file path: /home/dmtr/.config/discord/0.0.107/modules/installed.json
8/31/2025, 9:17:00 PM GMT+3 [Modules] Module download path: /home/dmtr/.config/discord/0.0.107/modules/pending
8/31/2025, 9:17:01 PM GMT+3 [Modules] No updates to install
8/31/2025, 9:17:01 PM GMT+3 [Modules] Checking for host updates.
8/31/2025, 9:17:01 PM GMT+3 [Modules] Host is up to date.
8/31/2025, 9:17:01 PM GMT+3 [Modules] Checking for module updates at https://discord.com/api/modules/stable/versions.json
8/31/2025, 9:17:01 PM GMT+3 [Modules] No module updates available.
8/31/2025, 9:17:10 PM GMT+3 [Modules] Checking for host updates.
8/31/2025, 9:17:11 PM GMT+3 [Modules] Host is up to date.
8/31/2025, 9:17:11 PM GMT+3 [Modules] Checking for module updates at https://discord.com/api/modules/stable/versions.json
8/31/2025, 9:17:11 PM GMT+3 [Modules] No module updates available.
8/31/2025, 10:17:10 PM GMT+3 [Modules] Checking for host updates.
8/31/2025, 10:17:10 PM GMT+3 [Modules] Host is up to date.
8/31/2025, 10:17:10 PM GMT+3 [Modules] Checking for module updates at https://discord.com/api/modules/stable/versions.json
8/31/2025, 10:17:10 PM GMT+3 [Modules] No module updates available.
9/1/2025, 2:52:33 PM GMT+3 [Modules] Modules initializing
9/1/2025, 2:52:33 PM GMT+3 [Modules] Distribution: remote
9/1/2025, 2:52:33 PM GMT+3 [Modules] Host updates: enabled
9/1/2025, 2:52:33 PM GMT+3 [Modules] Module updates: enabled
9/1/2025, 2:52:33 PM GMT+3 [Modules] Module install path: /home/dmtr/.config/discord/0.0.107/modules
9/1/2025, 2:52:33 PM GMT+3 [Modules] Module installed file path: /home/dmtr/.config/discord/0.0.107/modules/installed.json
9/1/2025, 2:52:33 PM GMT+3 [Modules] Module download path: /home/dmtr/.config/discord/0.0.107/modules/pending
9/1/2025, 2:52:34 PM GMT+3 [Modules] No updates to install
9/1/2025, 2:52:34 PM GMT+3 [Modules] Checking for host updates.
9/1/2025, 2:52:34 PM GMT+3 [Modules] Host is up to date.
9/1/2025, 2:52:34 PM GMT+3 [Modules] Checking for module updates at https://discord.com/api/modules/stable/versions.json
9/1/2025, 2:52:34 PM GMT+3 [Modules] No module updates available.
9/1/2025, 2:52:47 PM GMT+3 [Modules] Checking for host updates.
9/1/2025, 2:52:47 PM GMT+3 [Modules] Host is up to date.
9/1/2025, 2:52:47 PM GMT+3 [Modules] Checking for module updates at https://discord.com/api/modules/stable/versions.json
9/1/2025, 2:52:47 PM GMT+3 [Modules] No module updates available.
9/1/2025, 9:35:08 PM GMT+3 [Modules] Modules initializing
9/1/2025, 9:35:08 PM GMT+3 [Modules] Distribution: remote
9/1/2025, 9:35:08 PM GMT+3 [Modules] Host updates: enabled
9/1/2025, 9:35:08 PM GMT+3 [Modules] Module updates: enabled
9/1/2025, 9:35:08 PM GMT+3 [Modules] Module install path: /home/dmtr/.config/discord/0.0.107/modules
9/1/2025, 9:35:08 PM GMT+3 [Modules] Module installed file path: /home/dmtr/.config/discord/0.0.107/modules/installed.json
9/1/2025, 9:35:08 PM GMT+3 [Modules] Module download path: /home/dmtr/.config/discord/0.0.107/modules/pending
9/1/2025, 9:35:08 PM GMT+3 [Modules] No updates to install
9/1/2025, 9:35:08 PM GMT+3 [Modules] Checking for host updates.
9/1/2025, 9:35:08 PM GMT+3 [Modules] Host is up to date.
9/1/2025, 9:35:08 PM GMT+3 [Modules] Checking for module updates at https://discord.com/api/modules/stable/versions.json
9/1/2025, 9:35:08 PM GMT+3 [Modules] No module updates available.
9/1/2025, 9:35:19 PM GMT+3 [Modules] Checking for host updates.
9/1/2025, 9:35:19 PM GMT+3 [Modules] Host is up to date.
9/1/2025, 9:35:19 PM GMT+3 [Modules] Checking for module updates at https://discord.com/api/modules/stable/versions.json
9/1/2025, 9:35:19 PM GMT+3 [Modules] No module updates available.
9/2/2025, 6:56:56 PM GMT+3 [Modules] Modules initializing
9/2/2025, 6:56:56 PM GMT+3 [Modules] Distribution: remote
9/2/2025, 6:56:56 PM GMT+3 [Modules] Host updates: enabled
9/2/2025, 6:56:56 PM GMT+3 [Modules] Module updates: enabled
9/2/2025, 6:56:56 PM GMT+3 [Modules] Module install path: /home/dmtr/.config/discord/0.0.107/modules
9/2/2025, 6:56:56 PM GMT+3 [Modules] Module installed file path: /home/dmtr/.config/discord/0.0.107/modules/installed.json
9/2/2025, 6:56:56 PM GMT+3 [Modules] Module download path: /home/dmtr/.config/discord/0.0.107/modules/pending
9/2/2025, 6:56:56 PM GMT+3 [Modules] No updates to install
9/2/2025, 6:56:56 PM GMT+3 [Modules] Checking for host updates.
9/2/2025, 6:56:57 PM GMT+3 [Modules] Host is up to date.
9/2/2025, 6:56:57 PM GMT+3 [Modules] Checking for module updates at https://discord.com/api/modules/stable/versions.json
9/2/2025, 6:56:57 PM GMT+3 [Modules] No module updates available.
9/2/2025, 6:57:06 PM GMT+3 [Modules] Checking for host updates.
9/2/2025, 6:57:06 PM GMT+3 [Modules] Host is up to date.
9/2/2025, 6:57:06 PM GMT+3 [Modules] Checking for module updates at https://discord.com/api/modules/stable/versions.json
9/2/2025, 6:57:06 PM GMT+3 [Modules] No module updates available.
9/2/2025, 7:57:08 PM GMT+3 [Modules] Checking for host updates.
9/2/2025, 7:57:08 PM GMT+3 [Modules] Host is up to date.
9/2/2025, 7:57:08 PM GMT+3 [Modules] Checking for module updates at https://discord.com/api/modules/stable/versions.json
9/2/2025, 7:57:08 PM GMT+3 [Modules] No module updates available.
9/2/2025, 8:57:08 PM GMT+3 [Modules] Checking for host updates.
9/2/2025, 8:57:08 PM GMT+3 [Modules] Host is up to date.
9/2/2025, 8:57:08 PM GMT+3 [Modules] Checking for module updates at https://discord.com/api/modules/stable/versions.json
9/2/2025, 8:57:08 PM GMT+3 [Modules] No module updates available.
9/3/2025, 8:53:28 PM GMT+3 [Modules] Modules initializing
9/3/2025, 8:53:28 PM GMT+3 [Modules] Distribution: remote
9/3/2025, 8:53:28 PM GMT+3 [Modules] Host updates: enabled
9/3/2025, 8:53:28 PM GMT+3 [Modules] Module updates: enabled
9/3/2025, 8:53:28 PM GMT+3 [Modules] Module install path: /home/dmtr/.config/discord/0.0.107/modules
9/3/2025, 8:53:28 PM GMT+3 [Modules] Module installed file path: /home/dmtr/.config/discord/0.0.107/modules/installed.json
9/3/2025, 8:53:28 PM GMT+3 [Modules] Module download path: /home/dmtr/.config/discord/0.0.107/modules/pending
9/3/2025, 8:53:29 PM GMT+3 [Modules] No updates to install
9/3/2025, 8:53:29 PM GMT+3 [Modules] Checking for host updates.
9/3/2025, 8:53:29 PM GMT+3 [Modules] Host update is available. Manual update required!
9/3/2025, 8:54:21 PM GMT+3 [Modules] Modules initializing
9/3/2025, 8:54:21 PM GMT+3 [Modules] Distribution: remote
9/3/2025, 8:54:21 PM GMT+3 [Modules] Host updates: enabled
9/3/2025, 8:54:21 PM GMT+3 [Modules] Module updates: enabled
9/3/2025, 8:54:21 PM GMT+3 [Modules] Module install path: /home/dmtr/.config/discord/0.0.108/modules
9/3/2025, 8:54:21 PM GMT+3 [Modules] Module installed file path: /home/dmtr/.config/discord/0.0.108/modules/installed.json
9/3/2025, 8:54:21 PM GMT+3 [Modules] Module download path: /home/dmtr/.config/discord/0.0.108/modules/pending
9/3/2025, 8:54:21 PM GMT+3 [Modules] Bootstrapping...
9/3/2025, 8:54:21 PM GMT+3 [Modules] Installing discord_desktop_core@0 from /opt/discord/resources/bootstrap/discord_desktop_core.zip
9/3/2025, 8:54:21 PM GMT+3 [Modules] Failed installing discord_desktop_core@0: Error: ENOENT: no such file or directory, open '/opt/discord/resources/bootstrap/discord_desktop_core.zip'
9/3/2025, 8:54:21 PM GMT+3 [Modules] Installing discord_erlpack@0 from /opt/discord/resources/bootstrap/discord_erlpack.zip
9/3/2025, 8:54:21 PM GMT+3 [Modules] Failed installing discord_erlpack@0: Error: ENOENT: no such file or directory, open '/opt/discord/resources/bootstrap/discord_erlpack.zip'
9/3/2025, 8:54:21 PM GMT+3 [Modules] Installing discord_spellcheck@0 from /opt/discord/resources/bootstrap/discord_spellcheck.zip
9/3/2025, 8:54:21 PM GMT+3 [Modules] Failed installing discord_spellcheck@0: Error: ENOENT: no such file or directory, open '/opt/discord/resources/bootstrap/discord_spellcheck.zip'
9/3/2025, 8:54:21 PM GMT+3 [Modules] Installing discord_utils@0 from /opt/discord/resources/bootstrap/discord_utils.zip
9/3/2025, 8:54:21 PM GMT+3 [Modules] Failed installing discord_utils@0: Error: ENOENT: no such file or directory, open '/opt/discord/resources/bootstrap/discord_utils.zip'
9/3/2025, 8:54:21 PM GMT+3 [Modules] Installing discord_voice@0 from /opt/discord/resources/bootstrap/discord_voice.zip
9/3/2025, 8:54:22 PM GMT+3 [Modules] Failed installing discord_voice@0: Error: ENOENT: no such file or directory, open '/opt/discord/resources/bootstrap/discord_voice.zip'
9/3/2025, 8:54:22 PM GMT+3 [Modules] Installing discord_zstd@0 from /opt/discord/resources/bootstrap/discord_zstd.zip
9/3/2025, 8:54:22 PM GMT+3 [Modules] Failed installing discord_zstd@0: Error: ENOENT: no such file or directory, open '/opt/discord/resources/bootstrap/discord_zstd.zip'
9/3/2025, 8:54:22 PM GMT+3 [Modules] Finished module installations. [success: 0] [failure: 6]
9/3/2025, 8:54:22 PM GMT+3 [Modules] Checking for host updates.
9/3/2025, 8:54:22 PM GMT+3 [Modules] Host is up to date.
9/3/2025, 8:54:22 PM GMT+3 [Modules] Checking for module updates at https://discord.com/api/modules/stable/versions.json
9/3/2025, 8:54:22 PM GMT+3 [Modules] Module update available: discord_desktop_core@1 [installed: 0]
9/3/2025, 8:54:22 PM GMT+3 [Modules] Module update available: discord_erlpack@1 [installed: 0]
9/3/2025, 8:54:22 PM GMT+3 [Modules] Module update available: discord_spellcheck@1 [installed: 0]
9/3/2025, 8:54:22 PM GMT+3 [Modules] Module update available: discord_utils@1 [installed: 0]
9/3/2025, 8:54:22 PM GMT+3 [Modules] Module update available: discord_voice@1 [installed: 0]
9/3/2025, 8:54:22 PM GMT+3 [Modules] Module update available: discord_zstd@1 [installed: 0]
9/3/2025, 8:54:22 PM GMT+3 [Modules] Fetching discord_desktop_core@1 from https://discord.com/api/modules/stable/discord_desktop_core/1
9/3/2025, 8:54:22 PM GMT+3 [Modules] Streaming discord_desktop_core@1 to /home/dmtr/.config/discord/0.0.108/modules/pending/discord_desktop_core-1.zip
9/3/2025, 8:54:22 PM GMT+3 [Modules] Streaming discord_desktop_core@1 to /home/dmtr/.config/discord/0.0.108/modules/pending/discord_desktop_core-1.zip: 1%
9/3/2025, 8:54:22 PM GMT+3 [Modules] Streaming discord_desktop_core@1 to /home/dmtr/.config/discord/0.0.108/modules/pending/discord_desktop_core-1.zip: 2%
9/3/2025, 8:54:22 PM GMT+3 [Modules] Streaming discord_desktop_core@1 to /home/dmtr/.config/discord/0.0.108/modules/pending/discord_desktop_core-1.zip: 3%
9/3/2025, 8:54:22 PM GMT+3 [Modules] Streaming discord_desktop_core@1 to /home/dmtr/.config/discord/0.0.108/modules/pending/discord_desktop_core-1.zip: 5%
9/3/2025, 8:54:22 PM GMT+3 [Modules] Streaming discord_desktop_core@1 to /home/dmtr/.config/discord/0.0.108/modules/pending/discord_desktop_core-1.zip: 7%
9/3/2025, 8:54:22 PM GMT+3 [Modules] Streaming discord_desktop_core@1 to /home/dmtr/.config/discord/0.0.108/modules/pending/discord_desktop_core-1.zip: 8%
9/3/2025, 8:54:22 PM GMT+3 [Modules] Streaming discord_desktop_core@1 to /home/dmtr/.config/discord/0.0.108/modules/pending/discord_desktop_core-1.zip: 9%
9/3/2025, 8:54:22 PM GMT+3 [Modules] Streaming discord_desktop_core@1 to /home/dmtr/.config/discord/0.0.108/modules/pending/discord_desktop_core-1.zip: 11%
9/3/2025, 8:54:22 PM GMT+3 [Modules] Streaming discord_desktop_core@1 to /home/dmtr/.config/discord/0.0.108/modules/pending/discord_desktop_core-1.zip: 13%
9/3/2025, 8:54:22 PM GMT+3 [Modules] Streaming discord_desktop_core@1 to /home/dmtr/.config/discord/0.0.108/modules/pending/discord_desktop_core-1.zip: 14%
9/3/2025, 8:54:22 PM GMT+3 [Modules] Streaming discord_desktop_core@1 to /home/dmtr/.config/discord/0.0.108/modules/pending/discord_desktop_core-1.zip: 15%
9/3/2025, 8:54:22 PM GMT+3 [Modules] Streaming discord_desktop_core@1 to /home/dmtr/.config/discord/0.0.108/modules/pending/discord_desktop_core-1.zip: 16%
9/3/2025, 8:54:22 PM GMT+3 [Modules] Streaming discord_desktop_core@1 to /home/dmtr/.config/discord/0.0.108/modules/pending/discord_desktop_core-1.zip: 17%
9/3/2025, 8:54:22 PM GMT+3 [Modules] Streaming discord_desktop_core@1 to /home/dmtr/.config/discord/0.0.108/modules/pending/discord_desktop_core-1.zip: 18%
9/3/2025, 8:54:22 PM GMT+3 [Modules] Streaming discord_desktop_core@1 to /home/dmtr/.config/discord/0.0.108/modules/pending/discord_desktop_core-1.zip: 19%
9/3/2025, 8:54:22 PM GMT+3 [Modules] Streaming discord_desktop_core@1 to /home/dmtr/.config/discord/0.0.108/modules/pending/discord_desktop_core-1.zip: 21%
9/3/2025, 8:54:22 PM GMT+3 [Modules] Streaming discord_desktop_core@1 to /home/dmtr/.config/discord/0.0.108/modules/pending/discord_desktop_core-1.zip: 23%
9/3/2025, 8:54:22 PM GMT+3 [Modules] Streaming discord_desktop_core@1 to /home/dmtr/.config/discord/0.0.108/modules/pending/discord_desktop_core-1.zip: 25%
9/3/2025, 8:54:22 PM GMT+3 [Modules] Streaming discord_desktop_core@1 to /home/dmtr/.config/discord/0.0.108/modules/pending/discord_desktop_core-1.zip: 26%
9/3/2025, 8:54:22 PM GMT+3 [Modules] Streaming discord_desktop_core@1 to /home/dmtr/.config/discord/0.0.108/modules/pending/discord_desktop_core-1.zip: 30%
9/3/2025, 8:54:22 PM GMT+3 [Modules] Streaming discord_desktop_core@1 to /home/dmtr/.config/discord/0.0.108/modules/pending/discord_desktop_core-1.zip: 31%
9/3/2025, 8:54:22 PM GMT+3 [Modules] Streaming discord_desktop_core@1 to /home/dmtr/.config/discord/0.0.108/modules/pending/discord_desktop_core-1.zip: 33%
9/3/2025, 8:54:22 PM GMT+3 [Modules] Streaming discord_desktop_core@1 to /home/dmtr/.config/discord/0.0.108/modules/pending/discord_desktop_core-1.zip: 36%
9/3/2025, 8:54:22 PM GMT+3 [Modules] Streaming discord_desktop_core@1 to /home/dmtr/.config/discord/0.0.108/modules/pending/discord_desktop_core-1.zip: 37%
9/3/2025, 8:54:22 PM GMT+3 [Modules] Streaming discord_desktop_core@1 to /home/dmtr/.config/discord/0.0.108/modules/pending/discord_desktop_core-1.zip: 39%
9/3/2025, 8:54:22 PM GMT+3 [Modules] Streaming discord_desktop_core@1 to /home/dmtr/.config/discord/0.0.108/modules/pending/discord_desktop_core-1.zip: 41%
9/3/2025, 8:54:22 PM GMT+3 [Modules] Streaming discord_desktop_core@1 to /home/dmtr/.config/discord/0.0.108/modules/pending/discord_desktop_core-1.zip: 44%
9/3/2025, 8:54:22 PM GMT+3 [Modules] Streaming discord_desktop_core@1 to /home/dmtr/.config/discord/0.0.108/modules/pending/discord_desktop_core-1.zip: 50%
9/3/2025, 8:54:22 PM GMT+3 [Modules] Streaming discord_desktop_core@1 to /home/dmtr/.config/discord/0.0.108/modules/pending/discord_desktop_core-1.zip: 52%
9/3/2025, 8:54:22 PM GMT+3 [Modules] Streaming discord_desktop_core@1 to /home/dmtr/.config/discord/0.0.108/modules/pending/discord_desktop_core-1.zip: 57%
9/3/2025, 8:54:22 PM GMT+3 [Modules] Streaming discord_desktop_core@1 to /home/dmtr/.config/discord/0.0.108/modules/pending/discord_desktop_core-1.zip: 59%
9/3/2025, 8:54:22 PM GMT+3 [Modules] Streaming discord_desktop_core@1 to /home/dmtr/.config/discord/0.0.108/modules/pending/discord_desktop_core-1.zip: 62%
9/3/2025, 8:54:22 PM GMT+3 [Modules] Streaming discord_desktop_core@1 to /home/dmtr/.config/discord/0.0.108/modules/pending/discord_desktop_core-1.zip: 65%
9/3/2025, 8:54:22 PM GMT+3 [Modules] Streaming discord_desktop_core@1 to /home/dmtr/.config/discord/0.0.108/modules/pending/discord_desktop_core-1.zip: 68%
9/3/2025, 8:54:22 PM GMT+3 [Modules] Streaming discord_desktop_core@1 to /home/dmtr/.config/discord/0.0.108/modules/pending/discord_desktop_core-1.zip: 70%
9/3/2025, 8:54:22 PM GMT+3 [Modules] Streaming discord_desktop_core@1 to /home/dmtr/.config/discord/0.0.108/modules/pending/discord_desktop_core-1.zip: 71%
9/3/2025, 8:54:22 PM GMT+3 [Modules] Streaming discord_desktop_core@1 to /home/dmtr/.config/discord/0.0.108/modules/pending/discord_desktop_core-1.zip: 72%
9/3/2025, 8:54:22 PM GMT+3 [Modules] Streaming discord_desktop_core@1 to /home/dmtr/.config/discord/0.0.108/modules/pending/discord_desktop_core-1.zip: 82%
9/3/2025, 8:54:22 PM GMT+3 [Modules] Streaming discord_desktop_core@1 to /home/dmtr/.config/discord/0.0.108/modules/pending/discord_desktop_core-1.zip: 87%
9/3/2025, 8:54:22 PM GMT+3 [Modules] Streaming discord_desktop_core@1 to /home/dmtr/.config/discord/0.0.108/modules/pending/discord_desktop_core-1.zip: 89%
9/3/2025, 8:54:22 PM GMT+3 [Modules] Streaming discord_desktop_core@1 to /home/dmtr/.config/discord/0.0.108/modules/pending/discord_desktop_core-1.zip: 90%
9/3/2025, 8:54:22 PM GMT+3 [Modules] Streaming discord_desktop_core@1 to /home/dmtr/.config/discord/0.0.108/modules/pending/discord_desktop_core-1.zip: 100%
9/3/2025, 8:54:22 PM GMT+3 [Modules] Fetching discord_erlpack@1 from https://discord.com/api/modules/stable/discord_erlpack/1
9/3/2025, 8:54:22 PM GMT+3 [Modules] Streaming discord_erlpack@1 to /home/dmtr/.config/discord/0.0.108/modules/pending/discord_erlpack-1.zip
9/3/2025, 8:54:23 PM GMT+3 [Modules] Streaming discord_erlpack@1 to /home/dmtr/.config/discord/0.0.108/modules/pending/discord_erlpack-1.zip: 1%
9/3/2025, 8:54:23 PM GMT+3 [Modules] Streaming discord_erlpack@1 to /home/dmtr/.config/discord/0.0.108/modules/pending/discord_erlpack-1.zip: 3%
9/3/2025, 8:54:23 PM GMT+3 [Modules] Streaming discord_erlpack@1 to /home/dmtr/.config/discord/0.0.108/modules/pending/discord_erlpack-1.zip: 6%
9/3/2025, 8:54:23 PM GMT+3 [Modules] Streaming discord_erlpack@1 to /home/dmtr/.config/discord/0.0.108/modules/pending/discord_erlpack-1.zip: 8%
9/3/2025, 8:54:23 PM GMT+3 [Modules] Streaming discord_erlpack@1 to /home/dmtr/.config/discord/0.0.108/modules/pending/discord_erlpack-1.zip: 11%
9/3/2025, 8:54:23 PM GMT+3 [Modules] Streaming discord_erlpack@1 to /home/dmtr/.config/discord/0.0.108/modules/pending/discord_erlpack-1.zip: 17%
9/3/2025, 8:54:23 PM GMT+3 [Modules] Streaming discord_erlpack@1 to /home/dmtr/.config/discord/0.0.108/modules/pending/discord_erlpack-1.zip: 22%
9/3/2025, 8:54:23 PM GMT+3 [Modules] Streaming discord_erlpack@1 to /home/dmtr/.config/discord/0.0.108/modules/pending/discord_erlpack-1.zip: 34%
9/3/2025, 8:54:23 PM GMT+3 [Modules] Streaming discord_erlpack@1 to /home/dmtr/.config/discord/0.0.108/modules/pending/discord_erlpack-1.zip: 54%
9/3/2025, 8:54:23 PM GMT+3 [Modules] Streaming discord_erlpack@1 to /home/dmtr/.config/discord/0.0.108/modules/pending/discord_erlpack-1.zip: 55%
9/3/2025, 8:54:23 PM GMT+3 [Modules] Streaming discord_erlpack@1 to /home/dmtr/.config/discord/0.0.108/modules/pending/discord_erlpack-1.zip: 58%
9/3/2025, 8:54:23 PM GMT+3 [Modules] Streaming discord_erlpack@1 to /home/dmtr/.config/discord/0.0.108/modules/pending/discord_erlpack-1.zip: 64%
9/3/2025, 8:54:23 PM GMT+3 [Modules] Streaming discord_erlpack@1 to /home/dmtr/.config/discord/0.0.108/modules/pending/discord_erlpack-1.zip: 92%
9/3/2025, 8:54:23 PM GMT+3 [Modules] Streaming discord_erlpack@1 to /home/dmtr/.config/discord/0.0.108/modules/pending/discord_erlpack-1.zip: 100%
9/3/2025, 8:54:23 PM GMT+3 [Modules] Fetching discord_spellcheck@1 from https://discord.com/api/modules/stable/discord_spellcheck/1
9/3/2025, 8:54:23 PM GMT+3 [Modules] Streaming discord_spellcheck@1 to /home/dmtr/.config/discord/0.0.108/modules/pending/discord_spellcheck-1.zip
9/3/2025, 8:54:23 PM GMT+3 [Modules] Streaming discord_spellcheck@1 to /home/dmtr/.config/discord/0.0.108/modules/pending/discord_spellcheck-1.zip: 1%
9/3/2025, 8:54:23 PM GMT+3 [Modules] Streaming discord_spellcheck@1 to /home/dmtr/.config/discord/0.0.108/modules/pending/discord_spellcheck-1.zip: 2%
9/3/2025, 8:54:23 PM GMT+3 [Modules] Streaming discord_spellcheck@1 to /home/dmtr/.config/discord/0.0.108/modules/pending/discord_spellcheck-1.zip: 3%
9/3/2025, 8:54:23 PM GMT+3 [Modules] Streaming discord_spellcheck@1 to /home/dmtr/.config/discord/0.0.108/modules/pending/discord_spellcheck-1.zip: 4%
9/3/2025, 8:54:23 PM GMT+3 [Modules] Streaming discord_spellcheck@1 to /home/dmtr/.config/discord/0.0.108/modules/pending/discord_spellcheck-1.zip: 5%
9/3/2025, 8:54:23 PM GMT+3 [Modules] Streaming discord_spellcheck@1 to /home/dmtr/.config/discord/0.0.108/modules/pending/discord_spellcheck-1.zip: 6%
9/3/2025, 8:54:23 PM GMT+3 [Modules] Streaming discord_spellcheck@1 to /home/dmtr/.config/discord/0.0.108/modules/pending/discord_spellcheck-1.zip: 7%
9/3/2025, 8:54:23 PM GMT+3 [Modules] Streaming discord_spellcheck@1 to /home/dmtr/.config/discord/0.0.108/modules/pending/discord_spellcheck-1.zip: 8%
9/3/2025, 8:54:23 PM GMT+3 [Modules] Streaming discord_spellcheck@1 to /home/dmtr/.config/discord/0.0.108/modules/pending/discord_spellcheck-1.zip: 9%
9/3/2025, 8:54:23 PM GMT+3 [Modules] Streaming discord_spellcheck@1 to /home/dmtr/.config/discord/0.0.108/modules/pending/discord_spellcheck-1.zip: 10%
9/3/2025, 8:54:23 PM GMT+3 [Modules] Streaming discord_spellcheck@1 to /home/dmtr/.config/discord/0.0.108/modules/pending/discord_spellcheck-1.zip: 11%
9/3/2025, 8:54:23 PM GMT+3 [Modules] Streaming discord_spellcheck@1 to /home/dmtr/.config/discord/0.0.108/modules/pending/discord_spellcheck-1.zip: 15%
9/3/2025, 8:54:23 PM GMT+3 [Modules] Streaming discord_spellcheck@1 to /home/dmtr/.config/discord/0.0.108/modules/pending/discord_spellcheck-1.zip: 16%
9/3/2025, 8:54:23 PM GMT+3 [Modules] Streaming discord_spellcheck@1 to /home/dmtr/.config/discord/0.0.108/modules/pending/discord_spellcheck-1.zip: 17%
9/3/2025, 8:54:23 PM GMT+3 [Modules] Streaming discord_spellcheck@1 to /home/dmtr/.config/discord/0.0.108/modules/pending/discord_spellcheck-1.zip: 18%
9/3/2025, 8:54:23 PM GMT+3 [Modules] Streaming discord_spellcheck@1 to /home/dmtr/.config/discord/0.0.108/modules/pending/discord_spellcheck-1.zip: 19%
9/3/2025, 8:54:23 PM GMT+3 [Modules] Streaming discord_spellcheck@1 to /home/dmtr/.config/discord/0.0.108/modules/pending/discord_spellcheck-1.zip: 20%
9/3/2025, 8:54:23 PM GMT+3 [Modules] Streaming discord_spellcheck@1 to /home/dmtr/.config/discord/0.0.108/modules/pending/discord_spellcheck-1.zip: 29%
9/3/2025, 8:54:23 PM GMT+3 [Modules] Streaming discord_spellcheck@1 to /home/dmtr/.config/discord/0.0.108/modules/pending/discord_spellcheck-1.zip: 30%
9/3/2025, 8:54:23 PM GMT+3 [Modules] Streaming discord_spellcheck@1 to /home/dmtr/.config/discord/0.0.108/modules/pending/discord_spellcheck-1.zip: 32%
9/3/2025, 8:54:23 PM GMT+3 [Modules] Streaming discord_spellcheck@1 to /home/dmtr/.config/discord/0.0.108/modules/pending/discord_spellcheck-1.zip: 36%
9/3/2025, 8:54:23 PM GMT+3 [Modules] Streaming discord_spellcheck@1 to /home/dmtr/.config/discord/0.0.108/modules/pending/discord_spellcheck-1.zip: 37%
9/3/2025, 8:54:23 PM GMT+3 [Modules] Streaming discord_spellcheck@1 to /home/dmtr/.config/discord/0.0.108/modules/pending/discord_spellcheck-1.zip: 38%
9/3/2025, 8:54:23 PM GMT+3 [Modules] Streaming discord_spellcheck@1 to /home/dmtr/.config/discord/0.0.108/modules/pending/discord_spellcheck-1.zip: 39%
9/3/2025, 8:54:23 PM GMT+3 [Modules] Streaming discord_spellcheck@1 to /home/dmtr/.config/discord/0.0.108/modules/pending/discord_spellcheck-1.zip: 41%
9/3/2025, 8:54:23 PM GMT+3 [Modules] Streaming discord_spellcheck@1 to /home/dmtr/.config/discord/0.0.108/modules/pending/discord_spellcheck-1.zip: 42%
9/3/2025, 8:54:23 PM GMT+3 [Modules] Streaming discord_spellcheck@1 to /home/dmtr/.config/discord/0.0.108/modules/pending/discord_spellcheck-1.zip: 43%
9/3/2025, 8:54:23 PM GMT+3 [Modules] Streaming discord_spellcheck@1 to /home/dmtr/.config/discord/0.0.108/modules/pending/discord_spellcheck-1.zip: 45%
9/3/2025, 8:54:23 PM GMT+3 [Modules] Streaming discord_spellcheck@1 to /home/dmtr/.config/discord/0.0.108/modules/pending/discord_spellcheck-1.zip: 46%
9/3/2025, 8:54:23 PM GMT+3 [Modules] Streaming discord_spellcheck@1 to /home/dmtr/.config/discord/0.0.108/modules/pending/discord_spellcheck-1.zip: 47%
9/3/2025, 8:54:23 PM GMT+3 [Modules] Streaming discord_spellcheck@1 to /home/dmtr/.config/discord/0.0.108/modules/pending/discord_spellcheck-1.zip: 48%
9/3/2025, 8:54:23 PM GMT+3 [Modules] Streaming discord_spellcheck@1 to /home/dmtr/.config/discord/0.0.108/modules/pending/discord_spellcheck-1.zip: 49%
9/3/2025, 8:54:23 PM GMT+3 [Modules] Streaming discord_spellcheck@1 to /home/dmtr/.config/discord/0.0.108/modules/pending/discord_spellcheck-1.zip: 50%
9/3/2025, 8:54:23 PM GMT+3 [Modules] Streaming discord_spellcheck@1 to /home/dmtr/.config/discord/0.0.108/modules/pending/discord_spellcheck-1.zip: 51%
9/3/2025, 8:54:23 PM GMT+3 [Modules] Streaming discord_spellcheck@1 to /home/dmtr/.config/discord/0.0.108/modules/pending/discord_spellcheck-1.zip: 52%
9/3/2025, 8:54:23 PM GMT+3 [Modules] Streaming discord_spellcheck@1 to /home/dmtr/.config/discord/0.0.108/modules/pending/discord_spellcheck-1.zip: 53%
9/3/2025, 8:54:23 PM GMT+3 [Modules] Streaming discord_spellcheck@1 to /home/dmtr/.config/discord/0.0.108/modules/pending/discord_spellcheck-1.zip: 54%
9/3/2025, 8:54:23 PM GMT+3 [Modules] Streaming discord_spellcheck@1 to /home/dmtr/.config/discord/0.0.108/modules/pending/discord_spellcheck-1.zip: 55%
9/3/2025, 8:54:23 PM GMT+3 [Modules] Streaming discord_spellcheck@1 to /home/dmtr/.config/discord/0.0.108/modules/pending/discord_spellcheck-1.zip: 59%
9/3/2025, 8:54:23 PM GMT+3 [Modules] Streaming discord_spellcheck@1 to /home/dmtr/.config/discord/0.0.108/modules/pending/discord_spellcheck-1.zip: 60%
9/3/2025, 8:54:23 PM GMT+3 [Modules] Streaming discord_spellcheck@1 to /home/dmtr/.config/discord/0.0.108/modules/pending/discord_spellcheck-1.zip: 61%
9/3/2025, 8:54:23 PM GMT+3 [Modules] Streaming discord_spellcheck@1 to /home/dmtr/.config/discord/0.0.108/modules/pending/discord_spellcheck-1.zip: 62%
9/3/2025, 8:54:23 PM GMT+3 [Modules] Streaming discord_spellcheck@1 to /home/dmtr/.config/discord/0.0.108/modules/pending/discord_spellcheck-1.zip: 64%
9/3/2025, 8:54:23 PM GMT+3 [Modules] Streaming discord_spellcheck@1 to /home/dmtr/.config/discord/0.0.108/modules/pending/discord_spellcheck-1.zip: 66%
9/3/2025, 8:54:23 PM GMT+3 [Modules] Streaming discord_spellcheck@1 to /home/dmtr/.config/discord/0.0.108/modules/pending/discord_spellcheck-1.zip: 67%
9/3/2025, 8:54:23 PM GMT+3 [Modules] Streaming discord_spellcheck@1 to /home/dmtr/.config/discord/0.0.108/modules/pending/discord_spellcheck-1.zip: 68%
9/3/2025, 8:54:23 PM GMT+3 [Modules] Streaming discord_spellcheck@1 to /home/dmtr/.config/discord/0.0.108/modules/pending/discord_spellcheck-1.zip: 69%
9/3/2025, 8:54:23 PM GMT+3 [Modules] Streaming discord_spellcheck@1 to /home/dmtr/.config/discord/0.0.108/modules/pending/discord_spellcheck-1.zip: 70%
9/3/2025, 8:54:23 PM GMT+3 [Modules] Streaming discord_spellcheck@1 to /home/dmtr/.config/discord/0.0.108/modules/pending/discord_spellcheck-1.zip: 71%
9/3/2025, 8:54:23 PM GMT+3 [Modules] Streaming discord_spellcheck@1 to /home/dmtr/.config/discord/0.0.108/modules/pending/discord_spellcheck-1.zip: 72%
9/3/2025, 8:54:23 PM GMT+3 [Modules] Streaming discord_spellcheck@1 to /home/dmtr/.config/discord/0.0.108/modules/pending/discord_spellcheck-1.zip: 74%
9/3/2025, 8:54:23 PM GMT+3 [Modules] Streaming discord_spellcheck@1 to /home/dmtr/.config/discord/0.0.108/modules/pending/discord_spellcheck-1.zip: 75%
9/3/2025, 8:54:23 PM GMT+3 [Modules] Streaming discord_spellcheck@1 to /home/dmtr/.config/discord/0.0.108/modules/pending/discord_spellcheck-1.zip: 77%
9/3/2025, 8:54:23 PM GMT+3 [Modules] Streaming discord_spellcheck@1 to /home/dmtr/.config/discord/0.0.108/modules/pending/discord_spellcheck-1.zip: 78%
9/3/2025, 8:54:23 PM GMT+3 [Modules] Streaming discord_spellcheck@1 to /home/dmtr/.config/discord/0.0.108/modules/pending/discord_spellcheck-1.zip: 80%
9/3/2025, 8:54:23 PM GMT+3 [Modules] Streaming discord_spellcheck@1 to /home/dmtr/.config/discord/0.0.108/modules/pending/discord_spellcheck-1.zip: 81%
9/3/2025, 8:54:23 PM GMT+3 [Modules] Streaming discord_spellcheck@1 to /home/dmtr/.config/discord/0.0.108/modules/pending/discord_spellcheck-1.zip: 82%
9/3/2025, 8:54:24 PM GMT+3 [Modules] Streaming discord_spellcheck@1 to /home/dmtr/.config/discord/0.0.108/modules/pending/discord_spellcheck-1.zip: 83%
9/3/2025, 8:54:24 PM GMT+3 [Modules] Streaming discord_spellcheck@1 to /home/dmtr/.config/discord/0.0.108/modules/pending/discord_spellcheck-1.zip: 84%
9/3/2025, 8:54:24 PM GMT+3 [Modules] Streaming discord_spellcheck@1 to /home/dmtr/.config/discord/0.0.108/modules/pending/discord_spellcheck-1.zip: 85%
9/3/2025, 8:54:24 PM GMT+3 [Modules] Streaming discord_spellcheck@1 to /home/dmtr/.config/discord/0.0.108/modules/pending/discord_spellcheck-1.zip: 86%
9/3/2025, 8:54:24 PM GMT+3 [Modules] Streaming discord_spellcheck@1 to /home/dmtr/.config/discord/0.0.108/modules/pending/discord_spellcheck-1.zip: 87%
9/3/2025, 8:54:24 PM GMT+3 [Modules] Streaming discord_spellcheck@1 to /home/dmtr/.config/discord/0.0.108/modules/pending/discord_spellcheck-1.zip: 88%
9/3/2025, 8:54:24 PM GMT+3 [Modules] Streaming discord_spellcheck@1 to /home/dmtr/.config/discord/0.0.108/modules/pending/discord_spellcheck-1.zip: 89%
9/3/2025, 8:54:24 PM GMT+3 [Modules] Streaming discord_spellcheck@1 to /home/dmtr/.config/discord/0.0.108/modules/pending/discord_spellcheck-1.zip: 91%
9/3/2025, 8:54:24 PM GMT+3 [Modules] Streaming discord_spellcheck@1 to /home/dmtr/.config/discord/0.0.108/modules/pending/discord_spellcheck-1.zip: 92%
9/3/2025, 8:54:24 PM GMT+3 [Modules] Streaming discord_spellcheck@1 to /home/dmtr/.config/discord/0.0.108/modules/pending/discord_spellcheck-1.zip: 95%
9/3/2025, 8:54:24 PM GMT+3 [Modules] Streaming discord_spellcheck@1 to /home/dmtr/.config/discord/0.0.108/modules/pending/discord_spellcheck-1.zip: 100%
9/3/2025, 8:54:24 PM GMT+3 [Modules] Fetching discord_utils@1 from https://discord.com/api/modules/stable/discord_utils/1
9/3/2025, 8:54:24 PM GMT+3 [Modules] Streaming discord_utils@1 to /home/dmtr/.config/discord/0.0.108/modules/pending/discord_utils-1.zip
9/3/2025, 8:54:24 PM GMT+3 [Modules] Streaming discord_utils@1 to /home/dmtr/.config/discord/0.0.108/modules/pending/discord_utils-1.zip: 2%
9/3/2025, 8:54:24 PM GMT+3 [Modules] Streaming discord_utils@1 to /home/dmtr/.config/discord/0.0.108/modules/pending/discord_utils-1.zip: 3%
9/3/2025, 8:54:24 PM GMT+3 [Modules] Streaming discord_utils@1 to /home/dmtr/.config/discord/0.0.108/modules/pending/discord_utils-1.zip: 5%
9/3/2025, 8:54:24 PM GMT+3 [Modules] Streaming discord_utils@1 to /home/dmtr/.config/discord/0.0.108/modules/pending/discord_utils-1.zip: 6%
9/3/2025, 8:54:24 PM GMT+3 [Modules] Streaming discord_utils@1 to /home/dmtr/.config/discord/0.0.108/modules/pending/discord_utils-1.zip: 7%
9/3/2025, 8:54:24 PM GMT+3 [Modules] Streaming discord_utils@1 to /home/dmtr/.config/discord/0.0.108/modules/pending/discord_utils-1.zip: 10%
9/3/2025, 8:54:24 PM GMT+3 [Modules] Streaming discord_utils@1 to /home/dmtr/.config/discord/0.0.108/modules/pending/discord_utils-1.zip: 14%
9/3/2025, 8:54:24 PM GMT+3 [Modules] Streaming discord_utils@1 to /home/dmtr/.config/discord/0.0.108/modules/pending/discord_utils-1.zip: 18%
9/3/2025, 8:54:24 PM GMT+3 [Modules] Streaming discord_utils@1 to /home/dmtr/.config/discord/0.0.108/modules/pending/discord_utils-1.zip: 20%
9/3/2025, 8:54:24 PM GMT+3 [Modules] Streaming discord_utils@1 to /home/dmtr/.config/discord/0.0.108/modules/pending/discord_utils-1.zip: 22%
9/3/2025, 8:54:24 PM GMT+3 [Modules] Streaming discord_utils@1 to /home/dmtr/.config/discord/0.0.108/modules/pending/discord_utils-1.zip: 25%
9/3/2025, 8:54:24 PM GMT+3 [Modules] Streaming discord_utils@1 to /home/dmtr/.config/discord/0.0.108/modules/pending/discord_utils-1.zip: 34%
9/3/2025, 8:54:24 PM GMT+3 [Modules] Streaming discord_utils@1 to /home/dmtr/.config/discord/0.0.108/modules/pending/discord_utils-1.zip: 41%
9/3/2025, 8:54:24 PM GMT+3 [Modules] Streaming discord_utils@1 to /home/dmtr/.config/discord/0.0.108/modules/pending/discord_utils-1.zip: 44%
9/3/2025, 8:54:24 PM GMT+3 [Modules] Streaming discord_utils@1 to /home/dmtr/.config/discord/0.0.108/modules/pending/discord_utils-1.zip: 47%
9/3/2025, 8:54:24 PM GMT+3 [Modules] Streaming discord_utils@1 to /home/dmtr/.config/discord/0.0.108/modules/pending/discord_utils-1.zip: 49%
9/3/2025, 8:54:24 PM GMT+3 [Modules] Streaming discord_utils@1 to /home/dmtr/.config/discord/0.0.108/modules/pending/discord_utils-1.zip: 52%
9/3/2025, 8:54:24 PM GMT+3 [Modules] Streaming discord_utils@1 to /home/dmtr/.config/discord/0.0.108/modules/pending/discord_utils-1.zip: 53%
9/3/2025, 8:54:24 PM GMT+3 [Modules] Streaming discord_utils@1 to /home/dmtr/.config/discord/0.0.108/modules/pending/discord_utils-1.zip: 64%
9/3/2025, 8:54:24 PM GMT+3 [Modules] Streaming discord_utils@1 to /home/dmtr/.config/discord/0.0.108/modules/pending/discord_utils-1.zip: 78%
9/3/2025, 8:54:24 PM GMT+3 [Modules] Streaming discord_utils@1 to /home/dmtr/.config/discord/0.0.108/modules/pending/discord_utils-1.zip: 87%
9/3/2025, 8:54:24 PM GMT+3 [Modules] Streaming discord_utils@1 to /home/dmtr/.config/discord/0.0.108/modules/pending/discord_utils-1.zip: 89%
9/3/2025, 8:54:24 PM GMT+3 [Modules] Streaming discord_utils@1 to /home/dmtr/.config/discord/0.0.108/modules/pending/discord_utils-1.zip: 97%
9/3/2025, 8:54:24 PM GMT+3 [Modules] Streaming discord_utils@1 to /home/dmtr/.config/discord/0.0.108/modules/pending/discord_utils-1.zip: 100%
9/3/2025, 8:54:24 PM GMT+3 [Modules] Fetching discord_voice@1 from https://discord.com/api/modules/stable/discord_voice/1
9/3/2025, 8:54:24 PM GMT+3 [Modules] Streaming discord_voice@1 to /home/dmtr/.config/discord/0.0.108/modules/pending/discord_voice-1.zip
9/3/2025, 8:54:25 PM GMT+3 [Modules] Streaming discord_voice@1 to /home/dmtr/.config/discord/0.0.108/modules/pending/discord_voice-1.zip: 1%
9/3/2025, 8:54:25 PM GMT+3 [Modules] Streaming discord_voice@1 to /home/dmtr/.config/discord/0.0.108/modules/pending/discord_voice-1.zip: 2%
9/3/2025, 8:54:25 PM GMT+3 [Modules] Streaming discord_voice@1 to /home/dmtr/.config/discord/0.0.108/modules/pending/discord_voice-1.zip: 3%
9/3/2025, 8:54:25 PM GMT+3 [Modules] Streaming discord_voice@1 to /home/dmtr/.config/discord/0.0.108/modules/pending/discord_voice-1.zip: 4%
9/3/2025, 8:54:25 PM GMT+3 [Modules] Streaming discord_voice@1 to /home/dmtr/.config/discord/0.0.108/modules/pending/discord_voice-1.zip: 5%
9/3/2025, 8:54:25 PM GMT+3 [Modules] Streaming discord_voice@1 to /home/dmtr/.config/discord/0.0.108/modules/pending/discord_voice-1.zip: 6%
9/3/2025, 8:54:25 PM GMT+3 [Modules] Streaming discord_voice@1 to /home/dmtr/.config/discord/0.0.108/modules/pending/discord_voice-1.zip: 7%
9/3/2025, 8:54:25 PM GMT+3 [Modules] Streaming discord_voice@1 to /home/dmtr/.config/discord/0.0.108/modules/pending/discord_voice-1.zip: 8%
9/3/2025, 8:54:25 PM GMT+3 [Modules] Streaming discord_voice@1 to /home/dmtr/.config/discord/0.0.108/modules/pending/discord_voice-1.zip: 9%
9/3/2025, 8:54:25 PM GMT+3 [Modules] Streaming discord_voice@1 to /home/dmtr/.config/discord/0.0.108/modules/pending/discord_voice-1.zip: 10%
9/3/2025, 8:54:25 PM GMT+3 [Modules] Streaming discord_voice@1 to /home/dmtr/.config/discord/0.0.108/modules/pending/discord_voice-1.zip: 11%
9/3/2025, 8:54:25 PM GMT+3 [Modules] Streaming discord_voice@1 to /home/dmtr/.config/discord/0.0.108/modules/pending/discord_voice-1.zip: 13%
9/3/2025, 8:54:25 PM GMT+3 [Modules] Streaming discord_voice@1 to /home/dmtr/.config/discord/0.0.108/modules/pending/discord_voice-1.zip: 14%
9/3/2025, 8:54:25 PM GMT+3 [Modules] Streaming discord_voice@1 to /home/dmtr/.config/discord/0.0.108/modules/pending/discord_voice-1.zip: 15%
9/3/2025, 8:54:25 PM GMT+3 [Modules] Streaming discord_voice@1 to /home/dmtr/.config/discord/0.0.108/modules/pending/discord_voice-1.zip: 16%
9/3/2025, 8:54:25 PM GMT+3 [Modules] Streaming discord_voice@1 to /home/dmtr/.config/discord/0.0.108/modules/pending/discord_voice-1.zip: 17%
9/3/2025, 8:54:25 PM GMT+3 [Modules] Streaming discord_voice@1 to /home/dmtr/.config/discord/0.0.108/modules/pending/discord_voice-1.zip: 18%
9/3/2025, 8:54:25 PM GMT+3 [Modules] Streaming discord_voice@1 to /home/dmtr/.config/discord/0.0.108/modules/pending/discord_voice-1.zip: 19%
9/3/2025, 8:54:25 PM GMT+3 [Modules] Streaming discord_voice@1 to /home/dmtr/.config/discord/0.0.108/modules/pending/discord_voice-1.zip: 20%
9/3/2025, 8:54:25 PM GMT+3 [Modules] Streaming discord_voice@1 to /home/dmtr/.config/discord/0.0.108/modules/pending/discord_voice-1.zip: 21%
9/3/2025, 8:54:25 PM GMT+3 [Modules] Streaming discord_voice@1 to /home/dmtr/.config/discord/0.0.108/modules/pending/discord_voice-1.zip: 23%
9/3/2025, 8:54:25 PM GMT+3 [Modules] Streaming discord_voice@1 to /home/dmtr/.config/discord/0.0.108/modules/pending/discord_voice-1.zip: 24%
9/3/2025, 8:54:25 PM GMT+3 [Modules] Streaming discord_voice@1 to /home/dmtr/.config/discord/0.0.108/modules/pending/discord_voice-1.zip: 25%
9/3/2025, 8:54:25 PM GMT+3 [Modules] Streaming discord_voice@1 to /home/dmtr/.config/discord/0.0.108/modules/pending/discord_voice-1.zip: 26%
9/3/2025, 8:54:25 PM GMT+3 [Modules] Streaming discord_voice@1 to /home/dmtr/.config/discord/0.0.108/modules/pending/discord_voice-1.zip: 27%
9/3/2025, 8:54:25 PM GMT+3 [Modules] Streaming discord_voice@1 to /home/dmtr/.config/discord/0.0.108/modules/pending/discord_voice-1.zip: 28%
9/3/2025, 8:54:25 PM GMT+3 [Modules] Streaming discord_voice@1 to /home/dmtr/.config/discord/0.0.108/modules/pending/discord_voice-1.zip: 29%
9/3/2025, 8:54:25 PM GMT+3 [Modules] Streaming discord_voice@1 to /home/dmtr/.config/discord/0.0.108/modules/pending/discord_voice-1.zip: 30%
9/3/2025, 8:54:25 PM GMT+3 [Modules] Streaming discord_voice@1 to /home/dmtr/.config/discord/0.0.108/modules/pending/discord_voice-1.zip: 31%
9/3/2025, 8:54:25 PM GMT+3 [Modules] Streaming discord_voice@1 to /home/dmtr/.config/discord/0.0.108/modules/pending/discord_voice-1.zip: 32%
9/3/2025, 8:54:25 PM GMT+3 [Modules] Streaming discord_voice@1 to /home/dmtr/.config/discord/0.0.108/modules/pending/discord_voice-1.zip: 33%
9/3/2025, 8:54:25 PM GMT+3 [Modules] Streaming discord_voice@1 to /home/dmtr/.config/discord/0.0.108/modules/pending/discord_voice-1.zip: 34%
9/3/2025, 8:54:25 PM GMT+3 [Modules] Streaming discord_voice@1 to /home/dmtr/.config/discord/0.0.108/modules/pending/discord_voice-1.zip: 35%
9/3/2025, 8:54:25 PM GMT+3 [Modules] Streaming discord_voice@1 to /home/dmtr/.config/discord/0.0.108/modules/pending/discord_voice-1.zip: 36%
9/3/2025, 8:54:25 PM GMT+3 [Modules] Streaming discord_voice@1 to /home/dmtr/.config/discord/0.0.108/modules/pending/discord_voice-1.zip: 37%
9/3/2025, 8:54:25 PM GMT+3 [Modules] Streaming discord_voice@1 to /home/dmtr/.config/discord/0.0.108/modules/pending/discord_voice-1.zip: 38%
9/3/2025, 8:54:25 PM GMT+3 [Modules] Streaming discord_voice@1 to /home/dmtr/.config/discord/0.0.108/modules/pending/discord_voice-1.zip: 39%
9/3/2025, 8:54:25 PM GMT+3 [Modules] Streaming discord_voice@1 to /home/dmtr/.config/discord/0.0.108/modules/pending/discord_voice-1.zip: 40%
9/3/2025, 8:54:25 PM GMT+3 [Modules] Streaming discord_voice@1 to /home/dmtr/.config/discord/0.0.108/modules/pending/discord_voice-1.zip: 41%
9/3/2025, 8:54:25 PM GMT+3 [Modules] Streaming discord_voice@1 to /home/dmtr/.config/discord/0.0.108/modules/pending/discord_voice-1.zip: 42%
9/3/2025, 8:54:25 PM GMT+3 [Modules] Streaming discord_voice@1 to /home/dmtr/.config/discord/0.0.108/modules/pending/discord_voice-1.zip: 43%
9/3/2025, 8:54:25 PM GMT+3 [Modules] Streaming discord_voice@1 to /home/dmtr/.config/discord/0.0.108/modules/pending/discord_voice-1.zip: 44%
9/3/2025, 8:54:25 PM GMT+3 [Modules] Streaming discord_voice@1 to /home/dmtr/.config/discord/0.0.108/modules/pending/discord_voice-1.zip: 45%
9/3/2025, 8:54:25 PM GMT+3 [Modules] Streaming discord_voice@1 to /home/dmtr/.config/discord/0.0.108/modules/pending/discord_voice-1.zip: 46%
9/3/2025, 8:54:25 PM GMT+3 [Modules] Streaming discord_voice@1 to /home/dmtr/.config/discord/0.0.108/modules/pending/discord_voice-1.zip: 47%
9/3/2025, 8:54:25 PM GMT+3 [Modules] Streaming discord_voice@1 to /home/dmtr/.config/discord/0.0.108/modules/pending/discord_voice-1.zip: 48%
9/3/2025, 8:54:25 PM GMT+3 [Modules] Streaming discord_voice@1 to /home/dmtr/.config/discord/0.0.108/modules/pending/discord_voice-1.zip: 49%
9/3/2025, 8:54:25 PM GMT+3 [Modules] Streaming discord_voice@1 to /home/dmtr/.config/discord/0.0.108/modules/pending/discord_voice-1.zip: 50%
9/3/2025, 8:54:25 PM GMT+3 [Modules] Streaming discord_voice@1 to /home/dmtr/.config/discord/0.0.108/modules/pending/discord_voice-1.zip: 51%
9/3/2025, 8:54:25 PM GMT+3 [Modules] Streaming discord_voice@1 to /home/dmtr/.config/discord/0.0.108/modules/pending/discord_voice-1.zip: 52%
9/3/2025, 8:54:25 PM GMT+3 [Modules] Streaming discord_voice@1 to /home/dmtr/.config/discord/0.0.108/modules/pending/discord_voice-1.zip: 53%
9/3/2025, 8:54:25 PM GMT+3 [Modules] Streaming discord_voice@1 to /home/dmtr/.config/discord/0.0.108/modules/pending/discord_voice-1.zip: 54%
9/3/2025, 8:54:25 PM GMT+3 [Modules] Streaming discord_voice@1 to /home/dmtr/.config/discord/0.0.108/modules/pending/discord_voice-1.zip: 56%
9/3/2025, 8:54:25 PM GMT+3 [Modules] Streaming discord_voice@1 to /home/dmtr/.config/discord/0.0.108/modules/pending/discord_voice-1.zip: 57%
9/3/2025, 8:54:25 PM GMT+3 [Modules] Streaming discord_voice@1 to /home/dmtr/.config/discord/0.0.108/modules/pending/discord_voice-1.zip: 58%
9/3/2025, 8:54:25 PM GMT+3 [Modules] Streaming discord_voice@1 to /home/dmtr/.config/discord/0.0.108/modules/pending/discord_voice-1.zip: 59%
9/3/2025, 8:54:25 PM GMT+3 [Modules] Streaming discord_voice@1 to /home/dmtr/.config/discord/0.0.108/modules/pending/discord_voice-1.zip: 60%
9/3/2025, 8:54:25 PM GMT+3 [Modules] Streaming discord_voice@1 to /home/dmtr/.config/discord/0.0.108/modules/pending/discord_voice-1.zip: 61%
9/3/2025, 8:54:25 PM GMT+3 [Modules] Streaming discord_voice@1 to /home/dmtr/.config/discord/0.0.108/modules/pending/discord_voice-1.zip: 62%
9/3/2025, 8:54:25 PM GMT+3 [Modules] Streaming discord_voice@1 to /home/dmtr/.config/discord/0.0.108/modules/pending/discord_voice-1.zip: 65%
9/3/2025, 8:54:25 PM GMT+3 [Modules] Streaming discord_voice@1 to /home/dmtr/.config/discord/0.0.108/modules/pending/discord_voice-1.zip: 66%
9/3/2025, 8:54:25 PM GMT+3 [Modules] Streaming discord_voice@1 to /home/dmtr/.config/discord/0.0.108/modules/pending/discord_voice-1.zip: 67%
9/3/2025, 8:54:25 PM GMT+3 [Modules] Streaming discord_voice@1 to /home/dmtr/.config/discord/0.0.108/modules/pending/discord_voice-1.zip: 68%
9/3/2025, 8:54:25 PM GMT+3 [Modules] Streaming discord_voice@1 to /home/dmtr/.config/discord/0.0.108/modules/pending/discord_voice-1.zip: 69%
9/3/2025, 8:54:25 PM GMT+3 [Modules] Streaming discord_voice@1 to /home/dmtr/.config/discord/0.0.108/modules/pending/discord_voice-1.zip: 70%
9/3/2025, 8:54:25 PM GMT+3 [Modules] Streaming discord_voice@1 to /home/dmtr/.config/discord/0.0.108/modules/pending/discord_voice-1.zip: 71%
9/3/2025, 8:54:25 PM GMT+3 [Modules] Streaming discord_voice@1 to /home/dmtr/.config/discord/0.0.108/modules/pending/discord_voice-1.zip: 72%
9/3/2025, 8:54:25 PM GMT+3 [Modules] Streaming discord_voice@1 to /home/dmtr/.config/discord/0.0.108/modules/pending/discord_voice-1.zip: 73%
9/3/2025, 8:54:25 PM GMT+3 [Modules] Streaming discord_voice@1 to /home/dmtr/.config/discord/0.0.108/modules/pending/discord_voice-1.zip: 74%
9/3/2025, 8:54:25 PM GMT+3 [Modules] Streaming discord_voice@1 to /home/dmtr/.config/discord/0.0.108/modules/pending/discord_voice-1.zip: 75%
9/3/2025, 8:54:25 PM GMT+3 [Modules] Streaming discord_voice@1 to /home/dmtr/.config/discord/0.0.108/modules/pending/discord_voice-1.zip: 76%
9/3/2025, 8:54:25 PM GMT+3 [Modules] Streaming discord_voice@1 to /home/dmtr/.config/discord/0.0.108/modules/pending/discord_voice-1.zip: 77%
9/3/2025, 8:54:25 PM GMT+3 [Modules] Streaming discord_voice@1 to /home/dmtr/.config/discord/0.0.108/modules/pending/discord_voice-1.zip: 78%
9/3/2025, 8:54:25 PM GMT+3 [Modules] Streaming discord_voice@1 to /home/dmtr/.config/discord/0.0.108/modules/pending/discord_voice-1.zip: 79%
9/3/2025, 8:54:25 PM GMT+3 [Modules] Streaming discord_voice@1 to /home/dmtr/.config/discord/0.0.108/modules/pending/discord_voice-1.zip: 80%
9/3/2025, 8:54:25 PM GMT+3 [Modules] Streaming discord_voice@1 to /home/dmtr/.config/discord/0.0.108/modules/pending/discord_voice-1.zip: 81%
9/3/2025, 8:54:26 PM GMT+3 [Modules] Streaming discord_voice@1 to /home/dmtr/.config/discord/0.0.108/modules/pending/discord_voice-1.zip: 82%
9/3/2025, 8:54:26 PM GMT+3 [Modules] Streaming discord_voice@1 to /home/dmtr/.config/discord/0.0.108/modules/pending/discord_voice-1.zip: 83%
9/3/2025, 8:54:26 PM GMT+3 [Modules] Streaming discord_voice@1 to /home/dmtr/.config/discord/0.0.108/modules/pending/discord_voice-1.zip: 84%
9/3/2025, 8:54:26 PM GMT+3 [Modules] Streaming discord_voice@1 to /home/dmtr/.config/discord/0.0.108/modules/pending/discord_voice-1.zip: 85%
9/3/2025, 8:54:26 PM GMT+3 [Modules] Streaming discord_voice@1 to /home/dmtr/.config/discord/0.0.108/modules/pending/discord_voice-1.zip: 86%
9/3/2025, 8:54:26 PM GMT+3 [Modules] Streaming discord_voice@1 to /home/dmtr/.config/discord/0.0.108/modules/pending/discord_voice-1.zip: 87%
9/3/2025, 8:54:26 PM GMT+3 [Modules] Streaming discord_voice@1 to /home/dmtr/.config/discord/0.0.108/modules/pending/discord_voice-1.zip: 88%
9/3/2025, 8:54:26 PM GMT+3 [Modules] Streaming discord_voice@1 to /home/dmtr/.config/discord/0.0.108/modules/pending/discord_voice-1.zip: 89%
9/3/2025, 8:54:26 PM GMT+3 [Modules] Streaming discord_voice@1 to /home/dmtr/.config/discord/0.0.108/modules/pending/discord_voice-1.zip: 90%
9/3/2025, 8:54:26 PM GMT+3 [Modules] Streaming discord_voice@1 to /home/dmtr/.config/discord/0.0.108/modules/pending/discord_voice-1.zip: 92%
9/3/2025, 8:54:26 PM GMT+3 [Modules] Streaming discord_voice@1 to /home/dmtr/.config/discord/0.0.108/modules/pending/discord_voice-1.zip: 93%
9/3/2025, 8:54:26 PM GMT+3 [Modules] Streaming discord_voice@1 to /home/dmtr/.config/discord/0.0.108/modules/pending/discord_voice-1.zip: 94%
9/3/2025, 8:54:26 PM GMT+3 [Modules] Streaming discord_voice@1 to /home/dmtr/.config/discord/0.0.108/modules/pending/discord_voice-1.zip: 95%
9/3/2025, 8:54:26 PM GMT+3 [Modules] Streaming discord_voice@1 to /home/dmtr/.config/discord/0.0.108/modules/pending/discord_voice-1.zip: 96%
9/3/2025, 8:54:26 PM GMT+3 [Modules] Streaming discord_voice@1 to /home/dmtr/.config/discord/0.0.108/modules/pending/discord_voice-1.zip: 97%
9/3/2025, 8:54:26 PM GMT+3 [Modules] Streaming discord_voice@1 to /home/dmtr/.config/discord/0.0.108/modules/pending/discord_voice-1.zip: 98%
9/3/2025, 8:54:26 PM GMT+3 [Modules] Streaming discord_voice@1 to /home/dmtr/.config/discord/0.0.108/modules/pending/discord_voice-1.zip: 100%
9/3/2025, 8:54:26 PM GMT+3 [Modules] Fetching discord_zstd@1 from https://discord.com/api/modules/stable/discord_zstd/1
9/3/2025, 8:54:26 PM GMT+3 [Modules] Streaming discord_zstd@1 to /home/dmtr/.config/discord/0.0.108/modules/pending/discord_zstd-1.zip
9/3/2025, 8:54:26 PM GMT+3 [Modules] Streaming discord_zstd@1 to /home/dmtr/.config/discord/0.0.108/modules/pending/discord_zstd-1.zip: 10%
9/3/2025, 8:54:26 PM GMT+3 [Modules] Streaming discord_zstd@1 to /home/dmtr/.config/discord/0.0.108/modules/pending/discord_zstd-1.zip: 23%
9/3/2025, 8:54:26 PM GMT+3 [Modules] Streaming discord_zstd@1 to /home/dmtr/.config/discord/0.0.108/modules/pending/discord_zstd-1.zip: 44%
9/3/2025, 8:54:26 PM GMT+3 [Modules] Streaming discord_zstd@1 to /home/dmtr/.config/discord/0.0.108/modules/pending/discord_zstd-1.zip: 62%
9/3/2025, 8:54:26 PM GMT+3 [Modules] Streaming discord_zstd@1 to /home/dmtr/.config/discord/0.0.108/modules/pending/discord_zstd-1.zip: 80%
9/3/2025, 8:54:26 PM GMT+3 [Modules] Streaming discord_zstd@1 to /home/dmtr/.config/discord/0.0.108/modules/pending/discord_zstd-1.zip: 96%
9/3/2025, 8:54:26 PM GMT+3 [Modules] Streaming discord_zstd@1 to /home/dmtr/.config/discord/0.0.108/modules/pending/discord_zstd-1.zip: 100%
9/3/2025, 8:54:26 PM GMT+3 [Modules] Finished module downloads. [success: 6] [failure: 0]
9/3/2025, 8:54:26 PM GMT+3 [Modules] Installing updates...
9/3/2025, 8:54:26 PM GMT+3 [Modules] Installing discord_desktop_core@1 from /home/dmtr/.config/discord/0.0.108/modules/pending/discord_desktop_core-1.zip
9/3/2025, 8:54:26 PM GMT+3 [Modules] Installing discord_erlpack@1 from /home/dmtr/.config/discord/0.0.108/modules/pending/discord_erlpack-1.zip
9/3/2025, 8:54:26 PM GMT+3 [Modules] Installing discord_spellcheck@1 from /home/dmtr/.config/discord/0.0.108/modules/pending/discord_spellcheck-1.zip
9/3/2025, 8:54:28 PM GMT+3 [Modules] Installing discord_utils@1 from /home/dmtr/.config/discord/0.0.108/modules/pending/discord_utils-1.zip
9/3/2025, 8:54:28 PM GMT+3 [Modules] Installing discord_voice@1 from /home/dmtr/.config/discord/0.0.108/modules/pending/discord_voice-1.zip
9/3/2025, 8:54:28 PM GMT+3 [Modules] Installing discord_zstd@1 from /home/dmtr/.config/discord/0.0.108/modules/pending/discord_zstd-1.zip
9/3/2025, 8:54:29 PM GMT+3 [Modules] Finished module installations. [success: 6] [failure: 0]
9/3/2025, 8:54:29 PM GMT+3 [Modules] Checking for host updates.
9/3/2025, 8:54:29 PM GMT+3 [Modules] Host is up to date.
9/3/2025, 8:54:29 PM GMT+3 [Modules] Checking for module updates at https://discord.com/api/modules/stable/versions.json
9/3/2025, 8:54:29 PM GMT+3 [Modules] No module updates available.
9/3/2025, 8:54:31 PM GMT+3 [Modules] Starting to install discord_krisp...
9/3/2025, 8:54:31 PM GMT+3 [Modules] Fetching discord_krisp@1 from https://discord.com/api/modules/stable/discord_krisp/1
9/3/2025, 8:54:31 PM GMT+3 [Modules] Streaming discord_krisp@1 to /home/dmtr/.config/discord/0.0.108/modules/pending/discord_krisp-1.zip
9/3/2025, 8:54:31 PM GMT+3 [Modules] Starting to install discord_game_utils...
9/3/2025, 8:54:32 PM GMT+3 [Modules] Streaming discord_krisp@1 to /home/dmtr/.config/discord/0.0.108/modules/pending/discord_krisp-1.zip: 3%
9/3/2025, 8:54:32 PM GMT+3 [Modules] Streaming discord_krisp@1 to /home/dmtr/.config/discord/0.0.108/modules/pending/discord_krisp-1.zip: 4%
9/3/2025, 8:54:32 PM GMT+3 [Modules] Streaming discord_krisp@1 to /home/dmtr/.config/discord/0.0.108/modules/pending/discord_krisp-1.zip: 5%
9/3/2025, 8:54:32 PM GMT+3 [Modules] Streaming discord_krisp@1 to /home/dmtr/.config/discord/0.0.108/modules/pending/discord_krisp-1.zip: 6%
9/3/2025, 8:54:32 PM GMT+3 [Modules] Streaming discord_krisp@1 to /home/dmtr/.config/discord/0.0.108/modules/pending/discord_krisp-1.zip: 7%
9/3/2025, 8:54:32 PM GMT+3 [Modules] Streaming discord_krisp@1 to /home/dmtr/.config/discord/0.0.108/modules/pending/discord_krisp-1.zip: 8%
9/3/2025, 8:54:32 PM GMT+3 [Modules] Streaming discord_krisp@1 to /home/dmtr/.config/discord/0.0.108/modules/pending/discord_krisp-1.zip: 9%
9/3/2025, 8:54:32 PM GMT+3 [Modules] Streaming discord_krisp@1 to /home/dmtr/.config/discord/0.0.108/modules/pending/discord_krisp-1.zip: 10%
9/3/2025, 8:54:32 PM GMT+3 [Modules] Streaming discord_krisp@1 to /home/dmtr/.config/discord/0.0.108/modules/pending/discord_krisp-1.zip: 11%
9/3/2025, 8:54:32 PM GMT+3 [Modules] Streaming discord_krisp@1 to /home/dmtr/.config/discord/0.0.108/modules/pending/discord_krisp-1.zip: 12%
9/3/2025, 8:54:32 PM GMT+3 [Modules] Streaming discord_krisp@1 to /home/dmtr/.config/discord/0.0.108/modules/pending/discord_krisp-1.zip: 13%
9/3/2025, 8:54:32 PM GMT+3 [Modules] Streaming discord_krisp@1 to /home/dmtr/.config/discord/0.0.108/modules/pending/discord_krisp-1.zip: 14%
9/3/2025, 8:54:32 PM GMT+3 [Modules] Streaming discord_krisp@1 to /home/dmtr/.config/discord/0.0.108/modules/pending/discord_krisp-1.zip: 15%
9/3/2025, 8:54:32 PM GMT+3 [Modules] Streaming discord_krisp@1 to /home/dmtr/.config/discord/0.0.108/modules/pending/discord_krisp-1.zip: 16%
9/3/2025, 8:54:32 PM GMT+3 [Modules] Streaming discord_krisp@1 to /home/dmtr/.config/discord/0.0.108/modules/pending/discord_krisp-1.zip: 17%
9/3/2025, 8:54:32 PM GMT+3 [Modules] Streaming discord_krisp@1 to /home/dmtr/.config/discord/0.0.108/modules/pending/discord_krisp-1.zip: 18%
9/3/2025, 8:54:32 PM GMT+3 [Modules] Streaming discord_krisp@1 to /home/dmtr/.config/discord/0.0.108/modules/pending/discord_krisp-1.zip: 19%
9/3/2025, 8:54:32 PM GMT+3 [Modules] Streaming discord_krisp@1 to /home/dmtr/.config/discord/0.0.108/modules/pending/discord_krisp-1.zip: 20%
9/3/2025, 8:54:32 PM GMT+3 [Modules] Streaming discord_krisp@1 to /home/dmtr/.config/discord/0.0.108/modules/pending/discord_krisp-1.zip: 21%
9/3/2025, 8:54:32 PM GMT+3 [Modules] Streaming discord_krisp@1 to /home/dmtr/.config/discord/0.0.108/modules/pending/discord_krisp-1.zip: 22%
9/3/2025, 8:54:32 PM GMT+3 [Modules] Streaming discord_krisp@1 to /home/dmtr/.config/discord/0.0.108/modules/pending/discord_krisp-1.zip: 23%
9/3/2025, 8:54:32 PM GMT+3 [Modules] Streaming discord_krisp@1 to /home/dmtr/.config/discord/0.0.108/modules/pending/discord_krisp-1.zip: 24%
9/3/2025, 8:54:32 PM GMT+3 [Modules] Streaming discord_krisp@1 to /home/dmtr/.config/discord/0.0.108/modules/pending/discord_krisp-1.zip: 25%
9/3/2025, 8:54:32 PM GMT+3 [Modules] Starting to install discord_rpc...
9/3/2025, 8:54:32 PM GMT+3 [Modules] Streaming discord_krisp@1 to /home/dmtr/.config/discord/0.0.108/modules/pending/discord_krisp-1.zip: 26%
9/3/2025, 8:54:33 PM GMT+3 [Modules] Streaming discord_krisp@1 to /home/dmtr/.config/discord/0.0.108/modules/pending/discord_krisp-1.zip: 27%
9/3/2025, 8:54:33 PM GMT+3 [Modules] Streaming discord_krisp@1 to /home/dmtr/.config/discord/0.0.108/modules/pending/discord_krisp-1.zip: 28%
9/3/2025, 8:54:33 PM GMT+3 [Modules] Streaming discord_krisp@1 to /home/dmtr/.config/discord/0.0.108/modules/pending/discord_krisp-1.zip: 29%
9/3/2025, 8:54:33 PM GMT+3 [Modules] Streaming discord_krisp@1 to /home/dmtr/.config/discord/0.0.108/modules/pending/discord_krisp-1.zip: 30%
9/3/2025, 8:54:33 PM GMT+3 [Modules] Streaming discord_krisp@1 to /home/dmtr/.config/discord/0.0.108/modules/pending/discord_krisp-1.zip: 31%
9/3/2025, 8:54:33 PM GMT+3 [Modules] Streaming discord_krisp@1 to /home/dmtr/.config/discord/0.0.108/modules/pending/discord_krisp-1.zip: 32%
9/3/2025, 8:54:33 PM GMT+3 [Modules] Streaming discord_krisp@1 to /home/dmtr/.config/discord/0.0.108/modules/pending/discord_krisp-1.zip: 33%
9/3/2025, 8:54:33 PM GMT+3 [Modules] Streaming discord_krisp@1 to /home/dmtr/.config/discord/0.0.108/modules/pending/discord_krisp-1.zip: 34%
9/3/2025, 8:54:33 PM GMT+3 [Modules] Streaming discord_krisp@1 to /home/dmtr/.config/discord/0.0.108/modules/pending/discord_krisp-1.zip: 35%
9/3/2025, 8:54:33 PM GMT+3 [Modules] Streaming discord_krisp@1 to /home/dmtr/.config/discord/0.0.108/modules/pending/discord_krisp-1.zip: 36%
9/3/2025, 8:54:33 PM GMT+3 [Modules] Streaming discord_krisp@1 to /home/dmtr/.config/discord/0.0.108/modules/pending/discord_krisp-1.zip: 37%
9/3/2025, 8:54:33 PM GMT+3 [Modules] Streaming discord_krisp@1 to /home/dmtr/.config/discord/0.0.108/modules/pending/discord_krisp-1.zip: 38%
9/3/2025, 8:54:33 PM GMT+3 [Modules] Streaming discord_krisp@1 to /home/dmtr/.config/discord/0.0.108/modules/pending/discord_krisp-1.zip: 39%
9/3/2025, 8:54:33 PM GMT+3 [Modules] Streaming discord_krisp@1 to /home/dmtr/.config/discord/0.0.108/modules/pending/discord_krisp-1.zip: 40%
9/3/2025, 8:54:33 PM GMT+3 [Modules] Streaming discord_krisp@1 to /home/dmtr/.config/discord/0.0.108/modules/pending/discord_krisp-1.zip: 41%
9/3/2025, 8:54:33 PM GMT+3 [Modules] Streaming discord_krisp@1 to /home/dmtr/.config/discord/0.0.108/modules/pending/discord_krisp-1.zip: 42%
9/3/2025, 8:54:33 PM GMT+3 [Modules] Streaming discord_krisp@1 to /home/dmtr/.config/discord/0.0.108/modules/pending/discord_krisp-1.zip: 43%
9/3/2025, 8:54:33 PM GMT+3 [Modules] Streaming discord_krisp@1 to /home/dmtr/.config/discord/0.0.108/modules/pending/discord_krisp-1.zip: 44%
9/3/2025, 8:54:33 PM GMT+3 [Modules] Streaming discord_krisp@1 to /home/dmtr/.config/discord/0.0.108/modules/pending/discord_krisp-1.zip: 45%
9/3/2025, 8:54:33 PM GMT+3 [Modules] Streaming discord_krisp@1 to /home/dmtr/.config/discord/0.0.108/modules/pending/discord_krisp-1.zip: 46%
9/3/2025, 8:54:33 PM GMT+3 [Modules] Streaming discord_krisp@1 to /home/dmtr/.config/discord/0.0.108/modules/pending/discord_krisp-1.zip: 47%
9/3/2025, 8:54:33 PM GMT+3 [Modules] Streaming discord_krisp@1 to /home/dmtr/.config/discord/0.0.108/modules/pending/discord_krisp-1.zip: 48%
9/3/2025, 8:54:33 PM GMT+3 [Modules] Streaming discord_krisp@1 to /home/dmtr/.config/discord/0.0.108/modules/pending/discord_krisp-1.zip: 49%
9/3/2025, 8:54:33 PM GMT+3 [Modules] Streaming discord_krisp@1 to /home/dmtr/.config/discord/0.0.108/modules/pending/discord_krisp-1.zip: 50%
9/3/2025, 8:54:33 PM GMT+3 [Modules] Streaming discord_krisp@1 to /home/dmtr/.config/discord/0.0.108/modules/pending/discord_krisp-1.zip: 51%
9/3/2025, 8:54:33 PM GMT+3 [Modules] Streaming discord_krisp@1 to /home/dmtr/.config/discord/0.0.108/modules/pending/discord_krisp-1.zip: 52%
9/3/2025, 8:54:33 PM GMT+3 [Modules] Streaming discord_krisp@1 to /home/dmtr/.config/discord/0.0.108/modules/pending/discord_krisp-1.zip: 53%
9/3/2025, 8:54:33 PM GMT+3 [Modules] Streaming discord_krisp@1 to /home/dmtr/.config/discord/0.0.108/modules/pending/discord_krisp-1.zip: 54%
9/3/2025, 8:54:33 PM GMT+3 [Modules] Streaming discord_krisp@1 to /home/dmtr/.config/discord/0.0.108/modules/pending/discord_krisp-1.zip: 55%
9/3/2025, 8:54:33 PM GMT+3 [Modules] Streaming discord_krisp@1 to /home/dmtr/.config/discord/0.0.108/modules/pending/discord_krisp-1.zip: 56%
9/3/2025, 8:54:33 PM GMT+3 [Modules] Streaming discord_krisp@1 to /home/dmtr/.config/discord/0.0.108/modules/pending/discord_krisp-1.zip: 57%
9/3/2025, 8:54:33 PM GMT+3 [Modules] Streaming discord_krisp@1 to /home/dmtr/.config/discord/0.0.108/modules/pending/discord_krisp-1.zip: 58%
9/3/2025, 8:54:33 PM GMT+3 [Modules] Streaming discord_krisp@1 to /home/dmtr/.config/discord/0.0.108/modules/pending/discord_krisp-1.zip: 59%
9/3/2025, 8:54:33 PM GMT+3 [Modules] Streaming discord_krisp@1 to /home/dmtr/.config/discord/0.0.108/modules/pending/discord_krisp-1.zip: 60%
9/3/2025, 8:54:33 PM GMT+3 [Modules] Streaming discord_krisp@1 to /home/dmtr/.config/discord/0.0.108/modules/pending/discord_krisp-1.zip: 61%
9/3/2025, 8:54:33 PM GMT+3 [Modules] Streaming discord_krisp@1 to /home/dmtr/.config/discord/0.0.108/modules/pending/discord_krisp-1.zip: 62%
9/3/2025, 8:54:33 PM GMT+3 [Modules] Streaming discord_krisp@1 to /home/dmtr/.config/discord/0.0.108/modules/pending/discord_krisp-1.zip: 63%
9/3/2025, 8:54:33 PM GMT+3 [Modules] Streaming discord_krisp@1 to /home/dmtr/.config/discord/0.0.108/modules/pending/discord_krisp-1.zip: 64%
9/3/2025, 8:54:33 PM GMT+3 [Modules] Streaming discord_krisp@1 to /home/dmtr/.config/discord/0.0.108/modules/pending/discord_krisp-1.zip: 65%
9/3/2025, 8:54:33 PM GMT+3 [Modules] Streaming discord_krisp@1 to /home/dmtr/.config/discord/0.0.108/modules/pending/discord_krisp-1.zip: 66%
9/3/2025, 8:54:33 PM GMT+3 [Modules] Streaming discord_krisp@1 to /home/dmtr/.config/discord/0.0.108/modules/pending/discord_krisp-1.zip: 67%
9/3/2025, 8:54:33 PM GMT+3 [Modules] Streaming discord_krisp@1 to /home/dmtr/.config/discord/0.0.108/modules/pending/discord_krisp-1.zip: 68%
9/3/2025, 8:54:33 PM GMT+3 [Modules] Streaming discord_krisp@1 to /home/dmtr/.config/discord/0.0.108/modules/pending/discord_krisp-1.zip: 69%
9/3/2025, 8:54:33 PM GMT+3 [Modules] Streaming discord_krisp@1 to /home/dmtr/.config/discord/0.0.108/modules/pending/discord_krisp-1.zip: 70%
9/3/2025, 8:54:33 PM GMT+3 [Modules] Streaming discord_krisp@1 to /home/dmtr/.config/discord/0.0.108/modules/pending/discord_krisp-1.zip: 71%
9/3/2025, 8:54:33 PM GMT+3 [Modules] Streaming discord_krisp@1 to /home/dmtr/.config/discord/0.0.108/modules/pending/discord_krisp-1.zip: 72%
9/3/2025, 8:54:33 PM GMT+3 [Modules] Streaming discord_krisp@1 to /home/dmtr/.config/discord/0.0.108/modules/pending/discord_krisp-1.zip: 73%
9/3/2025, 8:54:33 PM GMT+3 [Modules] Streaming discord_krisp@1 to /home/dmtr/.config/discord/0.0.108/modules/pending/discord_krisp-1.zip: 74%
9/3/2025, 8:54:33 PM GMT+3 [Modules] Streaming discord_krisp@1 to /home/dmtr/.config/discord/0.0.108/modules/pending/discord_krisp-1.zip: 75%
9/3/2025, 8:54:33 PM GMT+3 [Modules] Streaming discord_krisp@1 to /home/dmtr/.config/discord/0.0.108/modules/pending/discord_krisp-1.zip: 76%
9/3/2025, 8:54:33 PM GMT+3 [Modules] Streaming discord_krisp@1 to /home/dmtr/.config/discord/0.0.108/modules/pending/discord_krisp-1.zip: 77%
9/3/2025, 8:54:33 PM GMT+3 [Modules] Streaming discord_krisp@1 to /home/dmtr/.config/discord/0.0.108/modules/pending/discord_krisp-1.zip: 78%
9/3/2025, 8:54:33 PM GMT+3 [Modules] Streaming discord_krisp@1 to /home/dmtr/.config/discord/0.0.108/modules/pending/discord_krisp-1.zip: 79%
9/3/2025, 8:54:33 PM GMT+3 [Modules] Streaming discord_krisp@1 to /home/dmtr/.config/discord/0.0.108/modules/pending/discord_krisp-1.zip: 80%
9/3/2025, 8:54:33 PM GMT+3 [Modules] Streaming discord_krisp@1 to /home/dmtr/.config/discord/0.0.108/modules/pending/discord_krisp-1.zip: 81%
9/3/2025, 8:54:33 PM GMT+3 [Modules] Streaming discord_krisp@1 to /home/dmtr/.config/discord/0.0.108/modules/pending/discord_krisp-1.zip: 82%
9/3/2025, 8:54:33 PM GMT+3 [Modules] Streaming discord_krisp@1 to /home/dmtr/.config/discord/0.0.108/modules/pending/discord_krisp-1.zip: 83%
9/3/2025, 8:54:33 PM GMT+3 [Modules] Streaming discord_krisp@1 to /home/dmtr/.config/discord/0.0.108/modules/pending/discord_krisp-1.zip: 84%
9/3/2025, 8:54:33 PM GMT+3 [Modules] Streaming discord_krisp@1 to /home/dmtr/.config/discord/0.0.108/modules/pending/discord_krisp-1.zip: 85%
9/3/2025, 8:54:33 PM GMT+3 [Modules] Streaming discord_krisp@1 to /home/dmtr/.config/discord/0.0.108/modules/pending/discord_krisp-1.zip: 86%
9/3/2025, 8:54:33 PM GMT+3 [Modules] Streaming discord_krisp@1 to /home/dmtr/.config/discord/0.0.108/modules/pending/discord_krisp-1.zip: 87%
9/3/2025, 8:54:33 PM GMT+3 [Modules] Streaming discord_krisp@1 to /home/dmtr/.config/discord/0.0.108/modules/pending/discord_krisp-1.zip: 88%
9/3/2025, 8:54:33 PM GMT+3 [Modules] Streaming discord_krisp@1 to /home/dmtr/.config/discord/0.0.108/modules/pending/discord_krisp-1.zip: 89%
9/3/2025, 8:54:34 PM GMT+3 [Modules] Streaming discord_krisp@1 to /home/dmtr/.config/discord/0.0.108/modules/pending/discord_krisp-1.zip: 90%
9/3/2025, 8:54:34 PM GMT+3 [Modules] Streaming discord_krisp@1 to /home/dmtr/.config/discord/0.0.108/modules/pending/discord_krisp-1.zip: 91%
9/3/2025, 8:54:34 PM GMT+3 [Modules] Streaming discord_krisp@1 to /home/dmtr/.config/discord/0.0.108/modules/pending/discord_krisp-1.zip: 92%
9/3/2025, 8:54:34 PM GMT+3 [Modules] Streaming discord_krisp@1 to /home/dmtr/.config/discord/0.0.108/modules/pending/discord_krisp-1.zip: 93%
9/3/2025, 8:54:34 PM GMT+3 [Modules] Streaming discord_krisp@1 to /home/dmtr/.config/discord/0.0.108/modules/pending/discord_krisp-1.zip: 94%
9/3/2025, 8:54:34 PM GMT+3 [Modules] Streaming discord_krisp@1 to /home/dmtr/.config/discord/0.0.108/modules/pending/discord_krisp-1.zip: 95%
9/3/2025, 8:54:34 PM GMT+3 [Modules] Streaming discord_krisp@1 to /home/dmtr/.config/discord/0.0.108/modules/pending/discord_krisp-1.zip: 96%
9/3/2025, 8:54:34 PM GMT+3 [Modules] Streaming discord_krisp@1 to /home/dmtr/.config/discord/0.0.108/modules/pending/discord_krisp-1.zip: 97%
9/3/2025, 8:54:34 PM GMT+3 [Modules] Streaming discord_krisp@1 to /home/dmtr/.config/discord/0.0.108/modules/pending/discord_krisp-1.zip: 98%
9/3/2025, 8:54:34 PM GMT+3 [Modules] Streaming discord_krisp@1 to /home/dmtr/.config/discord/0.0.108/modules/pending/discord_krisp-1.zip: 99%
9/3/2025, 8:54:34 PM GMT+3 [Modules] Streaming discord_krisp@1 to /home/dmtr/.config/discord/0.0.108/modules/pending/discord_krisp-1.zip: 100%
9/3/2025, 8:54:34 PM GMT+3 [Modules] Fetching discord_game_utils@1 from https://discord.com/api/modules/stable/discord_game_utils/1
9/3/2025, 8:54:34 PM GMT+3 [Modules] Streaming discord_game_utils@1 to /home/dmtr/.config/discord/0.0.108/modules/pending/discord_game_utils-1.zip
9/3/2025, 8:54:34 PM GMT+3 [Modules] Installing discord_krisp@1 from /home/dmtr/.config/discord/0.0.108/modules/pending/discord_krisp-1.zip
9/3/2025, 8:54:34 PM GMT+3 [Modules] Streaming discord_game_utils@1 to /home/dmtr/.config/discord/0.0.108/modules/pending/discord_game_utils-1.zip: 1%
9/3/2025, 8:54:34 PM GMT+3 [Modules] Streaming discord_game_utils@1 to /home/dmtr/.config/discord/0.0.108/modules/pending/discord_game_utils-1.zip: 2%
9/3/2025, 8:54:34 PM GMT+3 [Modules] Streaming discord_game_utils@1 to /home/dmtr/.config/discord/0.0.108/modules/pending/discord_game_utils-1.zip: 3%
9/3/2025, 8:54:34 PM GMT+3 [Modules] Streaming discord_game_utils@1 to /home/dmtr/.config/discord/0.0.108/modules/pending/discord_game_utils-1.zip: 4%
9/3/2025, 8:54:34 PM GMT+3 [Modules] Streaming discord_game_utils@1 to /home/dmtr/.config/discord/0.0.108/modules/pending/discord_game_utils-1.zip: 5%
9/3/2025, 8:54:34 PM GMT+3 [Modules] Streaming discord_game_utils@1 to /home/dmtr/.config/discord/0.0.108/modules/pending/discord_game_utils-1.zip: 6%
9/3/2025, 8:54:34 PM GMT+3 [Modules] Streaming discord_game_utils@1 to /home/dmtr/.config/discord/0.0.108/modules/pending/discord_game_utils-1.zip: 7%
9/3/2025, 8:54:34 PM GMT+3 [Modules] Streaming discord_game_utils@1 to /home/dmtr/.config/discord/0.0.108/modules/pending/discord_game_utils-1.zip: 9%
9/3/2025, 8:54:34 PM GMT+3 [Modules] Streaming discord_game_utils@1 to /home/dmtr/.config/discord/0.0.108/modules/pending/discord_game_utils-1.zip: 11%
9/3/2025, 8:54:34 PM GMT+3 [Modules] Streaming discord_game_utils@1 to /home/dmtr/.config/discord/0.0.108/modules/pending/discord_game_utils-1.zip: 15%
9/3/2025, 8:54:34 PM GMT+3 [Modules] Streaming discord_game_utils@1 to /home/dmtr/.config/discord/0.0.108/modules/pending/discord_game_utils-1.zip: 16%
9/3/2025, 8:54:34 PM GMT+3 [Modules] Streaming discord_game_utils@1 to /home/dmtr/.config/discord/0.0.108/modules/pending/discord_game_utils-1.zip: 18%
9/3/2025, 8:54:34 PM GMT+3 [Modules] Streaming discord_game_utils@1 to /home/dmtr/.config/discord/0.0.108/modules/pending/discord_game_utils-1.zip: 20%
9/3/2025, 8:54:34 PM GMT+3 [Modules] Streaming discord_game_utils@1 to /home/dmtr/.config/discord/0.0.108/modules/pending/discord_game_utils-1.zip: 22%
9/3/2025, 8:54:34 PM GMT+3 [Modules] Streaming discord_game_utils@1 to /home/dmtr/.config/discord/0.0.108/modules/pending/discord_game_utils-1.zip: 26%
9/3/2025, 8:54:34 PM GMT+3 [Modules] Streaming discord_game_utils@1 to /home/dmtr/.config/discord/0.0.108/modules/pending/discord_game_utils-1.zip: 30%
9/3/2025, 8:54:34 PM GMT+3 [Modules] Streaming discord_game_utils@1 to /home/dmtr/.config/discord/0.0.108/modules/pending/discord_game_utils-1.zip: 32%
9/3/2025, 8:54:34 PM GMT+3 [Modules] Streaming discord_game_utils@1 to /home/dmtr/.config/discord/0.0.108/modules/pending/discord_game_utils-1.zip: 34%
9/3/2025, 8:54:34 PM GMT+3 [Modules] Streaming discord_game_utils@1 to /home/dmtr/.config/discord/0.0.108/modules/pending/discord_game_utils-1.zip: 37%
9/3/2025, 8:54:34 PM GMT+3 [Modules] Streaming discord_game_utils@1 to /home/dmtr/.config/discord/0.0.108/modules/pending/discord_game_utils-1.zip: 39%
9/3/2025, 8:54:34 PM GMT+3 [Modules] Streaming discord_game_utils@1 to /home/dmtr/.config/discord/0.0.108/modules/pending/discord_game_utils-1.zip: 41%
9/3/2025, 8:54:34 PM GMT+3 [Modules] Streaming discord_game_utils@1 to /home/dmtr/.config/discord/0.0.108/modules/pending/discord_game_utils-1.zip: 45%
9/3/2025, 8:54:34 PM GMT+3 [Modules] Streaming discord_game_utils@1 to /home/dmtr/.config/discord/0.0.108/modules/pending/discord_game_utils-1.zip: 47%
9/3/2025, 8:54:34 PM GMT+3 [Modules] Streaming discord_game_utils@1 to /home/dmtr/.config/discord/0.0.108/modules/pending/discord_game_utils-1.zip: 49%
9/3/2025, 8:54:34 PM GMT+3 [Modules] Streaming discord_game_utils@1 to /home/dmtr/.config/discord/0.0.108/modules/pending/discord_game_utils-1.zip: 51%
9/3/2025, 8:54:34 PM GMT+3 [Modules] Streaming discord_game_utils@1 to /home/dmtr/.config/discord/0.0.108/modules/pending/discord_game_utils-1.zip: 53%
9/3/2025, 8:54:34 PM GMT+3 [Modules] Streaming discord_game_utils@1 to /home/dmtr/.config/discord/0.0.108/modules/pending/discord_game_utils-1.zip: 57%
9/3/2025, 8:54:34 PM GMT+3 [Modules] Streaming discord_game_utils@1 to /home/dmtr/.config/discord/0.0.108/modules/pending/discord_game_utils-1.zip: 61%
9/3/2025, 8:54:34 PM GMT+3 [Modules] Streaming discord_game_utils@1 to /home/dmtr/.config/discord/0.0.108/modules/pending/discord_game_utils-1.zip: 63%
9/3/2025, 8:54:34 PM GMT+3 [Modules] Streaming discord_game_utils@1 to /home/dmtr/.config/discord/0.0.108/modules/pending/discord_game_utils-1.zip: 75%
9/3/2025, 8:54:34 PM GMT+3 [Modules] Streaming discord_game_utils@1 to /home/dmtr/.config/discord/0.0.108/modules/pending/discord_game_utils-1.zip: 78%
9/3/2025, 8:54:34 PM GMT+3 [Modules] Streaming discord_game_utils@1 to /home/dmtr/.config/discord/0.0.108/modules/pending/discord_game_utils-1.zip: 82%
9/3/2025, 8:54:34 PM GMT+3 [Modules] Streaming discord_game_utils@1 to /home/dmtr/.config/discord/0.0.108/modules/pending/discord_game_utils-1.zip: 83%
9/3/2025, 8:54:34 PM GMT+3 [Modules] Streaming discord_game_utils@1 to /home/dmtr/.config/discord/0.0.108/modules/pending/discord_game_utils-1.zip: 84%
9/3/2025, 8:54:34 PM GMT+3 [Modules] Streaming discord_game_utils@1 to /home/dmtr/.config/discord/0.0.108/modules/pending/discord_game_utils-1.zip: 85%
9/3/2025, 8:54:34 PM GMT+3 [Modules] Streaming discord_game_utils@1 to /home/dmtr/.config/discord/0.0.108/modules/pending/discord_game_utils-1.zip: 86%
9/3/2025, 8:54:34 PM GMT+3 [Modules] Streaming discord_game_utils@1 to /home/dmtr/.config/discord/0.0.108/modules/pending/discord_game_utils-1.zip: 88%
9/3/2025, 8:54:34 PM GMT+3 [Modules] Streaming discord_game_utils@1 to /home/dmtr/.config/discord/0.0.108/modules/pending/discord_game_utils-1.zip: 89%
9/3/2025, 8:54:34 PM GMT+3 [Modules] Streaming discord_game_utils@1 to /home/dmtr/.config/discord/0.0.108/modules/pending/discord_game_utils-1.zip: 91%
9/3/2025, 8:54:34 PM GMT+3 [Modules] Streaming discord_game_utils@1 to /home/dmtr/.config/discord/0.0.108/modules/pending/discord_game_utils-1.zip: 92%
9/3/2025, 8:54:34 PM GMT+3 [Modules] Streaming discord_game_utils@1 to /home/dmtr/.config/discord/0.0.108/modules/pending/discord_game_utils-1.zip: 93%
9/3/2025, 8:54:34 PM GMT+3 [Modules] Streaming discord_game_utils@1 to /home/dmtr/.config/discord/0.0.108/modules/pending/discord_game_utils-1.zip: 100%
9/3/2025, 8:54:34 PM GMT+3 [Modules] Fetching discord_rpc@1 from https://discord.com/api/modules/stable/discord_rpc/1
9/3/2025, 8:54:34 PM GMT+3 [Modules] Streaming discord_rpc@1 to /home/dmtr/.config/discord/0.0.108/modules/pending/discord_rpc-1.zip
9/3/2025, 8:54:34 PM GMT+3 [Modules] Streaming discord_rpc@1 to /home/dmtr/.config/discord/0.0.108/modules/pending/discord_rpc-1.zip: 2%
9/3/2025, 8:54:34 PM GMT+3 [Modules] Streaming discord_rpc@1 to /home/dmtr/.config/discord/0.0.108/modules/pending/discord_rpc-1.zip: 100%
9/3/2025, 8:54:34 PM GMT+3 [Modules] Finished module downloads. [success: 3] [failure: 0]
9/3/2025, 8:54:35 PM GMT+3 [Modules] Installing discord_game_utils@1 from /home/dmtr/.config/discord/0.0.108/modules/pending/discord_game_utils-1.zip
9/3/2025, 8:54:35 PM GMT+3 [Modules] Installing discord_rpc@1 from /home/dmtr/.config/discord/0.0.108/modules/pending/discord_rpc-1.zip
9/3/2025, 8:54:35 PM GMT+3 [Modules] Finished module installations. [success: 3] [failure: 0]
9/3/2025, 8:54:38 PM GMT+3 [Modules] Checking for host updates.
9/3/2025, 8:54:39 PM GMT+3 [Modules] Host is up to date.
9/3/2025, 8:54:39 PM GMT+3 [Modules] Checking for module updates at https://discord.com/api/modules/stable/versions.json
9/3/2025, 8:54:39 PM GMT+3 [Modules] No module updates available.
9/3/2025, 9:54:38 PM GMT+3 [Modules] Checking for host updates.
9/3/2025, 9:54:39 PM GMT+3 [Modules] Host is up to date.
9/3/2025, 9:54:39 PM GMT+3 [Modules] Checking for module updates at https://discord.com/api/modules/stable/versions.json
9/3/2025, 9:54:39 PM GMT+3 [Modules] No module updates available.
9/3/2025, 10:54:38 PM GMT+3 [Modules] Checking for host updates.
9/3/2025, 10:54:39 PM GMT+3 [Modules] Host is up to date.
9/3/2025, 10:54:39 PM GMT+3 [Modules] Checking for module updates at https://discord.com/api/modules/stable/versions.json
9/3/2025, 10:54:39 PM GMT+3 [Modules] No module updates available.
9/4/2025, 7:47:53 PM GMT+3 [Modules] Modules initializing
9/4/2025, 7:47:53 PM GMT+3 [Modules] Distribution: remote
9/4/2025, 7:47:53 PM GMT+3 [Modules] Host updates: enabled
9/4/2025, 7:47:53 PM GMT+3 [Modules] Module updates: enabled
9/4/2025, 7:47:53 PM GMT+3 [Modules] Module install path: /home/dmtr/.config/discord/0.0.108/modules
9/4/2025, 7:47:53 PM GMT+3 [Modules] Module installed file path: /home/dmtr/.config/discord/0.0.108/modules/installed.json
9/4/2025, 7:47:53 PM GMT+3 [Modules] Module download path: /home/dmtr/.config/discord/0.0.108/modules/pending
9/4/2025, 7:47:54 PM GMT+3 [Modules] No updates to install
9/4/2025, 7:47:54 PM GMT+3 [Modules] Checking for host updates.
9/4/2025, 7:47:54 PM GMT+3 [Modules] Host is up to date.
9/4/2025, 7:47:54 PM GMT+3 [Modules] Checking for module updates at https://discord.com/api/modules/stable/versions.json
9/4/2025, 7:47:54 PM GMT+3 [Modules] No module updates available.
9/4/2025, 7:48:04 PM GMT+3 [Modules] Checking for host updates.
9/4/2025, 7:48:05 PM GMT+3 [Modules] Host is up to date.
9/4/2025, 7:48:05 PM GMT+3 [Modules] Checking for module updates at https://discord.com/api/modules/stable/versions.json
9/4/2025, 7:48:05 PM GMT+3 [Modules] No module updates available.
9/4/2025, 8:48:06 PM GMT+3 [Modules] Checking for host updates.
9/4/2025, 8:48:07 PM GMT+3 [Modules] Host is up to date.
9/4/2025, 8:48:07 PM GMT+3 [Modules] Checking for module updates at https://discord.com/api/modules/stable/versions.json
9/4/2025, 8:48:07 PM GMT+3 [Modules] No module updates available.
9/4/2025, 9:48:06 PM GMT+3 [Modules] Checking for host updates.
9/4/2025, 9:48:07 PM GMT+3 [Modules] Host is up to date.
9/4/2025, 9:48:07 PM GMT+3 [Modules] Checking for module updates at https://discord.com/api/modules/stable/versions.json
9/4/2025, 9:48:07 PM GMT+3 [Modules] No module updates available.
9/4/2025, 10:48:06 PM GMT+3 [Modules] Checking for host updates.
9/4/2025, 10:48:07 PM GMT+3 [Modules] Host is up to date.
9/4/2025, 10:48:07 PM GMT+3 [Modules] Checking for module updates at https://discord.com/api/modules/stable/versions.json
9/4/2025, 10:48:07 PM GMT+3 [Modules] No module updates available.
9/6/2025, 4:10:14 PM GMT+3 [Modules] Modules initializing
9/6/2025, 4:10:14 PM GMT+3 [Modules] Distribution: remote
9/6/2025, 4:10:14 PM GMT+3 [Modules] Host updates: enabled
9/6/2025, 4:10:14 PM GMT+3 [Modules] Module updates: enabled
9/6/2025, 4:10:14 PM GMT+3 [Modules] Module install path: /home/dmtr/.config/discord/0.0.108/modules
9/6/2025, 4:10:14 PM GMT+3 [Modules] Module installed file path: /home/dmtr/.config/discord/0.0.108/modules/installed.json
9/6/2025, 4:10:14 PM GMT+3 [Modules] Module download path: /home/dmtr/.config/discord/0.0.108/modules/pending
9/6/2025, 4:10:15 PM GMT+3 [Modules] No updates to install
9/6/2025, 4:10:15 PM GMT+3 [Modules] Checking for host updates.
9/6/2025, 4:10:15 PM GMT+3 [Modules] Host is up to date.
9/6/2025, 4:10:15 PM GMT+3 [Modules] Checking for module updates at https://discord.com/api/modules/stable/versions.json
9/6/2025, 4:10:15 PM GMT+3 [Modules] No module updates available.
9/6/2025, 4:10:25 PM GMT+3 [Modules] Checking for host updates.
9/6/2025, 4:10:25 PM GMT+3 [Modules] Host is up to date.
9/6/2025, 4:10:25 PM GMT+3 [Modules] Checking for module updates at https://discord.com/api/modules/stable/versions.json
9/6/2025, 4:10:25 PM GMT+3 [Modules] No module updates available.
9/6/2025, 5:10:25 PM GMT+3 [Modules] Checking for host updates.
9/6/2025, 5:10:26 PM GMT+3 [Modules] Host is up to date.
9/6/2025, 5:10:26 PM GMT+3 [Modules] Checking for module updates at https://discord.com/api/modules/stable/versions.json
9/6/2025, 5:10:26 PM GMT+3 [Modules] No module updates available.
9/6/2025, 6:10:25 PM GMT+3 [Modules] Checking for host updates.
9/6/2025, 6:10:25 PM GMT+3 [Modules] Host is up to date.
9/6/2025, 6:10:25 PM GMT+3 [Modules] Checking for module updates at https://discord.com/api/modules/stable/versions.json
9/6/2025, 6:10:25 PM GMT+3 [Modules] No module updates available.
9/6/2025, 7:10:25 PM GMT+3 [Modules] Checking for host updates.
9/6/2025, 7:10:25 PM GMT+3 [Modules] Host is up to date.
9/6/2025, 7:10:25 PM GMT+3 [Modules] Checking for module updates at https://discord.com/api/modules/stable/versions.json
9/6/2025, 7:10:25 PM GMT+3 [Modules] No module updates available.
9/6/2025, 8:10:25 PM GMT+3 [Modules] Checking for host updates.
9/6/2025, 8:10:26 PM GMT+3 [Modules] Host is up to date.
9/6/2025, 8:10:26 PM GMT+3 [Modules] Checking for module updates at https://discord.com/api/modules/stable/versions.json
9/6/2025, 8:10:26 PM GMT+3 [Modules] No module updates available.
9/6/2025, 9:10:25 PM GMT+3 [Modules] Checking for host updates.
9/6/2025, 9:10:25 PM GMT+3 [Modules] Host is up to date.
9/6/2025, 9:10:25 PM GMT+3 [Modules] Checking for module updates at https://discord.com/api/modules/stable/versions.json
9/6/2025, 9:10:25 PM GMT+3 [Modules] No module updates available.
9/6/2025, 10:10:25 PM GMT+3 [Modules] Checking for host updates.
9/6/2025, 10:10:25 PM GMT+3 [Modules] Host is up to date.
9/6/2025, 10:10:25 PM GMT+3 [Modules] Checking for module updates at https://discord.com/api/modules/stable/versions.json
9/6/2025, 10:10:25 PM GMT+3 [Modules] No module updates available.
9/6/2025, 11:10:25 PM GMT+3 [Modules] Checking for host updates.
9/6/2025, 11:10:25 PM GMT+3 [Modules] Host is up to date.
9/6/2025, 11:10:25 PM GMT+3 [Modules] Checking for module updates at https://discord.com/api/modules/stable/versions.json
9/6/2025, 11:10:25 PM GMT+3 [Modules] No module updates available.
9/7/2025, 5:09:58 PM GMT+3 [Modules] Modules initializing
9/7/2025, 5:09:58 PM GMT+3 [Modules] Distribution: remote
9/7/2025, 5:09:58 PM GMT+3 [Modules] Host updates: enabled
9/7/2025, 5:09:58 PM GMT+3 [Modules] Module updates: enabled
9/7/2025, 5:09:58 PM GMT+3 [Modules] Module install path: /home/dmtr/.config/discord/0.0.108/modules
9/7/2025, 5:09:58 PM GMT+3 [Modules] Module installed file path: /home/dmtr/.config/discord/0.0.108/modules/installed.json
9/7/2025, 5:09:58 PM GMT+3 [Modules] Module download path: /home/dmtr/.config/discord/0.0.108/modules/pending
9/7/2025, 5:09:58 PM GMT+3 [Modules] No updates to install
9/7/2025, 5:09:58 PM GMT+3 [Modules] Checking for host updates.
9/7/2025, 5:09:58 PM GMT+3 [Modules] Host is up to date.
9/7/2025, 5:09:58 PM GMT+3 [Modules] Checking for module updates at https://discord.com/api/modules/stable/versions.json
9/7/2025, 5:09:58 PM GMT+3 [Modules] No module updates available.
9/7/2025, 5:10:08 PM GMT+3 [Modules] Checking for host updates.
9/7/2025, 5:10:08 PM GMT+3 [Modules] Host is up to date.
9/7/2025, 5:10:08 PM GMT+3 [Modules] Checking for module updates at https://discord.com/api/modules/stable/versions.json
9/7/2025, 5:10:08 PM GMT+3 [Modules] No module updates available.
9/7/2025, 6:10:08 PM GMT+3 [Modules] Checking for host updates.
9/7/2025, 6:10:08 PM GMT+3 [Modules] Host is up to date.
9/7/2025, 6:10:08 PM GMT+3 [Modules] Checking for module updates at https://discord.com/api/modules/stable/versions.json
9/7/2025, 6:10:08 PM GMT+3 [Modules] No module updates available.
9/7/2025, 7:10:13 PM GMT+3 [Modules] Checking for host updates.
9/7/2025, 7:10:13 PM GMT+3 [Modules] Host is up to date.
9/7/2025, 7:10:13 PM GMT+3 [Modules] Checking for module updates at https://discord.com/api/modules/stable/versions.json
9/7/2025, 7:10:13 PM GMT+3 [Modules] No module updates available.
9/7/2025, 7:33:52 PM GMT+3 [Modules] Checking for host updates.
9/7/2025, 7:33:52 PM GMT+3 [Modules] Host is up to date.
9/7/2025, 7:33:52 PM GMT+3 [Modules] Checking for module updates at https://discord.com/api/modules/stable/versions.json
9/7/2025, 7:33:52 PM GMT+3 [Modules] No module updates available.
9/7/2025, 7:48:54 PM GMT+3 [Modules] Modules initializing
9/7/2025, 7:48:54 PM GMT+3 [Modules] Distribution: remote
9/7/2025, 7:48:54 PM GMT+3 [Modules] Host updates: enabled
9/7/2025, 7:48:54 PM GMT+3 [Modules] Module updates: enabled
9/7/2025, 7:48:54 PM GMT+3 [Modules] Module install path: /home/dmtr/.config/discord/0.0.108/modules
9/7/2025, 7:48:54 PM GMT+3 [Modules] Module installed file path: /home/dmtr/.config/discord/0.0.108/modules/installed.json
9/7/2025, 7:48:54 PM GMT+3 [Modules] Module download path: /home/dmtr/.config/discord/0.0.108/modules/pending
9/7/2025, 7:48:54 PM GMT+3 [Modules] No updates to install
9/7/2025, 7:48:54 PM GMT+3 [Modules] Checking for host updates.
9/7/2025, 7:48:55 PM GMT+3 [Modules] Host is up to date.
9/7/2025, 7:48:55 PM GMT+3 [Modules] Checking for module updates at https://discord.com/api/modules/stable/versions.json
9/7/2025, 7:48:55 PM GMT+3 [Modules] No module updates available.
9/7/2025, 7:49:05 PM GMT+3 [Modules] Checking for host updates.
9/7/2025, 7:49:05 PM GMT+3 [Modules] Host is up to date.
9/7/2025, 7:49:05 PM GMT+3 [Modules] Checking for module updates at https://discord.com/api/modules/stable/versions.json
9/7/2025, 7:49:05 PM GMT+3 [Modules] No module updates available.
9/7/2025, 8:49:07 PM GMT+3 [Modules] Checking for host updates.
9/7/2025, 8:49:07 PM GMT+3 [Modules] Host is up to date.
9/7/2025, 8:49:07 PM GMT+3 [Modules] Checking for module updates at https://discord.com/api/modules/stable/versions.json
9/7/2025, 8:49:07 PM GMT+3 [Modules] No module updates available.
9/7/2025, 9:49:07 PM GMT+3 [Modules] Checking for host updates.
9/7/2025, 9:49:07 PM GMT+3 [Modules] Host is up to date.
9/7/2025, 9:49:07 PM GMT+3 [Modules] Checking for module updates at https://discord.com/api/modules/stable/versions.json
9/7/2025, 9:49:07 PM GMT+3 [Modules] No module updates available.
9/7/2025, 10:49:07 PM GMT+3 [Modules] Checking for host updates.
9/7/2025, 10:49:07 PM GMT+3 [Modules] Host is up to date.
9/7/2025, 10:49:07 PM GMT+3 [Modules] Checking for module updates at https://discord.com/api/modules/stable/versions.json
9/7/2025, 10:49:07 PM GMT+3 [Modules] No module updates available.
9/8/2025, 6:52:36 PM GMT+3 [Modules] Modules initializing
9/8/2025, 6:52:36 PM GMT+3 [Modules] Distribution: remote
9/8/2025, 6:52:36 PM GMT+3 [Modules] Host updates: enabled
9/8/2025, 6:52:36 PM GMT+3 [Modules] Module updates: enabled
9/8/2025, 6:52:36 PM GMT+3 [Modules] Module install path: /home/dmtr/.config/discord/0.0.108/modules
9/8/2025, 6:52:36 PM GMT+3 [Modules] Module installed file path: /home/dmtr/.config/discord/0.0.108/modules/installed.json
9/8/2025, 6:52:36 PM GMT+3 [Modules] Module download path: /home/dmtr/.config/discord/0.0.108/modules/pending
9/8/2025, 6:52:37 PM GMT+3 [Modules] No updates to install
9/8/2025, 6:52:37 PM GMT+3 [Modules] Checking for host updates.
9/8/2025, 6:52:37 PM GMT+3 [Modules] Host is up to date.
9/8/2025, 6:52:37 PM GMT+3 [Modules] Checking for module updates at https://discord.com/api/modules/stable/versions.json
9/8/2025, 6:52:37 PM GMT+3 [Modules] No module updates available.
9/8/2025, 6:52:45 PM GMT+3 [Modules] Checking for host updates.
9/8/2025, 6:52:46 PM GMT+3 [Modules] Host is up to date.
9/8/2025, 6:52:46 PM GMT+3 [Modules] Checking for module updates at https://discord.com/api/modules/stable/versions.json
9/8/2025, 6:52:46 PM GMT+3 [Modules] No module updates available.
9/8/2025, 7:52:45 PM GMT+3 [Modules] Checking for host updates.
9/8/2025, 7:52:46 PM GMT+3 [Modules] Host is up to date.
9/8/2025, 7:52:46 PM GMT+3 [Modules] Checking for module updates at https://discord.com/api/modules/stable/versions.json
9/8/2025, 7:52:46 PM GMT+3 [Modules] No module updates available.
9/8/2025, 8:52:45 PM GMT+3 [Modules] Checking for host updates.
9/8/2025, 8:52:46 PM GMT+3 [Modules] Host is up to date.
9/8/2025, 8:52:46 PM GMT+3 [Modules] Checking for module updates at https://discord.com/api/modules/stable/versions.json
9/8/2025, 8:52:46 PM GMT+3 [Modules] No module updates available.
9/8/2025, 9:52:45 PM GMT+3 [Modules] Checking for host updates.
9/8/2025, 9:52:46 PM GMT+3 [Modules] Host is up to date.
9/8/2025, 9:52:46 PM GMT+3 [Modules] Checking for module updates at https://discord.com/api/modules/stable/versions.json
9/8/2025, 9:52:46 PM GMT+3 [Modules] No module updates available.
